numerical__age,numerical__tenure_months,numerical__monthly_charges,numerical__customer_service_calls,categorical__contract_type_Month-to-month,categorical__contract_type_One year,categorical__contract_type_Two year,categorical__internet_service_DSL,categorical__internet_service_Fiber optic,categorical__internet_service_No,categorical__tech_support_No,categorical__tech_support_Yes,categorical__online_security_No,categorical__online_security_Yes,categorical__payment_method_Bank transfer,categorical__payment_method_Credit card,categorical__payment_method_Electronic check
-1.3873917300268428,-1.721782635935081,-1.1655483194342144,-0.6930487845135059,1.0,0.0,0.0,1.0,0.0,0.0,1.0,0.0,1.0,0.0,0.0,1.0,0.0
1.4907366176745387,1.3238020638553265,-0.650161282280593,0.010018711822792317,0.0,1.0,0.0,0.0,1.0,0.0,1.0,0.0,1.0,0.0,1.0,0.0,0.0
-0.5841931213659922,-0.9966434216992697,-0.7191648399275231,0.010018711822792317,1.0,0.0,0.0,0.0,1.0,0.0,1.0,0.0,0.0,1.0,0.0,0.0,1.0
-0.24952703442397103,1.3721446781377138,1.586035405649572,-0.6930487845135059,1.0,0.0,0.0,0.0,0.0,1.0,1.0,0.0,1.0,0.0,0.0,0.0,1.0
-1.722057816968864,1.3238020638553265,-0.19441685503110118,-0.6930487845135059,1.0,0.0,0.0,1.0,0.0,0.0,0.0,1.0,1.0,0.0,1.0,0.0,0.0
0.4867383568484754,-1.2383564931112068,-0.9777944532786139,-0.6930487845135059,0.0,0.0,1.0,1.0,0.0,0.0,1.0,0.0,0.0,1.0,1.0,0.0,0.0
0.7544712264020923,-0.9483008074168823,-1.4447720178194665,-1.3961162808498042,1.0,0.0,0.0,0.0,1.0,0.0,1.0,0.0,1.0,0.0,1.0,0.0,0.0
-1.5212581648036514,-1.0933286502640445,1.6734934031323094,0.010018711822792317,1.0,0.0,0.0,1.0,0.0,0.0,1.0,0.0,1.0,0.0,0.0,1.0,0.0
-0.18259381703556682,0.2602645496428032,-0.16927602395043678,-1.3961162808498042,1.0,0.0,0.0,1.0,0.0,0.0,1.0,0.0,1.0,0.0,0.0,1.0,0.0
-1.5212581648036514,0.8887185353138397,0.547772573148089,0.7130862081590905,0.0,1.0,0.0,0.0,1.0,0.0,0.0,1.0,0.0,1.0,0.0,0.0,1.0
0.4867383568484754,-1.6734400216526937,1.5317419087413287,0.010018711822792317,0.0,0.0,1.0,0.0,1.0,0.0,1.0,0.0,1.0,0.0,1.0,0.0,0.0
0.35287192207166695,-0.31984682174584583,0.3166908917258114,0.010018711822792317,1.0,0.0,0.0,0.0,1.0,0.0,0.0,1.0,0.0,1.0,0.0,0.0,1.0
0.08513905251805007,-0.9483008074168823,1.5207762270997622,2.119221200831687,0.0,1.0,0.0,0.0,1.0,0.0,0.0,1.0,0.0,1.0,0.0,1.0,0.0
-1.6551245995804598,-0.9966434216992697,-0.9259080572185192,0.010018711822792317,1.0,0.0,0.0,1.0,0.0,0.0,0.0,1.0,1.0,0.0,0.0,0.0,1.0
-0.45032668658918373,-0.07813375033390871,1.0639619772510933,-0.6930487845135059,0.0,1.0,0.0,0.0,1.0,0.0,0.0,1.0,0.0,1.0,1.0,0.0,0.0
-0.6511263387543964,0.5986628496195152,-0.5089446991892014,0.010018711822792317,1.0,0.0,0.0,1.0,0.0,0.0,0.0,1.0,0.0,1.0,1.0,0.0,0.0
1.4907366176745387,0.35694977820757806,-1.576895108817852,0.010018711822792317,1.0,0.0,0.0,0.0,1.0,0.0,1.0,0.0,0.0,1.0,0.0,0.0,1.0
1.4907366176745387,0.9854037638786145,-0.8207979868493582,1.4161537044953887,0.0,1.0,0.0,1.0,0.0,0.0,1.0,0.0,0.0,1.0,0.0,0.0,1.0
0.6206047916252838,1.1304316067257767,0.40281161095957685,1.4161537044953887,1.0,0.0,0.0,0.0,1.0,0.0,1.0,0.0,1.0,0.0,1.0,0.0,0.0
0.4867383568484754,-0.5615598931577829,1.4226200036252534,0.7130862081590905,0.0,0.0,1.0,0.0,0.0,1.0,1.0,0.0,1.0,0.0,1.0,0.0,0.0
0.955270878567305,0.35694977820757806,1.115848373311188,0.7130862081590905,0.0,0.0,1.0,0.0,1.0,0.0,0.0,1.0,1.0,0.0,1.0,0.0,0.0
0.8883376611789008,1.2271168352905517,0.8756731997959043,0.7130862081590905,1.0,0.0,0.0,0.0,1.0,0.0,0.0,1.0,0.0,1.0,0.0,1.0,0.0
0.955270878567305,1.1787742210081642,0.5092589595777094,0.7130862081590905,0.0,0.0,1.0,0.0,1.0,0.0,1.0,0.0,0.0,1.0,1.0,0.0,0.0
-1.3873917300268428,-0.7065877360049452,1.0406933357189891,0.010018711822792317,1.0,0.0,0.0,1.0,0.0,0.0,1.0,0.0,1.0,0.0,0.0,1.0,0.0
-1.5881913821920555,-1.1900138788288195,-1.014168421650639,0.010018711822792317,1.0,0.0,0.0,0.0,1.0,0.0,1.0,0.0,0.0,1.0,0.0,0.0,1.0
0.6206047916252838,0.7920333067490648,-0.9823411993251171,0.010018711822792317,1.0,0.0,0.0,0.0,1.0,0.0,1.0,0.0,0.0,1.0,0.0,1.0,0.0
-1.119658860473226,0.5019776210547403,-0.9721778846329335,-0.6930487845135059,0.0,0.0,1.0,0.0,1.0,0.0,0.0,1.0,1.0,0.0,0.0,1.0,0.0
0.6206047916252838,-1.2866991073935943,1.3252661471001268,-0.6930487845135059,1.0,0.0,0.0,0.0,1.0,0.0,1.0,0.0,0.0,1.0,1.0,0.0,0.0
0.018205835129645846,0.30860716392519066,-0.8676027255633613,1.4161537044953887,0.0,0.0,1.0,1.0,0.0,0.0,1.0,0.0,1.0,0.0,0.0,0.0,1.0
-0.5172599039775879,-0.8516155788521075,0.8853016031884992,-1.3961162808498042,0.0,0.0,1.0,0.0,0.0,1.0,0.0,1.0,0.0,1.0,0.0,0.0,1.0
-0.6511263387543964,-1.141671264546432,-1.340999225699277,-0.6930487845135059,0.0,1.0,0.0,0.0,1.0,0.0,1.0,0.0,0.0,1.0,0.0,1.0,0.0
0.5536715742368796,-0.6099025074401704,-0.9505139769995952,-0.6930487845135059,1.0,0.0,0.0,0.0,1.0,0.0,0.0,1.0,1.0,0.0,0.0,0.0,1.0
-0.31646025181237525,1.4204872924201013,-0.9705731507341678,0.7130862081590905,1.0,0.0,0.0,1.0,0.0,0.0,1.0,0.0,0.0,1.0,0.0,0.0,1.0
-0.6511263387543964,0.4536350067723529,-0.06710796572901293,-1.3961162808498042,1.0,0.0,0.0,1.0,0.0,0.0,0.0,1.0,1.0,0.0,0.0,1.0,0.0
0.5536715742368796,0.2602645496428032,1.5531383607248732,0.010018711822792317,1.0,0.0,0.0,1.0,0.0,0.0,1.0,0.0,1.0,0.0,1.0,0.0,0.0
-0.18259381703556682,1.033746378161002,0.28165420160275767,0.010018711822792317,0.0,1.0,0.0,0.0,1.0,0.0,1.0,0.0,0.0,1.0,0.0,0.0,1.0
0.2859387046832627,-1.4800695645231439,-1.1318489075601323,0.7130862081590905,0.0,0.0,1.0,0.0,0.0,1.0,0.0,1.0,1.0,0.0,0.0,0.0,1.0
0.018205835129645846,1.275459449572939,1.1123714498638622,0.7130862081590905,1.0,0.0,0.0,1.0,0.0,0.0,1.0,0.0,0.0,1.0,0.0,1.0,0.0
1.0222040959557093,0.9370611495962271,1.5742673570586228,0.010018711822792317,1.0,0.0,0.0,0.0,0.0,1.0,1.0,0.0,0.0,1.0,0.0,0.0,1.0
-0.6511263387543964,1.1304316067257767,-0.6153920478073338,2.119221200831687,1.0,0.0,0.0,0.0,0.0,1.0,0.0,1.0,0.0,1.0,0.0,1.0,0.0
-0.7849927735312048,-0.07813375033390871,-0.2952476350035532,-0.6930487845135059,0.0,0.0,1.0,0.0,1.0,0.0,1.0,0.0,0.0,1.0,0.0,1.0,0.0
-1.1865920778616301,0.5503202353371277,1.5729300788096519,0.7130862081590905,1.0,0.0,0.0,0.0,1.0,0.0,1.0,0.0,0.0,1.0,1.0,0.0,0.0
1.3568701828977303,0.69534807818429,0.4220684177447666,0.7130862081590905,1.0,0.0,0.0,0.0,0.0,1.0,1.0,0.0,1.0,0.0,0.0,1.0,0.0
-0.6511263387543964,0.7920333067490648,-1.1615364846872998,0.010018711822792317,1.0,0.0,0.0,1.0,0.0,0.0,1.0,0.0,1.0,0.0,1.0,0.0,0.0
-1.3873917300268428,-0.36818943602823323,-0.8191932529505924,0.010018711822792317,1.0,0.0,0.0,0.0,1.0,0.0,1.0,0.0,0.0,1.0,1.0,0.0,0.0
1.4238034002861346,-1.3350417216759816,-1.1733045332782492,0.7130862081590905,0.0,0.0,1.0,0.0,0.0,1.0,0.0,1.0,0.0,1.0,0.0,1.0,0.0
-0.7849927735312048,0.9854037638786145,1.4071075759371836,2.119221200831687,0.0,1.0,0.0,0.0,1.0,0.0,0.0,1.0,1.0,0.0,1.0,0.0,0.0
-0.9857924256964175,-1.6250974073703062,-0.709268980885134,0.7130862081590905,1.0,0.0,0.0,0.0,0.0,1.0,0.0,1.0,1.0,0.0,0.0,0.0,1.0
1.289936965509326,1.275459449572939,-1.2883104626897994,0.010018711822792317,0.0,1.0,0.0,0.0,1.0,0.0,0.0,1.0,1.0,0.0,0.0,0.0,1.0
1.223003748120922,-0.9966434216992697,-0.041967134648348524,0.010018711822792317,1.0,0.0,0.0,0.0,1.0,0.0,1.0,0.0,0.0,1.0,0.0,0.0,1.0
-0.3833934692007795,-0.8516155788521075,1.1228022202058399,1.4161537044953887,1.0,0.0,0.0,0.0,0.0,1.0,0.0,1.0,1.0,0.0,1.0,0.0,0.0
-1.1865920778616301,-1.0449860359816572,1.5341490095894774,0.7130862081590905,1.0,0.0,0.0,1.0,0.0,0.0,1.0,0.0,0.0,1.0,0.0,1.0,0.0
0.08513905251805007,0.11523670679564098,0.5753205050769022,-1.3961162808498042,1.0,0.0,0.0,0.0,1.0,0.0,1.0,0.0,1.0,0.0,1.0,0.0,0.0
-0.3833934692007795,1.2271168352905517,-1.271995668052347,0.010018711822792317,1.0,0.0,0.0,0.0,0.0,1.0,1.0,0.0,0.0,1.0,0.0,1.0,0.0
-1.454324947415247,-0.6582451217225578,1.5306720861421517,-0.6930487845135059,0.0,1.0,0.0,1.0,0.0,0.0,0.0,1.0,0.0,1.0,0.0,0.0,1.0
-0.18259381703556682,-1.6250974073703062,1.3718034301643358,-1.3961162808498042,1.0,0.0,0.0,0.0,1.0,0.0,0.0,1.0,1.0,0.0,1.0,0.0,0.0
1.3568701828977303,0.21192193536041581,1.0767998484412198,0.010018711822792317,0.0,1.0,0.0,0.0,0.0,1.0,1.0,0.0,0.0,1.0,1.0,0.0,0.0
-1.3873917300268428,0.1635793210780284,1.3177773889058864,0.010018711822792317,1.0,0.0,0.0,0.0,1.0,0.0,1.0,0.0,1.0,0.0,1.0,0.0,0.0
-1.5881913821920555,0.5019776210547403,-1.4391554491737861,-0.6930487845135059,0.0,1.0,0.0,0.0,1.0,0.0,0.0,1.0,0.0,1.0,0.0,0.0,1.0
0.21900548729485853,1.0820889924433894,0.5180849960209214,0.010018711822792317,1.0,0.0,0.0,0.0,0.0,1.0,1.0,0.0,1.0,0.0,0.0,1.0,0.0
-1.0527256430848217,-0.02979113605152129,1.2530531216556655,0.010018711822792317,1.0,0.0,0.0,0.0,1.0,0.0,1.0,0.0,1.0,0.0,1.0,0.0,0.0
-0.3833934692007795,0.8403759210314523,-0.841659527533314,-0.6930487845135059,1.0,0.0,0.0,1.0,0.0,0.0,1.0,0.0,1.0,0.0,0.0,1.0,0.0
0.6206047916252838,-1.3350417216759816,-1.6766560661911272,1.4161537044953887,0.0,0.0,1.0,0.0,0.0,1.0,1.0,0.0,1.0,0.0,0.0,0.0,1.0
1.289936965509326,-1.5284121788055314,-1.3886063313626629,2.119221200831687,0.0,1.0,0.0,0.0,1.0,0.0,0.0,1.0,1.0,0.0,1.0,0.0,0.0
1.0891373133441133,-0.2715042074634584,1.3889205917511709,0.7130862081590905,1.0,0.0,0.0,0.0,1.0,0.0,1.0,0.0,0.0,1.0,1.0,0.0,0.0
-0.18259381703556682,1.1787742210081642,-1.1385352988049897,0.7130862081590905,0.0,0.0,1.0,0.0,0.0,1.0,1.0,0.0,0.0,1.0,0.0,0.0,1.0
-1.3204585126384387,0.8887185353138397,-0.391264213279708,-0.6930487845135059,1.0,0.0,0.0,1.0,0.0,0.0,1.0,0.0,1.0,0.0,0.0,1.0,0.0
-0.048727382258758375,0.9854037638786145,0.3803453363768553,1.4161537044953887,0.0,0.0,1.0,1.0,0.0,0.0,0.0,1.0,0.0,1.0,0.0,1.0,0.0
-0.8519259909196091,-0.6582451217225578,0.0708991495648472,1.4161537044953887,0.0,1.0,0.0,1.0,0.0,0.0,0.0,1.0,1.0,0.0,0.0,1.0,0.0
1.557669835062943,1.3238020638553265,0.7165370881682941,-1.3961162808498042,1.0,0.0,0.0,0.0,0.0,1.0,1.0,0.0,1.0,0.0,1.0,0.0,0.0
0.4867383568484754,-0.2715042074634584,0.7406080966497811,0.010018711822792317,0.0,1.0,0.0,1.0,0.0,0.0,1.0,0.0,1.0,0.0,0.0,1.0,0.0
-1.0527256430848217,-0.12647636461629613,0.27175834256036874,-0.6930487845135059,1.0,0.0,0.0,0.0,1.0,0.0,0.0,1.0,1.0,0.0,0.0,0.0,1.0
-0.7180595561428006,-1.141671264546432,1.4426791773598262,0.7130862081590905,0.0,0.0,1.0,0.0,1.0,0.0,0.0,1.0,0.0,1.0,0.0,0.0,1.0
0.8214044437904965,0.11523670679564098,1.0337394888243372,0.010018711822792317,0.0,0.0,1.0,0.0,0.0,1.0,1.0,0.0,0.0,1.0,0.0,0.0,1.0
0.8883376611789008,-0.7065877360049452,1.3105560863614407,0.7130862081590905,1.0,0.0,0.0,0.0,0.0,1.0,1.0,0.0,1.0,0.0,0.0,1.0,0.0
0.2859387046832627,-1.6734400216526937,1.2987880377704915,-1.3961162808498042,1.0,0.0,0.0,0.0,0.0,1.0,1.0,0.0,1.0,0.0,1.0,0.0,0.0
1.4907366176745387,-1.4317269502407566,1.2025040038445418,-0.6930487845135059,1.0,0.0,0.0,0.0,1.0,0.0,1.0,0.0,0.0,1.0,0.0,0.0,1.0
-1.5212581648036514,0.35694977820757806,0.5731808598785478,0.010018711822792317,1.0,0.0,0.0,0.0,1.0,0.0,0.0,1.0,1.0,0.0,0.0,1.0,0.0
-0.8519259909196091,-1.383384335958369,-0.5549470709538212,0.7130862081590905,0.0,1.0,0.0,0.0,1.0,0.0,0.0,1.0,0.0,1.0,0.0,1.0,0.0
-1.2535252952500344,-1.4800695645231439,1.1166507402605708,2.8222886971679855,1.0,0.0,0.0,0.0,1.0,0.0,1.0,0.0,1.0,0.0,1.0,0.0,0.0
-0.8519259909196091,-1.2866991073935943,0.9462814913416002,0.7130862081590905,1.0,0.0,0.0,0.0,1.0,0.0,0.0,1.0,1.0,0.0,0.0,0.0,1.0
1.289936965509326,0.06689409251325355,1.586035405649572,-0.6930487845135059,0.0,0.0,1.0,1.0,0.0,0.0,1.0,0.0,0.0,1.0,0.0,0.0,1.0
1.4238034002861346,0.5019776210547403,0.2808518346533747,-0.6930487845135059,0.0,1.0,0.0,1.0,0.0,0.0,1.0,0.0,0.0,1.0,1.0,0.0,0.0
-0.9188592083080133,0.7920333067490648,1.060752509453562,0.010018711822792317,0.0,0.0,1.0,0.0,1.0,0.0,0.0,1.0,0.0,1.0,1.0,0.0,0.0
-0.1156605996471626,0.2602645496428032,0.09069086764962547,-1.3961162808498042,1.0,0.0,0.0,0.0,1.0,0.0,0.0,1.0,0.0,1.0,0.0,1.0,0.0
-1.0527256430848217,0.35694977820757806,0.8804874014922015,0.010018711822792317,1.0,0.0,0.0,0.0,1.0,0.0,1.0,0.0,1.0,0.0,0.0,0.0,1.0
1.3568701828977303,-0.9483008074168823,0.8572187599600971,0.7130862081590905,1.0,0.0,0.0,1.0,0.0,0.0,1.0,0.0,1.0,0.0,0.0,1.0,0.0
-0.45032668658918373,-0.5132172788753955,1.3974791725445892,1.4161537044953887,1.0,0.0,0.0,0.0,1.0,0.0,1.0,0.0,1.0,0.0,0.0,0.0,1.0
-0.8519259909196091,0.4536350067723529,1.5496614372775472,0.010018711822792317,1.0,0.0,0.0,1.0,0.0,0.0,0.0,1.0,1.0,0.0,1.0,0.0,0.0
-0.7849927735312048,-0.2715042074634584,0.5750530494271078,0.7130862081590905,1.0,0.0,0.0,0.0,1.0,0.0,1.0,0.0,0.0,1.0,0.0,1.0,0.0
-0.9857924256964175,1.275459449572939,1.7502531746232743,0.7130862081590905,0.0,1.0,0.0,1.0,0.0,0.0,1.0,0.0,0.0,1.0,0.0,1.0,0.0
-1.5881913821920555,-0.6582451217225578,0.05431689927760032,-0.6930487845135059,1.0,0.0,0.0,0.0,0.0,1.0,1.0,0.0,0.0,1.0,0.0,0.0,1.0
1.0222040959557093,-1.383384335958369,1.1853868422577067,-0.6930487845135059,1.0,0.0,0.0,0.0,1.0,0.0,1.0,0.0,0.0,1.0,0.0,1.0,0.0
-0.18259381703556682,1.033746378161002,-0.26315295702823677,-1.3961162808498042,1.0,0.0,0.0,0.0,0.0,1.0,1.0,0.0,0.0,1.0,1.0,0.0,0.0
1.4238034002861346,0.6470054639019026,-0.06389849793148154,-0.6930487845135059,0.0,1.0,0.0,0.0,1.0,0.0,1.0,0.0,0.0,1.0,0.0,0.0,1.0
-1.3873917300268428,1.2271168352905517,-0.36585592654924914,1.4161537044953887,0.0,0.0,1.0,0.0,1.0,0.0,1.0,0.0,1.0,0.0,0.0,1.0,0.0
-0.45032668658918373,-0.80327296456972,0.19981277276570095,-1.3961162808498042,1.0,0.0,0.0,0.0,1.0,0.0,0.0,1.0,0.0,1.0,0.0,0.0,1.0
1.289936965509326,-1.6734400216526937,-0.04811861459361759,0.010018711822792317,0.0,1.0,0.0,0.0,1.0,0.0,1.0,0.0,0.0,1.0,0.0,1.0,0.0
0.4198051394600712,0.9370611495962271,1.0005749882498438,0.010018711822792317,1.0,0.0,0.0,0.0,1.0,0.0,0.0,1.0,0.0,1.0,0.0,0.0,1.0
-0.8519259909196091,0.8403759210314523,0.25758319312127065,0.010018711822792317,1.0,0.0,0.0,0.0,1.0,0.0,1.0,0.0,1.0,0.0,0.0,1.0,0.0
0.2859387046832627,-0.5615598931577829,-0.825077277246067,0.010018711822792317,1.0,0.0,0.0,1.0,0.0,0.0,0.0,1.0,1.0,0.0,0.0,1.0,0.0
1.3568701828977303,-1.2383564931112068,0.37098438863405486,-0.6930487845135059,0.0,1.0,0.0,1.0,0.0,0.0,1.0,0.0,1.0,0.0,0.0,0.0,1.0
1.0222040959557093,-0.5615598931577829,-1.4739246836470457,-1.3961162808498042,1.0,0.0,0.0,0.0,0.0,1.0,1.0,0.0,1.0,0.0,0.0,0.0,1.0
-0.1156605996471626,-0.4648746645930081,-0.6143222252081566,-1.3961162808498042,0.0,1.0,0.0,0.0,1.0,0.0,1.0,0.0,1.0,0.0,0.0,0.0,1.0
-1.3873917300268428,0.9854037638786145,-0.9764571750296425,1.4161537044953887,0.0,1.0,0.0,1.0,0.0,0.0,1.0,0.0,1.0,0.0,0.0,1.0,0.0
1.0891373133441133,0.9854037638786145,1.6071644019833227,0.010018711822792317,0.0,1.0,0.0,0.0,0.0,1.0,1.0,0.0,1.0,0.0,1.0,0.0,0.0
-1.2535252952500344,0.7436906924666774,-0.1494843058656581,0.7130862081590905,0.0,1.0,0.0,0.0,1.0,0.0,1.0,0.0,1.0,0.0,0.0,0.0,1.0
1.6246030524513473,0.35694977820757806,-1.292322297436714,-0.6930487845135059,0.0,1.0,0.0,0.0,0.0,1.0,0.0,1.0,0.0,1.0,0.0,1.0,0.0
-1.722057816968864,-0.7549303502873326,-1.0716713863564142,-1.3961162808498042,0.0,1.0,0.0,0.0,1.0,0.0,1.0,0.0,0.0,1.0,0.0,0.0,1.0
-1.5212581648036514,0.11523670679564098,-1.38593177486472,0.010018711822792317,1.0,0.0,0.0,0.0,0.0,1.0,1.0,0.0,1.0,0.0,0.0,1.0,0.0
-0.18259381703556682,-0.8999581931344949,-0.17836951604344314,0.010018711822792317,0.0,0.0,1.0,0.0,0.0,1.0,0.0,1.0,0.0,1.0,0.0,1.0,0.0
-1.119658860473226,0.9854037638786145,-0.6346488545925235,-1.3961162808498042,1.0,0.0,0.0,0.0,1.0,0.0,1.0,0.0,0.0,1.0,0.0,0.0,1.0
-0.6511263387543964,0.4052923924899655,1.0949868326272323,-0.6930487845135059,1.0,0.0,0.0,1.0,0.0,0.0,1.0,0.0,1.0,0.0,1.0,0.0,0.0
-0.31646025181237525,-1.0933286502640445,-0.21634821831423381,-0.6930487845135059,1.0,0.0,0.0,0.0,1.0,0.0,1.0,0.0,0.0,1.0,0.0,0.0,1.0
0.6875380090136881,-1.1900138788288195,-1.108580266028028,0.010018711822792317,1.0,0.0,0.0,0.0,0.0,1.0,0.0,1.0,1.0,0.0,0.0,1.0,0.0
-1.0527256430848217,-1.6734400216526937,1.1714791484684028,-1.3961162808498042,0.0,1.0,0.0,0.0,1.0,0.0,0.0,1.0,0.0,1.0,0.0,0.0,1.0
0.4867383568484754,0.30860716392519066,0.7178743664172655,0.010018711822792317,1.0,0.0,0.0,0.0,1.0,0.0,1.0,0.0,0.0,1.0,0.0,1.0,0.0
-1.6551245995804598,-0.36818943602823323,-0.9665613159872531,0.010018711822792317,1.0,0.0,0.0,1.0,0.0,0.0,1.0,0.0,1.0,0.0,1.0,0.0,0.0
-1.5212581648036514,1.2271168352905517,-1.6392122752199245,-1.3961162808498042,0.0,1.0,0.0,1.0,0.0,0.0,0.0,1.0,0.0,1.0,1.0,0.0,0.0
-0.7180595561428006,-0.8999581931344949,1.3838389344050792,0.010018711822792317,1.0,0.0,0.0,0.0,1.0,0.0,0.0,1.0,0.0,1.0,0.0,0.0,1.0
1.223003748120922,-0.4648746645930081,1.3367667400412822,1.4161537044953887,0.0,1.0,0.0,0.0,1.0,0.0,1.0,0.0,0.0,1.0,1.0,0.0,0.0
-0.8519259909196091,-0.4165320503106206,0.15648495749902416,0.010018711822792317,1.0,0.0,0.0,0.0,1.0,0.0,0.0,1.0,0.0,1.0,0.0,1.0,0.0
1.223003748120922,-1.5284121788055314,-0.5899837610768749,0.010018711822792317,0.0,1.0,0.0,1.0,0.0,0.0,1.0,0.0,0.0,1.0,1.0,0.0,0.0
-1.2535252952500344,0.7920333067490648,-0.41533522176119536,-1.3961162808498042,1.0,0.0,0.0,1.0,0.0,0.0,0.0,1.0,0.0,1.0,0.0,0.0,1.0
-0.5841931213659922,-1.383384335958369,-1.6212927466837064,0.7130862081590905,1.0,0.0,0.0,1.0,0.0,0.0,1.0,0.0,0.0,1.0,0.0,0.0,1.0
1.223003748120922,1.517172520984876,-0.9614796586411615,-1.3961162808498042,1.0,0.0,0.0,0.0,0.0,1.0,0.0,1.0,1.0,0.0,0.0,1.0,0.0
-1.2535252952500344,-0.22316159318107098,0.5076542256789436,0.010018711822792317,0.0,1.0,0.0,0.0,0.0,1.0,1.0,0.0,1.0,0.0,0.0,1.0,0.0
0.018205835129645846,-1.3350417216759816,-0.32252811128257236,0.010018711822792317,0.0,1.0,0.0,0.0,1.0,0.0,0.0,1.0,0.0,1.0,0.0,1.0,0.0
0.2859387046832627,0.8887185353138397,0.5812045293723769,0.7130862081590905,0.0,0.0,1.0,0.0,1.0,0.0,1.0,0.0,1.0,0.0,0.0,1.0,0.0
-1.6551245995804598,-0.9483008074168823,1.6296306765660433,2.119221200831687,0.0,0.0,1.0,0.0,1.0,0.0,0.0,1.0,1.0,0.0,0.0,0.0,1.0
-1.3873917300268428,-0.7549303502873326,1.0532637512593213,-0.6930487845135059,1.0,0.0,0.0,1.0,0.0,0.0,1.0,0.0,1.0,0.0,0.0,0.0,1.0
-0.048727382258758375,1.6622003638320384,-0.8716145603102757,-1.3961162808498042,1.0,0.0,0.0,0.0,1.0,0.0,0.0,1.0,1.0,0.0,0.0,0.0,1.0
1.289936965509326,0.30860716392519066,-0.48219913420977106,-1.3961162808498042,1.0,0.0,0.0,0.0,1.0,0.0,1.0,0.0,1.0,0.0,1.0,0.0,0.0
-0.31646025181237525,-1.141671264546432,-1.6814702678874245,0.7130862081590905,0.0,1.0,0.0,0.0,1.0,0.0,1.0,0.0,1.0,0.0,0.0,1.0,0.0
-0.9188592083080133,0.06689409251325355,1.5357537434882433,-1.3961162808498042,0.0,1.0,0.0,0.0,1.0,0.0,1.0,0.0,0.0,1.0,0.0,1.0,0.0
-0.24952703442397103,-0.5132172788753955,-0.5616334621986787,0.010018711822792317,1.0,0.0,0.0,0.0,1.0,0.0,0.0,1.0,1.0,0.0,0.0,1.0,0.0
-0.7180595561428006,0.06689409251325355,1.021971440233388,0.010018711822792317,0.0,0.0,1.0,0.0,1.0,0.0,0.0,1.0,1.0,0.0,0.0,1.0,0.0
1.0222040959557093,0.1635793210780284,0.6609063130110792,0.010018711822792317,1.0,0.0,0.0,0.0,1.0,0.0,1.0,0.0,1.0,0.0,0.0,1.0,0.0
0.4198051394600712,0.7920333067490648,0.3166908917258114,0.010018711822792317,0.0,1.0,0.0,0.0,0.0,1.0,1.0,0.0,1.0,0.0,0.0,0.0,1.0
-0.9188592083080133,-1.3350417216759816,-0.606833467013916,0.7130862081590905,1.0,0.0,0.0,0.0,0.0,1.0,1.0,0.0,1.0,0.0,0.0,0.0,1.0
-0.048727382258758375,-0.31984682174584583,-0.05025825979197197,0.010018711822792317,1.0,0.0,0.0,0.0,1.0,0.0,0.0,1.0,0.0,1.0,0.0,1.0,0.0
1.3568701828977303,0.6470054639019026,-0.9818062880255284,-1.3961162808498042,1.0,0.0,0.0,0.0,0.0,1.0,1.0,0.0,1.0,0.0,1.0,0.0,0.0
-1.1865920778616301,-0.80327296456972,-1.5065542729219505,-0.6930487845135059,0.0,1.0,0.0,0.0,0.0,1.0,0.0,1.0,0.0,1.0,1.0,0.0,0.0
0.6875380090136881,-0.2715042074634584,1.0032495447477865,0.010018711822792317,0.0,0.0,1.0,0.0,0.0,1.0,1.0,0.0,1.0,0.0,0.0,1.0,0.0
-1.454324947415247,1.5655151352672636,-0.9368737388600855,0.7130862081590905,0.0,0.0,1.0,0.0,1.0,0.0,1.0,0.0,1.0,0.0,0.0,1.0,0.0
1.0891373133441133,1.5655151352672636,-0.623683172950957,1.4161537044953887,1.0,0.0,0.0,0.0,1.0,0.0,0.0,1.0,0.0,1.0,0.0,1.0,0.0
-0.24952703442397103,-0.9483008074168823,0.6389749497279461,-1.3961162808498042,1.0,0.0,0.0,0.0,1.0,0.0,0.0,1.0,1.0,0.0,0.0,1.0,0.0
0.21900548729485853,-0.12647636461629613,-0.3246677564809267,-0.6930487845135059,0.0,1.0,0.0,0.0,1.0,0.0,1.0,0.0,1.0,0.0,0.0,1.0,0.0
0.5536715742368796,-0.80327296456972,-1.0954749391881071,1.4161537044953887,1.0,0.0,0.0,0.0,1.0,0.0,1.0,0.0,0.0,1.0,0.0,1.0,0.0
0.15207226990645428,0.01855147823086613,1.3140330098087665,-0.6930487845135059,0.0,1.0,0.0,0.0,1.0,0.0,1.0,0.0,1.0,0.0,1.0,0.0,0.0
1.0891373133441133,1.6622003638320384,-0.18559081858788923,-1.3961162808498042,1.0,0.0,0.0,0.0,1.0,0.0,1.0,0.0,1.0,0.0,0.0,1.0,0.0
-0.8519259909196091,-0.5615598931577829,1.060217598153973,-1.3961162808498042,1.0,0.0,0.0,0.0,1.0,0.0,1.0,0.0,0.0,1.0,0.0,1.0,0.0
-0.3833934692007795,-0.2715042074634584,0.7767146093720122,-0.6930487845135059,1.0,0.0,0.0,0.0,1.0,0.0,1.0,0.0,1.0,0.0,0.0,0.0,1.0
-1.454324947415247,-1.4800695645231439,-1.426585033633454,-0.6930487845135059,0.0,1.0,0.0,0.0,1.0,0.0,1.0,0.0,1.0,0.0,1.0,0.0,0.0
1.6915362698397514,1.6138577495496509,-0.003453521077968986,0.7130862081590905,0.0,1.0,0.0,0.0,0.0,1.0,0.0,1.0,0.0,1.0,1.0,0.0,0.0
0.018205835129645846,1.275459449572939,-0.9563980012950698,-0.6930487845135059,0.0,1.0,0.0,0.0,1.0,0.0,1.0,0.0,0.0,1.0,0.0,1.0,0.0
-1.3204585126384387,0.1635793210780284,-1.4132122511437388,0.7130862081590905,1.0,0.0,0.0,0.0,0.0,1.0,1.0,0.0,0.0,1.0,0.0,1.0,0.0
-1.454324947415247,-1.5284121788055314,0.3824849815752097,-1.3961162808498042,1.0,0.0,0.0,0.0,1.0,0.0,1.0,0.0,1.0,0.0,0.0,0.0,1.0
-1.0527256430848217,-0.5132172788753955,-0.8127743173555291,-1.3961162808498042,1.0,0.0,0.0,1.0,0.0,0.0,1.0,0.0,1.0,0.0,1.0,0.0,0.0
0.955270878567305,-1.0933286502640445,-0.16472927790393357,0.010018711822792317,0.0,0.0,1.0,0.0,1.0,0.0,1.0,0.0,1.0,0.0,1.0,0.0,0.0
0.15207226990645428,1.6622003638320384,-0.0807482038685225,0.010018711822792317,0.0,1.0,0.0,1.0,0.0,0.0,0.0,1.0,0.0,1.0,0.0,0.0,1.0
-0.45032668658918373,0.2602645496428032,-0.8058204704608772,-0.6930487845135059,0.0,1.0,0.0,1.0,0.0,0.0,1.0,0.0,1.0,0.0,0.0,1.0,0.0
-0.6511263387543964,-0.4648746645930081,0.44988380532337424,0.7130862081590905,1.0,0.0,0.0,0.0,1.0,0.0,1.0,0.0,1.0,0.0,1.0,0.0,0.0
-1.1865920778616301,1.1304316067257767,-1.4741921392968398,0.010018711822792317,1.0,0.0,0.0,1.0,0.0,0.0,1.0,0.0,0.0,1.0,1.0,0.0,0.0
1.3568701828977303,0.4536350067723529,1.2150744193848741,-0.6930487845135059,1.0,0.0,0.0,1.0,0.0,0.0,1.0,0.0,0.0,1.0,1.0,0.0,0.0
0.5536715742368796,-1.2866991073935943,0.3300636742155265,1.4161537044953887,1.0,0.0,0.0,0.0,1.0,0.0,1.0,0.0,1.0,0.0,0.0,1.0,0.0
-0.9857924256964175,1.1787742210081642,-0.40463699576942314,-0.6930487845135059,0.0,0.0,1.0,0.0,1.0,0.0,1.0,0.0,1.0,0.0,0.0,0.0,1.0
-1.3204585126384387,0.5503202353371277,0.13482104986568558,-0.6930487845135059,1.0,0.0,0.0,0.0,1.0,0.0,0.0,1.0,1.0,0.0,0.0,0.0,1.0
-1.5881913821920555,0.5986628496195152,-0.7734583368357666,-1.3961162808498042,1.0,0.0,0.0,0.0,0.0,1.0,1.0,0.0,1.0,0.0,1.0,0.0,0.0
-0.6511263387543964,-0.17481897889868356,-0.8726843829094529,0.010018711822792317,1.0,0.0,0.0,0.0,1.0,0.0,1.0,0.0,0.0,1.0,1.0,0.0,0.0
0.7544712264020923,-1.383384335958369,-0.2864215985603413,-1.3961162808498042,1.0,0.0,0.0,0.0,1.0,0.0,1.0,0.0,1.0,0.0,1.0,0.0,0.0
0.8214044437904965,-0.80327296456972,-0.359436990954186,0.010018711822792317,0.0,1.0,0.0,0.0,0.0,1.0,0.0,1.0,0.0,1.0,1.0,0.0,0.0
-1.454324947415247,0.6470054639019026,-1.5517542777371875,-1.3961162808498042,1.0,0.0,0.0,0.0,1.0,0.0,1.0,0.0,1.0,0.0,0.0,0.0,1.0
0.2859387046832627,0.6470054639019026,0.5237015646666016,-0.6930487845135059,1.0,0.0,0.0,0.0,1.0,0.0,0.0,1.0,1.0,0.0,1.0,0.0,0.0
1.0222040959557093,0.6470054639019026,-1.4589471672585645,0.010018711822792317,1.0,0.0,0.0,0.0,1.0,0.0,1.0,0.0,0.0,1.0,1.0,0.0,0.0
-0.8519259909196091,-0.22316159318107098,-0.2957825463031421,0.7130862081590905,1.0,0.0,0.0,0.0,1.0,0.0,1.0,0.0,0.0,1.0,0.0,1.0,0.0
1.1560705307325176,0.35694977820757806,1.6930176655672933,0.7130862081590905,0.0,0.0,1.0,1.0,0.0,0.0,1.0,0.0,1.0,0.0,0.0,1.0,0.0
-1.3873917300268428,-0.5615598931577829,-0.7969944340176653,-0.6930487845135059,1.0,0.0,0.0,1.0,0.0,0.0,1.0,0.0,1.0,0.0,0.0,0.0,1.0
0.6875380090136881,-1.6734400216526937,-1.672109320144624,-1.3961162808498042,1.0,0.0,0.0,0.0,1.0,0.0,0.0,1.0,0.0,1.0,0.0,1.0,0.0
-0.9857924256964175,-0.17481897889868356,-0.13290205557841162,1.4161537044953887,1.0,0.0,0.0,0.0,1.0,0.0,1.0,0.0,0.0,1.0,0.0,1.0,0.0
0.6206047916252838,1.3238020638553265,-1.3393944918005114,-0.6930487845135059,0.0,1.0,0.0,0.0,1.0,0.0,1.0,0.0,0.0,1.0,0.0,0.0,1.0
-0.3833934692007795,1.6138577495496509,-0.5669825751945649,2.119221200831687,1.0,0.0,0.0,1.0,0.0,0.0,1.0,0.0,0.0,1.0,0.0,0.0,1.0
1.3568701828977303,-0.6582451217225578,-0.7341423563160041,-0.6930487845135059,1.0,0.0,0.0,1.0,0.0,0.0,0.0,1.0,0.0,1.0,0.0,0.0,1.0
0.4867383568484754,1.1304316067257767,0.4375808454328361,-0.6930487845135059,1.0,0.0,0.0,0.0,1.0,0.0,1.0,0.0,0.0,1.0,0.0,1.0,0.0
0.6206047916252838,-0.4165320503106206,-0.8844524315004022,-1.3961162808498042,1.0,0.0,0.0,0.0,0.0,1.0,1.0,0.0,0.0,1.0,0.0,0.0,1.0
1.1560705307325176,0.4052923924899655,-0.1139127044430159,-0.6930487845135059,0.0,0.0,1.0,0.0,1.0,0.0,1.0,0.0,0.0,1.0,0.0,0.0,1.0
0.5536715742368796,-1.6250974073703062,-0.8504855639765259,0.010018711822792317,1.0,0.0,0.0,0.0,1.0,0.0,1.0,0.0,1.0,0.0,1.0,0.0,0.0
1.3568701828977303,0.01855147823086613,-1.3340453788046251,2.119221200831687,1.0,0.0,0.0,0.0,1.0,0.0,1.0,0.0,0.0,1.0,1.0,0.0,0.0
0.21900548729485853,1.0820889924433894,0.8363572192761418,0.7130862081590905,1.0,0.0,0.0,0.0,1.0,0.0,0.0,1.0,1.0,0.0,0.0,1.0,0.0
-1.1865920778616301,1.033746378161002,1.1634554789745741,1.4161537044953887,1.0,0.0,0.0,0.0,0.0,1.0,0.0,1.0,1.0,0.0,0.0,0.0,1.0
-0.7180595561428006,-0.7549303502873326,1.569185699712531,0.010018711822792317,1.0,0.0,0.0,1.0,0.0,0.0,1.0,0.0,0.0,1.0,0.0,1.0,0.0
-1.2535252952500344,-1.0933286502640445,1.0000400769502549,0.7130862081590905,0.0,1.0,0.0,0.0,0.0,1.0,0.0,1.0,1.0,0.0,0.0,0.0,1.0
1.0222040959557093,1.275459449572939,-0.3637162813508948,0.7130862081590905,1.0,0.0,0.0,1.0,0.0,0.0,0.0,1.0,1.0,0.0,1.0,0.0,0.0
0.4198051394600712,-0.02979113605152129,0.9789110806165051,-1.3961162808498042,0.0,1.0,0.0,0.0,0.0,1.0,1.0,0.0,0.0,1.0,0.0,1.0,0.0
-1.119658860473226,0.1635793210780284,1.4410744434610603,-0.6930487845135059,1.0,0.0,0.0,0.0,1.0,0.0,0.0,1.0,0.0,1.0,0.0,1.0,0.0
0.4198051394600712,0.2602645496428032,0.39264829626739345,-0.6930487845135059,0.0,1.0,0.0,0.0,1.0,0.0,1.0,0.0,0.0,1.0,0.0,0.0,1.0
-1.2535252952500344,1.5655151352672636,-0.24229141634428153,0.010018711822792317,1.0,0.0,0.0,0.0,0.0,1.0,1.0,0.0,0.0,1.0,0.0,1.0,0.0
-0.9857924256964175,1.0820889924433894,-0.6643364317196911,-0.6930487845135059,1.0,0.0,0.0,1.0,0.0,0.0,0.0,1.0,0.0,1.0,0.0,1.0,0.0
-0.3833934692007795,1.1787742210081642,-0.25165236408708197,0.7130862081590905,1.0,0.0,0.0,0.0,0.0,1.0,1.0,0.0,1.0,0.0,0.0,0.0,1.0
-1.0527256430848217,1.6622003638320384,-1.3573140203367295,0.010018711822792317,1.0,0.0,0.0,0.0,0.0,1.0,1.0,0.0,1.0,0.0,0.0,0.0,1.0
0.6206047916252838,1.1787742210081642,1.493228295170949,-1.3961162808498042,1.0,0.0,0.0,0.0,0.0,1.0,1.0,0.0,0.0,1.0,0.0,0.0,1.0
-1.3204585126384387,-0.5615598931577829,-1.472587405398074,0.010018711822792317,0.0,1.0,0.0,0.0,1.0,0.0,1.0,0.0,0.0,1.0,0.0,1.0,0.0
0.2859387046832627,1.4204872924201013,1.4418768104104434,1.4161537044953887,0.0,0.0,1.0,1.0,0.0,0.0,1.0,0.0,1.0,0.0,1.0,0.0,0.0
-1.1865920778616301,-0.07813375033390871,1.4140614228318353,0.010018711822792317,0.0,0.0,1.0,0.0,1.0,0.0,1.0,0.0,0.0,1.0,0.0,1.0,0.0
-1.5212581648036514,0.4052923924899655,1.3038696951165831,-0.6930487845135059,0.0,1.0,0.0,1.0,0.0,0.0,1.0,0.0,1.0,0.0,0.0,1.0,0.0
-1.0527256430848217,-0.2715042074634584,-0.42549853645337876,0.010018711822792317,1.0,0.0,0.0,0.0,1.0,0.0,1.0,0.0,0.0,1.0,1.0,0.0,0.0
0.08513905251805007,0.30860716392519066,0.7272353141600659,0.010018711822792317,1.0,0.0,0.0,0.0,1.0,0.0,1.0,0.0,0.0,1.0,1.0,0.0,0.0
0.8883376611789008,1.0820889924433894,0.5836116302205256,-0.6930487845135059,0.0,1.0,0.0,0.0,0.0,1.0,1.0,0.0,1.0,0.0,0.0,1.0,0.0
-0.5841931213659922,-1.5284121788055314,0.3942530301661593,-0.6930487845135059,1.0,0.0,0.0,1.0,0.0,0.0,1.0,0.0,1.0,0.0,0.0,0.0,1.0
-0.7849927735312048,-1.6734400216526937,1.246901641710396,0.010018711822792317,0.0,1.0,0.0,0.0,0.0,1.0,1.0,0.0,1.0,0.0,1.0,0.0,0.0
0.5536715742368796,1.5655151352672636,0.10540092838831205,0.7130862081590905,0.0,1.0,0.0,0.0,0.0,1.0,0.0,1.0,0.0,1.0,1.0,0.0,0.0
1.1560705307325176,1.3238020638553265,1.5592898406701419,-0.6930487845135059,1.0,0.0,0.0,1.0,0.0,0.0,0.0,1.0,1.0,0.0,0.0,0.0,1.0
-0.45032668658918373,-1.141671264546432,0.31481870217725144,-1.3961162808498042,1.0,0.0,0.0,0.0,1.0,0.0,1.0,0.0,0.0,1.0,0.0,0.0,1.0
0.08513905251805007,-0.07813375033390871,1.0923122761292894,0.010018711822792317,1.0,0.0,0.0,0.0,0.0,1.0,0.0,1.0,1.0,0.0,1.0,0.0,0.0
0.8883376611789008,0.7920333067490648,-1.1446867787502588,2.119221200831687,1.0,0.0,0.0,0.0,0.0,1.0,1.0,0.0,0.0,1.0,1.0,0.0,0.0
-0.3833934692007795,-1.4800695645231439,0.5761228720262851,4.228423689840582,1.0,0.0,0.0,0.0,1.0,0.0,1.0,0.0,1.0,0.0,1.0,0.0,0.0
-1.5212581648036514,-1.383384335958369,0.6365678488797973,0.010018711822792317,1.0,0.0,0.0,0.0,1.0,0.0,1.0,0.0,0.0,1.0,0.0,1.0,0.0
-1.3873917300268428,0.5986628496195152,-0.041967134648348524,0.010018711822792317,0.0,0.0,1.0,0.0,1.0,0.0,1.0,0.0,0.0,1.0,0.0,0.0,1.0
-0.7180595561428006,-0.22316159318107098,-1.6844122800351617,-0.6930487845135059,0.0,0.0,1.0,0.0,1.0,0.0,0.0,1.0,1.0,0.0,0.0,0.0,1.0
1.0222040959557093,0.01855147823086613,0.8625678729559833,0.010018711822792317,1.0,0.0,0.0,0.0,1.0,0.0,0.0,1.0,0.0,1.0,0.0,1.0,0.0
1.1560705307325176,-0.6099025074401704,0.17921868773153976,0.010018711822792317,1.0,0.0,0.0,0.0,1.0,0.0,0.0,1.0,1.0,0.0,0.0,0.0,1.0
-1.2535252952500344,0.06689409251325355,1.3209868567034182,2.119221200831687,0.0,0.0,1.0,1.0,0.0,0.0,1.0,0.0,0.0,1.0,0.0,1.0,0.0
-1.5881913821920555,0.9854037638786145,0.685512232792155,-1.3961162808498042,0.0,0.0,1.0,1.0,0.0,0.0,1.0,0.0,0.0,1.0,0.0,0.0,1.0
1.3568701828977303,1.2271168352905517,-0.01976831571542144,-0.6930487845135059,1.0,0.0,0.0,0.0,1.0,0.0,0.0,1.0,0.0,1.0,0.0,1.0,0.0
1.3568701828977303,-1.2383564931112068,-1.4164217189412704,2.8222886971679855,0.0,1.0,0.0,1.0,0.0,0.0,1.0,0.0,1.0,0.0,1.0,0.0,0.0
1.557669835062943,0.30860716392519066,1.27819395273633,-0.6930487845135059,0.0,0.0,1.0,0.0,0.0,1.0,1.0,0.0,1.0,0.0,1.0,0.0,0.0
0.15207226990645428,-1.5284121788055314,0.8072045534485627,-0.6930487845135059,1.0,0.0,0.0,0.0,0.0,1.0,0.0,1.0,1.0,0.0,1.0,0.0,0.0
-1.454324947415247,-0.36818943602823323,1.3897229587005537,-0.6930487845135059,0.0,0.0,1.0,0.0,0.0,1.0,1.0,0.0,1.0,0.0,1.0,0.0,0.0
-0.18259381703556682,1.2271168352905517,1.6638649997397141,-0.6930487845135059,1.0,0.0,0.0,1.0,0.0,0.0,0.0,1.0,0.0,1.0,0.0,0.0,1.0
1.223003748120922,0.1635793210780284,0.23351218463978324,-1.3961162808498042,0.0,1.0,0.0,0.0,1.0,0.0,0.0,1.0,1.0,0.0,0.0,1.0,0.0
1.4238034002861346,-0.6099025074401704,-0.2858866872607528,0.010018711822792317,1.0,0.0,0.0,0.0,1.0,0.0,0.0,1.0,0.0,1.0,0.0,1.0,0.0
0.21900548729485853,-1.383384335958369,-0.6827908715554979,0.7130862081590905,1.0,0.0,0.0,0.0,0.0,1.0,1.0,0.0,0.0,1.0,0.0,0.0,1.0
1.223003748120922,1.710542978114426,-0.15750797535948752,-0.6930487845135059,1.0,0.0,0.0,0.0,0.0,1.0,1.0,0.0,1.0,0.0,0.0,0.0,1.0
1.223003748120922,-0.7065877360049452,0.8205773359382779,-1.3961162808498042,0.0,0.0,1.0,0.0,1.0,0.0,1.0,0.0,0.0,1.0,0.0,0.0,1.0
-1.3204585126384387,0.69534807818429,-0.5637731073970333,-1.3961162808498042,1.0,0.0,0.0,0.0,0.0,1.0,0.0,1.0,0.0,1.0,1.0,0.0,0.0
-0.31646025181237525,1.5655151352672636,1.6876685525714075,-0.6930487845135059,0.0,1.0,0.0,0.0,0.0,1.0,1.0,0.0,1.0,0.0,1.0,0.0,0.0
-0.7180595561428006,-0.07813375033390871,0.24100094283402373,0.7130862081590905,1.0,0.0,0.0,1.0,0.0,0.0,1.0,0.0,1.0,0.0,0.0,0.0,1.0
-1.119658860473226,1.1304316067257767,-1.36480277853097,0.010018711822792317,0.0,0.0,1.0,1.0,0.0,0.0,0.0,1.0,1.0,0.0,0.0,0.0,1.0
-0.5841931213659922,1.5655151352672636,-1.4535980542626785,-0.6930487845135059,1.0,0.0,0.0,0.0,0.0,1.0,0.0,1.0,1.0,0.0,1.0,0.0,0.0
-0.6511263387543964,-0.02979113605152129,0.02944352384673036,-0.6930487845135059,1.0,0.0,0.0,1.0,0.0,0.0,1.0,0.0,1.0,0.0,1.0,0.0,0.0
-0.5841931213659922,1.4688299067024888,-0.8488808300777599,-1.3961162808498042,1.0,0.0,0.0,0.0,1.0,0.0,0.0,1.0,1.0,0.0,0.0,1.0,0.0
-1.6551245995804598,-0.8999581931344949,-1.1347909197078696,0.7130862081590905,0.0,1.0,0.0,0.0,1.0,0.0,1.0,0.0,0.0,1.0,1.0,0.0,0.0
1.3568701828977303,0.5019776210547403,-0.0687126996277788,2.119221200831687,1.0,0.0,0.0,0.0,1.0,0.0,1.0,0.0,0.0,1.0,0.0,0.0,1.0
0.4867383568484754,-0.17481897889868356,-1.5391838621968554,1.4161537044953887,1.0,0.0,0.0,1.0,0.0,0.0,0.0,1.0,1.0,0.0,0.0,1.0,0.0
-1.3873917300268428,1.5655151352672636,0.6381725827785631,-0.6930487845135059,1.0,0.0,0.0,0.0,1.0,0.0,1.0,0.0,0.0,1.0,1.0,0.0,0.0
0.35287192207166695,-1.6250974073703062,-0.5367600867678086,-1.3961162808498042,1.0,0.0,0.0,1.0,0.0,0.0,1.0,0.0,0.0,1.0,1.0,0.0,0.0
1.4907366176745387,-1.383384335958369,-0.5974725192711154,-1.3961162808498042,1.0,0.0,0.0,1.0,0.0,0.0,1.0,0.0,1.0,0.0,0.0,0.0,1.0
-0.8519259909196091,-1.2383564931112068,0.6665228816567593,-0.6930487845135059,1.0,0.0,0.0,0.0,1.0,0.0,1.0,0.0,1.0,0.0,1.0,0.0,0.0
0.6875380090136881,0.4536350067723529,-0.07780619172078518,-1.3961162808498042,1.0,0.0,0.0,0.0,0.0,1.0,0.0,1.0,0.0,1.0,0.0,0.0,1.0
1.4238034002861346,-0.8516155788521075,0.49214179799087404,0.010018711822792317,1.0,0.0,0.0,0.0,1.0,0.0,1.0,0.0,1.0,0.0,1.0,0.0,0.0
-1.6551245995804598,1.6138577495496509,-0.05587482843765216,-1.3961162808498042,1.0,0.0,0.0,1.0,0.0,0.0,1.0,0.0,1.0,0.0,0.0,1.0,0.0
-0.18259381703556682,1.3721446781377138,-1.3265566206103847,0.010018711822792317,0.0,0.0,1.0,1.0,0.0,0.0,1.0,0.0,1.0,0.0,1.0,0.0,0.0
-0.9857924256964175,-0.4648746645930081,0.07330625041299603,0.7130862081590905,1.0,0.0,0.0,0.0,1.0,0.0,0.0,1.0,0.0,1.0,1.0,0.0,0.0
1.0891373133441133,-0.36818943602823323,1.5919194299450468,0.010018711822792317,1.0,0.0,0.0,0.0,1.0,0.0,0.0,1.0,0.0,1.0,1.0,0.0,0.0
0.4867383568484754,-0.5132172788753955,0.5515169522452092,-0.6930487845135059,1.0,0.0,0.0,0.0,0.0,1.0,0.0,1.0,0.0,1.0,1.0,0.0,0.0
-0.1156605996471626,0.4536350067723529,0.7143974429699397,1.4161537044953887,0.0,1.0,0.0,0.0,1.0,0.0,0.0,1.0,0.0,1.0,0.0,0.0,1.0
-0.9857924256964175,-0.4165320503106206,0.4571051078678203,-0.6930487845135059,1.0,0.0,0.0,0.0,1.0,0.0,1.0,0.0,1.0,0.0,0.0,1.0,0.0
0.35287192207166695,0.30860716392519066,-0.33723817202125894,0.7130862081590905,0.0,1.0,0.0,0.0,1.0,0.0,1.0,0.0,0.0,1.0,0.0,1.0,0.0
0.4867383568484754,0.35694977820757806,0.12412282387391332,-0.6930487845135059,0.0,1.0,0.0,1.0,0.0,0.0,1.0,0.0,1.0,0.0,1.0,0.0,0.0
-1.119658860473226,1.2271168352905517,-0.6950938314460359,0.7130862081590905,1.0,0.0,0.0,0.0,1.0,0.0,0.0,1.0,1.0,0.0,0.0,0.0,1.0
1.0891373133441133,1.710542978114426,0.21131336570685616,-0.6930487845135059,1.0,0.0,0.0,0.0,1.0,0.0,1.0,0.0,1.0,0.0,0.0,0.0,1.0
-0.45032668658918373,-0.9966434216992697,-0.9152098312267472,-0.6930487845135059,1.0,0.0,0.0,0.0,1.0,0.0,1.0,0.0,0.0,1.0,0.0,0.0,1.0
-0.7849927735312048,-0.9483008074168823,-1.2377613448786762,0.010018711822792317,0.0,1.0,0.0,1.0,0.0,0.0,1.0,0.0,1.0,0.0,0.0,1.0,0.0
-0.9857924256964175,0.9370611495962271,-1.1920264287638505,2.119221200831687,1.0,0.0,0.0,0.0,1.0,0.0,1.0,0.0,0.0,1.0,1.0,0.0,0.0
0.35287192207166695,-0.7065877360049452,-0.9264429685181077,0.010018711822792317,1.0,0.0,0.0,1.0,0.0,0.0,1.0,0.0,0.0,1.0,0.0,0.0,1.0
1.4238034002861346,-0.17481897889868356,-0.5231198486282994,0.010018711822792317,1.0,0.0,0.0,1.0,0.0,0.0,1.0,0.0,1.0,0.0,0.0,0.0,1.0
1.289936965509326,-0.6582451217225578,1.2423548956638932,0.010018711822792317,1.0,0.0,0.0,0.0,0.0,1.0,0.0,1.0,1.0,0.0,0.0,1.0,0.0
-1.3204585126384387,-1.2866991073935943,-0.7836216515279502,0.7130862081590905,0.0,1.0,0.0,0.0,1.0,0.0,1.0,0.0,0.0,1.0,0.0,1.0,0.0
-0.3833934692007795,0.11523670679564098,1.0085986577436727,0.010018711822792317,0.0,0.0,1.0,0.0,1.0,0.0,1.0,0.0,0.0,1.0,1.0,0.0,0.0
-1.3873917300268428,0.30860716392519066,-1.0762181324029174,0.010018711822792317,0.0,1.0,0.0,0.0,1.0,0.0,1.0,0.0,0.0,1.0,1.0,0.0,0.0
0.21900548729485853,0.5503202353371277,-0.9957139818148323,0.010018711822792317,1.0,0.0,0.0,0.0,1.0,0.0,0.0,1.0,1.0,0.0,0.0,1.0,0.0
-0.5172599039775879,0.5503202353371277,0.8114838438452715,-1.3961162808498042,0.0,0.0,1.0,1.0,0.0,0.0,1.0,0.0,1.0,0.0,1.0,0.0,0.0
0.21900548729485853,-1.6734400216526937,-1.6932383164783738,0.010018711822792317,0.0,0.0,1.0,0.0,1.0,0.0,0.0,1.0,1.0,0.0,1.0,0.0,0.0
-0.6511263387543964,-1.4800695645231439,0.47957138245054187,0.7130862081590905,0.0,1.0,0.0,0.0,1.0,0.0,1.0,0.0,1.0,0.0,0.0,1.0,0.0
0.5536715742368796,0.01855147823086613,-0.1390535355236807,2.119221200831687,1.0,0.0,0.0,0.0,1.0,0.0,0.0,1.0,1.0,0.0,1.0,0.0,0.0
0.4198051394600712,-0.8516155788521075,0.5228991977172186,0.010018711822792317,0.0,0.0,1.0,0.0,1.0,0.0,0.0,1.0,1.0,0.0,0.0,0.0,1.0
-1.454324947415247,0.7920333067490648,1.2402152504655384,0.010018711822792317,1.0,0.0,0.0,1.0,0.0,0.0,1.0,0.0,0.0,1.0,0.0,0.0,1.0
-1.0527256430848217,0.30860716392519066,-1.1965731748103536,0.010018711822792317,0.0,0.0,1.0,0.0,1.0,0.0,1.0,0.0,1.0,0.0,0.0,0.0,1.0
0.35287192207166695,-0.7549303502873326,-0.9382110171090572,-0.6930487845135059,1.0,0.0,0.0,1.0,0.0,0.0,0.0,1.0,1.0,0.0,1.0,0.0,0.0
-1.3873917300268428,-0.4648746645930081,-0.30193402624841076,-1.3961162808498042,0.0,1.0,0.0,0.0,1.0,0.0,0.0,1.0,1.0,0.0,0.0,1.0,0.0
1.6915362698397514,0.9854037638786145,-0.71274590433246,1.4161537044953887,1.0,0.0,0.0,1.0,0.0,0.0,1.0,0.0,1.0,0.0,0.0,0.0,1.0
1.4907366176745387,0.7436906924666774,-0.2449659728422244,-0.6930487845135059,1.0,0.0,0.0,0.0,1.0,0.0,1.0,0.0,1.0,0.0,1.0,0.0,0.0
1.6915362698397514,-1.4317269502407566,-0.2500476301883161,0.010018711822792317,1.0,0.0,0.0,0.0,1.0,0.0,1.0,0.0,1.0,0.0,0.0,1.0,0.0
1.6246030524513473,-0.12647636461629613,-0.15964762055784187,-0.6930487845135059,0.0,1.0,0.0,0.0,1.0,0.0,1.0,0.0,1.0,0.0,1.0,0.0,0.0
-0.1156605996471626,-1.141671264546432,1.111569082914479,-0.6930487845135059,1.0,0.0,0.0,0.0,1.0,0.0,1.0,0.0,0.0,1.0,0.0,0.0,1.0
0.8883376611789008,-0.36818943602823323,-0.15215886236360138,-0.6930487845135059,0.0,1.0,0.0,0.0,1.0,0.0,1.0,0.0,0.0,1.0,0.0,1.0,0.0
0.21900548729485853,0.21192193536041581,0.44239504712913374,-0.6930487845135059,1.0,0.0,0.0,0.0,1.0,0.0,0.0,1.0,0.0,1.0,0.0,0.0,1.0
-0.45032668658918373,1.3721446781377138,0.9093726116699862,-1.3961162808498042,0.0,1.0,0.0,1.0,0.0,0.0,1.0,0.0,0.0,1.0,0.0,1.0,0.0
0.018205835129645846,0.4052923924899655,0.028106245597758543,-0.6930487845135059,0.0,1.0,0.0,1.0,0.0,0.0,0.0,1.0,0.0,1.0,1.0,0.0,0.0
0.6875380090136881,-0.22316159318107098,1.2185513428322006,0.7130862081590905,1.0,0.0,0.0,1.0,0.0,0.0,1.0,0.0,0.0,1.0,1.0,0.0,0.0
-1.5212581648036514,1.6138577495496509,1.7462413398763597,-0.6930487845135059,1.0,0.0,0.0,0.0,1.0,0.0,1.0,0.0,1.0,0.0,0.0,0.0,1.0
0.8883376611789008,-1.6734400216526937,0.6627785025596391,2.119221200831687,0.0,0.0,1.0,0.0,0.0,1.0,1.0,0.0,1.0,0.0,0.0,0.0,1.0
-0.5841931213659922,-1.383384335958369,-1.5028098938248302,0.010018711822792317,1.0,0.0,0.0,1.0,0.0,0.0,1.0,0.0,1.0,0.0,0.0,0.0,1.0
1.0891373133441133,1.0820889924433894,0.7406080966497811,0.7130862081590905,1.0,0.0,0.0,0.0,1.0,0.0,1.0,0.0,0.0,1.0,0.0,0.0,1.0
0.4198051394600712,1.6622003638320384,0.40334652225916534,-0.6930487845135059,1.0,0.0,0.0,0.0,1.0,0.0,1.0,0.0,0.0,1.0,0.0,0.0,1.0
0.955270878567305,1.0820889924433894,0.9460140356918058,-1.3961162808498042,0.0,1.0,0.0,0.0,1.0,0.0,1.0,0.0,0.0,1.0,1.0,0.0,0.0
-1.5212581648036514,-0.7549303502873326,-0.9470370535522691,0.010018711822792317,1.0,0.0,0.0,0.0,1.0,0.0,0.0,1.0,1.0,0.0,1.0,0.0,0.0
-0.9857924256964175,0.30860716392519066,1.2835430657322155,2.119221200831687,1.0,0.0,0.0,1.0,0.0,0.0,1.0,0.0,1.0,0.0,1.0,0.0,0.0
-0.31646025181237525,-1.5767547930879187,-1.030750671937886,2.119221200831687,0.0,0.0,1.0,0.0,1.0,0.0,1.0,0.0,0.0,1.0,1.0,0.0,0.0
1.6915362698397514,-1.4800695645231439,1.5445797799314556,0.010018711822792317,0.0,0.0,1.0,0.0,1.0,0.0,0.0,1.0,0.0,1.0,0.0,1.0,0.0
0.4867383568484754,-1.6734400216526937,0.05217725407924594,1.4161537044953887,1.0,0.0,0.0,1.0,0.0,0.0,1.0,0.0,1.0,0.0,0.0,0.0,1.0
1.1560705307325176,-0.31984682174584583,0.7438175644473128,1.4161537044953887,0.0,1.0,0.0,0.0,0.0,1.0,1.0,0.0,0.0,1.0,0.0,1.0,0.0
-1.3204585126384387,0.4052923924899655,-1.0243317363428226,1.4161537044953887,1.0,0.0,0.0,0.0,1.0,0.0,1.0,0.0,1.0,0.0,1.0,0.0,0.0
-0.24952703442397103,-0.02979113605152129,1.0674389006984195,-0.6930487845135059,0.0,0.0,1.0,1.0,0.0,0.0,1.0,0.0,1.0,0.0,1.0,0.0,0.0
0.6875380090136881,-0.2715042074634584,-1.1489660691469676,-1.3961162808498042,1.0,0.0,0.0,0.0,1.0,0.0,1.0,0.0,1.0,0.0,0.0,1.0,0.0
0.018205835129645846,-0.9966434216992697,-0.6734299238126973,0.010018711822792317,1.0,0.0,0.0,1.0,0.0,0.0,1.0,0.0,1.0,0.0,1.0,0.0,0.0
-1.2535252952500344,0.06689409251325355,1.3723383414639247,-1.3961162808498042,0.0,0.0,1.0,0.0,1.0,0.0,1.0,0.0,0.0,1.0,0.0,0.0,1.0
-0.9188592083080133,1.0820889924433894,-0.20885946011999368,-1.3961162808498042,0.0,1.0,0.0,1.0,0.0,0.0,0.0,1.0,1.0,0.0,0.0,0.0,1.0
1.3568701828977303,-0.7549303502873326,-0.032338731255753636,-1.3961162808498042,1.0,0.0,0.0,0.0,1.0,0.0,1.0,0.0,0.0,1.0,0.0,1.0,0.0
0.8883376611789008,0.9370611495962271,0.4998980118349086,0.010018711822792317,0.0,1.0,0.0,0.0,0.0,1.0,1.0,0.0,0.0,1.0,0.0,0.0,1.0
-1.2535252952500344,0.8887185353138397,-0.026722162610073447,-0.6930487845135059,1.0,0.0,0.0,0.0,1.0,0.0,1.0,0.0,0.0,1.0,1.0,0.0,0.0
0.08513905251805007,-1.721782635935081,-1.0561589586683446,1.4161537044953887,1.0,0.0,0.0,0.0,1.0,0.0,1.0,0.0,1.0,0.0,1.0,0.0,0.0
-0.18259381703556682,0.7436906924666774,0.8935927283321227,0.010018711822792317,1.0,0.0,0.0,0.0,1.0,0.0,0.0,1.0,0.0,1.0,0.0,0.0,1.0
-0.5172599039775879,1.3238020638553265,1.1471406843371215,-1.3961162808498042,1.0,0.0,0.0,0.0,1.0,0.0,1.0,0.0,0.0,1.0,0.0,0.0,1.0
-1.1865920778616301,-0.8516155788521075,-0.3005967479994393,-0.6930487845135059,0.0,0.0,1.0,0.0,1.0,0.0,0.0,1.0,1.0,0.0,0.0,1.0,0.0
-1.5212581648036514,-0.7549303502873326,0.5820068963217597,-1.3961162808498042,1.0,0.0,0.0,1.0,0.0,0.0,1.0,0.0,0.0,1.0,0.0,0.0,1.0
-0.9857924256964175,-1.721782635935081,0.9898767622580714,0.7130862081590905,1.0,0.0,0.0,0.0,1.0,0.0,1.0,0.0,1.0,0.0,1.0,0.0,0.0
0.6875380090136881,-0.8516155788521075,1.4841348030779427,-0.6930487845135059,0.0,1.0,0.0,1.0,0.0,0.0,1.0,0.0,1.0,0.0,1.0,0.0,0.0
-1.3873917300268428,-0.5132172788753955,-0.24951271888872759,-0.6930487845135059,0.0,0.0,1.0,1.0,0.0,0.0,0.0,1.0,0.0,1.0,1.0,0.0,0.0
0.35287192207166695,-0.7549303502873326,-0.3252026677805152,-0.6930487845135059,0.0,0.0,1.0,1.0,0.0,0.0,1.0,0.0,0.0,1.0,1.0,0.0,0.0
0.955270878567305,1.710542978114426,1.0206341619844164,0.010018711822792317,0.0,0.0,1.0,0.0,1.0,0.0,0.0,1.0,1.0,0.0,0.0,0.0,1.0
-0.45032668658918373,-0.8999581931344949,0.5290506776624877,-0.6930487845135059,0.0,1.0,0.0,0.0,1.0,0.0,1.0,0.0,0.0,1.0,0.0,0.0,1.0
0.5536715742368796,0.5986628496195152,0.010186717061540592,-0.6930487845135059,0.0,0.0,1.0,0.0,0.0,1.0,1.0,0.0,1.0,0.0,0.0,1.0,0.0
-1.119658860473226,-0.5132172788753955,-1.5728832740709375,2.119221200831687,1.0,0.0,0.0,0.0,1.0,0.0,1.0,0.0,0.0,1.0,0.0,0.0,1.0
0.018205835129645846,-0.31984682174584583,0.4119051030525832,-1.3961162808498042,0.0,0.0,1.0,0.0,1.0,0.0,1.0,0.0,1.0,0.0,1.0,0.0,0.0
0.018205835129645846,0.5503202353371277,-1.0462630996259554,-1.3961162808498042,0.0,1.0,0.0,0.0,1.0,0.0,1.0,0.0,0.0,1.0,0.0,1.0,0.0
-1.5212581648036514,-0.8999581931344949,1.3263359696993047,-1.3961162808498042,1.0,0.0,0.0,0.0,1.0,0.0,1.0,0.0,1.0,0.0,0.0,0.0,1.0
-1.5881913821920555,0.01855147823086613,-0.8036808252625228,0.010018711822792317,1.0,0.0,0.0,0.0,1.0,0.0,1.0,0.0,0.0,1.0,0.0,0.0,1.0
-0.5841931213659922,0.4536350067723529,1.6665395562376577,2.119221200831687,1.0,0.0,0.0,0.0,1.0,0.0,1.0,0.0,1.0,0.0,1.0,0.0,0.0
1.6915362698397514,1.0820889924433894,1.5881750508479269,0.010018711822792317,0.0,0.0,1.0,0.0,1.0,0.0,1.0,0.0,0.0,1.0,0.0,0.0,1.0
1.6246030524513473,-0.8516155788521075,-0.6961636540452131,-0.6930487845135059,1.0,0.0,0.0,0.0,1.0,0.0,1.0,0.0,1.0,0.0,0.0,1.0,0.0
-0.24952703442397103,1.710542978114426,-0.05346772758950372,-0.6930487845135059,1.0,0.0,0.0,0.0,1.0,0.0,1.0,0.0,0.0,1.0,0.0,0.0,1.0
1.4238034002861346,-0.6099025074401704,1.0931146430786722,1.4161537044953887,0.0,1.0,0.0,0.0,0.0,1.0,1.0,0.0,0.0,1.0,0.0,1.0,0.0
1.3568701828977303,-0.12647636461629613,-0.35863462400480306,-1.3961162808498042,1.0,0.0,0.0,1.0,0.0,0.0,0.0,1.0,0.0,1.0,0.0,0.0,1.0
-1.3873917300268428,-1.6250974073703062,-1.122755415467126,-0.6930487845135059,1.0,0.0,0.0,0.0,1.0,0.0,0.0,1.0,1.0,0.0,0.0,1.0,0.0
1.223003748120922,-1.6734400216526937,0.6186483203435793,-0.6930487845135059,1.0,0.0,0.0,0.0,0.0,1.0,1.0,0.0,1.0,0.0,0.0,1.0,0.0
-1.5881913821920555,-1.2866991073935943,-1.0064122078066042,-1.3961162808498042,0.0,1.0,0.0,0.0,1.0,0.0,1.0,0.0,0.0,1.0,0.0,0.0,1.0
0.4198051394600712,-1.0449860359816572,-0.895685568791763,0.010018711822792317,0.0,1.0,0.0,1.0,0.0,0.0,1.0,0.0,0.0,1.0,0.0,1.0,0.0
1.4907366176745387,-0.07813375033390871,1.537893388686598,0.010018711822792317,1.0,0.0,0.0,1.0,0.0,0.0,0.0,1.0,1.0,0.0,0.0,0.0,1.0
1.557669835062943,1.6622003638320384,1.0599501425041788,0.010018711822792317,0.0,1.0,0.0,0.0,1.0,0.0,1.0,0.0,0.0,1.0,1.0,0.0,0.0
0.8214044437904965,-0.6582451217225578,-1.5025424381750359,-0.6930487845135059,1.0,0.0,0.0,0.0,1.0,0.0,1.0,0.0,1.0,0.0,0.0,0.0,1.0
-0.24952703442397103,0.5019776210547403,-1.1840027592700213,0.010018711822792317,1.0,0.0,0.0,0.0,1.0,0.0,1.0,0.0,0.0,1.0,1.0,0.0,0.0
-1.722057816968864,1.4688299067024888,-0.35061095451097407,0.010018711822792317,1.0,0.0,0.0,0.0,1.0,0.0,1.0,0.0,1.0,0.0,0.0,1.0,0.0
-0.3833934692007795,-0.5615598931577829,1.368593962366804,0.7130862081590905,1.0,0.0,0.0,0.0,1.0,0.0,1.0,0.0,1.0,0.0,0.0,1.0,0.0
1.289936965509326,-1.4317269502407566,0.3057252100842451,-0.6930487845135059,0.0,0.0,1.0,0.0,1.0,0.0,1.0,0.0,1.0,0.0,0.0,1.0,0.0
0.8214044437904965,0.5019776210547403,1.3712685188647469,3.5253561935042836,1.0,0.0,0.0,0.0,0.0,1.0,1.0,0.0,1.0,0.0,1.0,0.0,0.0
-0.9857924256964175,-1.3350417216759816,1.1768282614642893,0.010018711822792317,0.0,1.0,0.0,0.0,1.0,0.0,1.0,0.0,1.0,0.0,0.0,0.0,1.0
0.08513905251805007,0.8887185353138397,-0.723444130324232,-0.6930487845135059,0.0,0.0,1.0,0.0,0.0,1.0,1.0,0.0,1.0,0.0,0.0,0.0,1.0
-0.7849927735312048,-1.721782635935081,0.8844992362391162,-1.3961162808498042,0.0,1.0,0.0,0.0,0.0,1.0,0.0,1.0,0.0,1.0,1.0,0.0,0.0
-0.1156605996471626,-0.8999581931344949,0.02409441085084423,1.4161537044953887,1.0,0.0,0.0,0.0,0.0,1.0,1.0,0.0,1.0,0.0,0.0,0.0,1.0
0.4198051394600712,0.6470054639019026,-1.5375791282980895,0.010018711822792317,0.0,1.0,0.0,1.0,0.0,0.0,1.0,0.0,0.0,1.0,0.0,1.0,0.0
-0.5172599039775879,-1.4317269502407566,-1.551219366437599,0.7130862081590905,1.0,0.0,0.0,1.0,0.0,0.0,0.0,1.0,1.0,0.0,0.0,0.0,1.0
-0.24952703442397103,1.1304316067257767,-1.7044714537697345,-0.6930487845135059,1.0,0.0,0.0,1.0,0.0,0.0,1.0,0.0,0.0,1.0,1.0,0.0,0.0
-0.6511263387543964,-0.36818943602823323,-0.3455292971648824,0.010018711822792317,0.0,1.0,0.0,1.0,0.0,0.0,1.0,0.0,1.0,0.0,0.0,0.0,1.0
-0.9857924256964175,1.4688299067024888,1.7379502147327361,-0.6930487845135059,0.0,1.0,0.0,0.0,0.0,1.0,1.0,0.0,1.0,0.0,0.0,0.0,1.0
-0.9188592083080133,-1.6734400216526937,1.3945371603968515,-0.6930487845135059,1.0,0.0,0.0,0.0,1.0,0.0,1.0,0.0,1.0,0.0,0.0,0.0,1.0
-0.1156605996471626,0.2602645496428032,0.37767077987891245,-0.6930487845135059,0.0,1.0,0.0,1.0,0.0,0.0,0.0,1.0,1.0,0.0,1.0,0.0,0.0
1.557669835062943,-0.22316159318107098,-0.7309328885184726,-0.6930487845135059,1.0,0.0,0.0,0.0,1.0,0.0,1.0,0.0,1.0,0.0,1.0,0.0,0.0
-0.31646025181237525,-0.9483008074168823,-1.5726158184211434,1.4161537044953887,1.0,0.0,0.0,0.0,0.0,1.0,0.0,1.0,0.0,1.0,0.0,0.0,1.0
-0.1156605996471626,1.3238020638553265,-1.0195175346465253,0.010018711822792317,0.0,0.0,1.0,0.0,1.0,0.0,1.0,0.0,1.0,0.0,0.0,0.0,1.0
0.21900548729485853,0.5986628496195152,1.091242453530112,-0.6930487845135059,1.0,0.0,0.0,0.0,1.0,0.0,0.0,1.0,0.0,1.0,0.0,0.0,1.0
1.557669835062943,1.1304316067257767,-0.30755059489409137,0.010018711822792317,1.0,0.0,0.0,1.0,0.0,0.0,1.0,0.0,0.0,1.0,1.0,0.0,0.0
1.289936965509326,-0.9966434216992697,1.0709158241457453,-1.3961162808498042,1.0,0.0,0.0,0.0,0.0,1.0,1.0,0.0,1.0,0.0,0.0,0.0,1.0
-0.7849927735312048,-0.31984682174584583,0.5483074844476775,-1.3961162808498042,0.0,0.0,1.0,0.0,0.0,1.0,1.0,0.0,1.0,0.0,0.0,1.0,0.0
1.0222040959557093,0.9370611495962271,1.0174246941868847,0.010018711822792317,1.0,0.0,0.0,0.0,0.0,1.0,1.0,0.0,1.0,0.0,0.0,1.0,0.0
-0.9188592083080133,-1.721782635935081,0.7831335449670753,0.7130862081590905,0.0,1.0,0.0,0.0,1.0,0.0,1.0,0.0,1.0,0.0,0.0,0.0,1.0
-0.048727382258758375,0.9854037638786145,-1.5046820833733903,2.119221200831687,0.0,0.0,1.0,0.0,1.0,0.0,1.0,0.0,0.0,1.0,0.0,0.0,1.0
-1.454324947415247,-0.4648746645930081,-1.2254583849881382,0.010018711822792317,1.0,0.0,0.0,0.0,1.0,0.0,0.0,1.0,0.0,1.0,0.0,1.0,0.0
1.4907366176745387,-0.9966434216992697,0.7702956737769487,-0.6930487845135059,1.0,0.0,0.0,1.0,0.0,0.0,1.0,0.0,0.0,1.0,0.0,0.0,1.0
-0.048727382258758375,-1.5284121788055314,-0.3960784149760056,0.7130862081590905,0.0,1.0,0.0,0.0,1.0,0.0,1.0,0.0,0.0,1.0,1.0,0.0,0.0
-1.119658860473226,0.35694977820757806,0.13161158206815382,1.4161537044953887,1.0,0.0,0.0,1.0,0.0,0.0,1.0,0.0,0.0,1.0,1.0,0.0,0.0
0.4867383568484754,0.7436906924666774,1.6577135197944455,2.119221200831687,0.0,0.0,1.0,0.0,1.0,0.0,1.0,0.0,1.0,0.0,0.0,1.0,0.0
1.6246030524513473,1.2271168352905517,-0.6504287379303872,0.010018711822792317,0.0,1.0,0.0,0.0,1.0,0.0,1.0,0.0,1.0,0.0,0.0,0.0,1.0
1.6246030524513473,-1.141671264546432,0.2872707702484382,0.010018711822792317,0.0,1.0,0.0,0.0,1.0,0.0,1.0,0.0,0.0,1.0,0.0,0.0,1.0
-0.1156605996471626,-0.7065877360049452,-1.4292595901313971,0.010018711822792317,1.0,0.0,0.0,0.0,1.0,0.0,0.0,1.0,1.0,0.0,0.0,1.0,0.0
-1.119658860473226,0.9854037638786145,0.9813181814646535,-1.3961162808498042,0.0,1.0,0.0,1.0,0.0,0.0,1.0,0.0,1.0,0.0,0.0,0.0,1.0
1.4907366176745387,-0.17481897889868356,0.6111595621493389,-0.6930487845135059,1.0,0.0,0.0,1.0,0.0,0.0,1.0,0.0,1.0,0.0,0.0,1.0,0.0
1.6915362698397514,0.1635793210780284,0.05511926622698326,0.7130862081590905,0.0,1.0,0.0,0.0,1.0,0.0,1.0,0.0,1.0,0.0,0.0,1.0,0.0
-0.5841931213659922,0.7920333067490648,1.6507596728997938,0.7130862081590905,1.0,0.0,0.0,1.0,0.0,0.0,0.0,1.0,1.0,0.0,0.0,1.0,0.0
1.557669835062943,-1.0933286502640445,1.5782791918055374,0.010018711822792317,1.0,0.0,0.0,0.0,1.0,0.0,1.0,0.0,0.0,1.0,1.0,0.0,0.0
0.15207226990645428,-0.31984682174584583,-0.8424618944826967,0.010018711822792317,0.0,1.0,0.0,0.0,1.0,0.0,1.0,0.0,1.0,0.0,1.0,0.0,0.0
-0.9188592083080133,0.2602645496428032,1.1610483781264254,-1.3961162808498042,0.0,1.0,0.0,0.0,0.0,1.0,1.0,0.0,1.0,0.0,0.0,1.0,0.0
-0.9857924256964175,-1.5767547930879187,-0.8114370391065576,1.4161537044953887,1.0,0.0,0.0,0.0,1.0,0.0,0.0,1.0,1.0,0.0,1.0,0.0,0.0
0.6206047916252838,-1.2383564931112068,0.5223642864176301,-0.6930487845135059,0.0,0.0,1.0,1.0,0.0,0.0,0.0,1.0,1.0,0.0,1.0,0.0,0.0
1.3568701828977303,0.11523670679564098,1.4175383462791618,2.119221200831687,1.0,0.0,0.0,0.0,1.0,0.0,1.0,0.0,1.0,0.0,0.0,1.0,0.0
-1.0527256430848217,-0.8516155788521075,0.553121686143975,1.4161537044953887,0.0,0.0,1.0,1.0,0.0,0.0,0.0,1.0,1.0,0.0,0.0,0.0,1.0
0.4198051394600712,-0.31984682174584583,-0.014151747069741248,-1.3961162808498042,0.0,0.0,1.0,0.0,1.0,0.0,0.0,1.0,1.0,0.0,0.0,0.0,1.0
-1.5881913821920555,-1.3350417216759816,1.599140732489493,1.4161537044953887,0.0,0.0,1.0,0.0,1.0,0.0,1.0,0.0,0.0,1.0,0.0,0.0,1.0
-1.0527256430848217,0.2602645496428032,-0.4891529811044227,-0.6930487845135059,0.0,1.0,0.0,0.0,1.0,0.0,1.0,0.0,0.0,1.0,0.0,1.0,0.0
-0.18259381703556682,-1.6250974073703062,-1.6640856506507948,-0.6930487845135059,0.0,0.0,1.0,0.0,0.0,1.0,0.0,1.0,1.0,0.0,0.0,1.0,0.0
0.8214044437904965,-1.5767547930879187,-1.671306953195241,-0.6930487845135059,1.0,0.0,0.0,0.0,0.0,1.0,1.0,0.0,1.0,0.0,0.0,0.0,1.0
1.6915362698397514,0.8887185353138397,1.509543089808402,0.010018711822792317,0.0,1.0,0.0,0.0,0.0,1.0,1.0,0.0,0.0,1.0,0.0,1.0,0.0
-1.454324947415247,-0.17481897889868356,1.3568259137758547,-0.6930487845135059,0.0,1.0,0.0,1.0,0.0,0.0,0.0,1.0,1.0,0.0,0.0,1.0,0.0
0.6875380090136881,1.4204872924201013,-0.6028216322670016,-0.6930487845135059,1.0,0.0,0.0,1.0,0.0,0.0,1.0,0.0,0.0,1.0,0.0,1.0,0.0
0.21900548729485853,-0.9483008074168823,-1.5338347492009694,0.7130862081590905,1.0,0.0,0.0,0.0,0.0,1.0,0.0,1.0,1.0,0.0,0.0,1.0,0.0
1.3568701828977303,-1.383384335958369,1.2343312261700639,0.010018711822792317,1.0,0.0,0.0,0.0,1.0,0.0,1.0,0.0,1.0,0.0,0.0,1.0,0.0
-1.722057816968864,-1.4800695645231439,-1.5033448051244187,-0.6930487845135059,1.0,0.0,0.0,1.0,0.0,0.0,0.0,1.0,0.0,1.0,0.0,1.0,0.0
-0.9857924256964175,-0.5615598931577829,0.461116942614735,-1.3961162808498042,1.0,0.0,0.0,0.0,0.0,1.0,1.0,0.0,1.0,0.0,0.0,0.0,1.0
-0.6511263387543964,1.5655151352672636,1.2677631823943516,0.7130862081590905,0.0,1.0,0.0,1.0,0.0,0.0,1.0,0.0,1.0,0.0,0.0,0.0,1.0
0.955270878567305,-1.0449860359816572,-1.1529779038938823,0.7130862081590905,1.0,0.0,0.0,0.0,0.0,1.0,1.0,0.0,1.0,0.0,0.0,1.0,0.0
1.6915362698397514,-0.5132172788753955,0.09871453714345449,0.010018711822792317,1.0,0.0,0.0,0.0,0.0,1.0,1.0,0.0,1.0,0.0,0.0,0.0,1.0
1.4238034002861346,-1.5284121788055314,0.36403054173940286,-1.3961162808498042,1.0,0.0,0.0,0.0,1.0,0.0,1.0,0.0,0.0,1.0,1.0,0.0,0.0
1.3568701828977303,1.5655151352672636,0.1251926464730907,0.7130862081590905,0.0,1.0,0.0,1.0,0.0,0.0,1.0,0.0,0.0,1.0,1.0,0.0,0.0
0.7544712264020923,0.06689409251325355,1.1738862493165516,0.010018711822792317,1.0,0.0,0.0,0.0,1.0,0.0,1.0,0.0,1.0,0.0,1.0,0.0,0.0
-0.3833934692007795,0.7920333067490648,-0.6817210489563208,0.7130862081590905,0.0,0.0,1.0,1.0,0.0,0.0,1.0,0.0,1.0,0.0,1.0,0.0,0.0
0.4198051394600712,-0.36818943602823323,1.6047573011351737,-1.3961162808498042,1.0,0.0,0.0,0.0,1.0,0.0,0.0,1.0,0.0,1.0,0.0,1.0,0.0
-1.0527256430848217,0.9370611495962271,-0.545051211911432,0.010018711822792317,1.0,0.0,0.0,0.0,1.0,0.0,0.0,1.0,1.0,0.0,1.0,0.0,0.0
-0.7849927735312048,1.2271168352905517,-0.15964762055784187,0.7130862081590905,0.0,0.0,1.0,0.0,1.0,0.0,1.0,0.0,1.0,0.0,0.0,1.0,0.0
-0.7849927735312048,0.7436906924666774,-0.37601924124143293,0.010018711822792317,0.0,0.0,1.0,0.0,0.0,1.0,1.0,0.0,1.0,0.0,0.0,1.0,0.0
1.3568701828977303,0.1635793210780284,1.4440164556087973,-0.6930487845135059,0.0,1.0,0.0,1.0,0.0,0.0,1.0,0.0,1.0,0.0,0.0,1.0,0.0
1.6246030524513473,1.5655151352672636,-0.6632666091205139,-0.6930487845135059,1.0,0.0,0.0,0.0,0.0,1.0,1.0,0.0,1.0,0.0,0.0,1.0,0.0
-0.048727382258758375,1.1304316067257767,0.07250388346361308,0.010018711822792317,0.0,0.0,1.0,0.0,1.0,0.0,0.0,1.0,0.0,1.0,1.0,0.0,0.0
1.557669835062943,-0.4165320503106206,0.5245039316159845,0.7130862081590905,0.0,1.0,0.0,0.0,1.0,0.0,1.0,0.0,1.0,0.0,0.0,1.0,0.0
-0.7849927735312048,-1.1900138788288195,0.45496546266946597,1.4161537044953887,1.0,0.0,0.0,0.0,1.0,0.0,1.0,0.0,1.0,0.0,0.0,1.0,0.0
1.4907366176745387,-0.8999581931344949,1.617862627975094,0.7130862081590905,1.0,0.0,0.0,0.0,1.0,0.0,1.0,0.0,1.0,0.0,1.0,0.0,0.0
0.2859387046832627,-1.141671264546432,-1.0286110267395314,1.4161537044953887,1.0,0.0,0.0,1.0,0.0,0.0,1.0,0.0,0.0,1.0,0.0,0.0,1.0
-0.24952703442397103,0.5503202353371277,-1.5865235122104469,-0.6930487845135059,0.0,1.0,0.0,1.0,0.0,0.0,1.0,0.0,1.0,0.0,0.0,1.0,0.0
-0.31646025181237525,-0.8999581931344949,0.40307906660937126,0.7130862081590905,1.0,0.0,0.0,1.0,0.0,0.0,0.0,1.0,1.0,0.0,1.0,0.0,0.0
0.018205835129645846,-0.07813375033390871,1.723775065293638,0.010018711822792317,0.0,1.0,0.0,0.0,0.0,1.0,1.0,0.0,0.0,1.0,0.0,1.0,0.0
-0.31646025181237525,0.5986628496195152,-1.706878554617883,0.010018711822792317,0.0,0.0,1.0,1.0,0.0,0.0,1.0,0.0,1.0,0.0,0.0,1.0,0.0
1.6246030524513473,-0.80327296456972,-0.01976831571542144,-1.3961162808498042,1.0,0.0,0.0,1.0,0.0,0.0,1.0,0.0,0.0,1.0,0.0,1.0,0.0
1.0891373133441133,-0.5132172788753955,-1.459214622908359,1.4161537044953887,1.0,0.0,0.0,0.0,0.0,1.0,1.0,0.0,1.0,0.0,0.0,1.0,0.0
0.15207226990645428,-0.8516155788521075,1.2575998677021683,-0.6930487845135059,0.0,1.0,0.0,0.0,1.0,0.0,1.0,0.0,0.0,1.0,1.0,0.0,0.0
0.8883376611789008,1.033746378161002,-0.40062516102250845,1.4161537044953887,1.0,0.0,0.0,1.0,0.0,0.0,1.0,0.0,1.0,0.0,0.0,1.0,0.0
0.6206047916252838,0.9854037638786145,0.20435951881220416,-0.6930487845135059,1.0,0.0,0.0,0.0,0.0,1.0,0.0,1.0,1.0,0.0,1.0,0.0,0.0
-1.454324947415247,-1.141671264546432,1.2263075566762351,-0.6930487845135059,1.0,0.0,0.0,0.0,1.0,0.0,0.0,1.0,0.0,1.0,0.0,0.0,1.0
0.8883376611789008,0.7920333067490648,-0.297654735851702,0.010018711822792317,1.0,0.0,0.0,0.0,1.0,0.0,0.0,1.0,0.0,1.0,1.0,0.0,0.0
0.21900548729485853,-0.8999581931344949,-0.3099576957422398,-0.6930487845135059,1.0,0.0,0.0,1.0,0.0,0.0,1.0,0.0,1.0,0.0,1.0,0.0,0.0
1.0222040959557093,0.5019776210547403,1.7398224042812962,0.7130862081590905,1.0,0.0,0.0,0.0,1.0,0.0,0.0,1.0,1.0,0.0,0.0,0.0,1.0
-0.45032668658918373,1.710542978114426,-1.609524698092757,0.7130862081590905,1.0,0.0,0.0,0.0,1.0,0.0,1.0,0.0,1.0,0.0,1.0,0.0,0.0
-0.048727382258758375,0.69534807818429,0.615706308195842,0.010018711822792317,0.0,1.0,0.0,1.0,0.0,0.0,1.0,0.0,1.0,0.0,1.0,0.0,0.0
0.15207226990645428,0.8403759210314523,0.5242364759661905,-0.6930487845135059,0.0,1.0,0.0,0.0,1.0,0.0,0.0,1.0,0.0,1.0,0.0,0.0,1.0
-1.2535252952500344,-1.2383564931112068,1.7221703313948722,0.7130862081590905,0.0,1.0,0.0,1.0,0.0,0.0,1.0,0.0,1.0,0.0,0.0,1.0,0.0
-1.454324947415247,-0.7065877360049452,-1.189886783565496,-0.6930487845135059,0.0,0.0,1.0,0.0,1.0,0.0,1.0,0.0,1.0,0.0,0.0,1.0,0.0
0.8214044437904965,-0.6099025074401704,-1.554696289884925,0.7130862081590905,1.0,0.0,0.0,0.0,1.0,0.0,1.0,0.0,1.0,0.0,0.0,1.0,0.0
1.6246030524513473,0.21192193536041581,0.8687193529012522,0.7130862081590905,1.0,0.0,0.0,0.0,1.0,0.0,1.0,0.0,1.0,0.0,1.0,0.0,0.0
-1.0527256430848217,-0.4648746645930081,-1.069799196807854,1.4161537044953887,0.0,1.0,0.0,0.0,1.0,0.0,0.0,1.0,1.0,0.0,1.0,0.0,0.0
-0.8519259909196091,-0.9483008074168823,-0.3896594793809421,-0.6930487845135059,1.0,0.0,0.0,0.0,1.0,0.0,0.0,1.0,0.0,1.0,1.0,0.0,0.0
1.4907366176745387,-0.02979113605152129,0.5664944686336902,0.010018711822792317,0.0,1.0,0.0,1.0,0.0,0.0,1.0,0.0,1.0,0.0,0.0,0.0,1.0
0.2859387046832627,1.710542978114426,1.212132407237137,0.010018711822792317,1.0,0.0,0.0,0.0,1.0,0.0,1.0,0.0,0.0,1.0,0.0,0.0,1.0
-0.24952703442397103,-0.6582451217225578,-1.2570181516638659,1.4161537044953887,1.0,0.0,0.0,1.0,0.0,0.0,0.0,1.0,1.0,0.0,0.0,0.0,1.0
-0.048727382258758375,1.1787742210081642,-0.3198535547846291,0.010018711822792317,0.0,1.0,0.0,0.0,0.0,1.0,0.0,1.0,0.0,1.0,1.0,0.0,0.0
-0.24952703442397103,0.1635793210780284,0.6930009909863956,-0.6930487845135059,0.0,0.0,1.0,0.0,1.0,0.0,0.0,1.0,0.0,1.0,1.0,0.0,0.0
-1.5881913821920555,0.8403759210314523,1.4696921979890505,-1.3961162808498042,1.0,0.0,0.0,0.0,1.0,0.0,1.0,0.0,1.0,0.0,0.0,0.0,1.0
-1.3873917300268428,1.710542978114426,-1.684679735684956,2.119221200831687,0.0,0.0,1.0,0.0,1.0,0.0,1.0,0.0,1.0,0.0,0.0,0.0,1.0
-1.119658860473226,0.35694977820757806,1.5729300788096519,0.010018711822792317,0.0,1.0,0.0,0.0,0.0,1.0,0.0,1.0,0.0,1.0,0.0,1.0,0.0
-0.18259381703556682,1.1304316067257767,-1.3979672791054636,1.4161537044953887,1.0,0.0,0.0,0.0,1.0,0.0,0.0,1.0,1.0,0.0,0.0,1.0,0.0
-1.454324947415247,0.9370611495962271,-0.6025541766172071,0.010018711822792317,0.0,1.0,0.0,0.0,1.0,0.0,1.0,0.0,1.0,0.0,1.0,0.0,0.0
0.08513905251805007,0.9854037638786145,0.18670744592578026,-1.3961162808498042,1.0,0.0,0.0,0.0,0.0,1.0,1.0,0.0,1.0,0.0,0.0,0.0,1.0
-1.5881913821920555,-1.5284121788055314,-0.9785968202279969,0.010018711822792317,0.0,0.0,1.0,0.0,0.0,1.0,1.0,0.0,0.0,1.0,0.0,0.0,1.0
-1.5212581648036514,1.1304316067257767,-0.8726843829094529,-0.6930487845135059,0.0,0.0,1.0,0.0,1.0,0.0,1.0,0.0,0.0,1.0,0.0,0.0,1.0
0.21900548729485853,-0.12647636461629613,-0.2393494041965442,-0.6930487845135059,1.0,0.0,0.0,1.0,0.0,0.0,1.0,0.0,1.0,0.0,1.0,0.0,0.0
-0.5841931213659922,-0.7065877360049452,0.18109087728010007,0.010018711822792317,0.0,1.0,0.0,0.0,0.0,1.0,0.0,1.0,0.0,1.0,0.0,1.0,0.0
-0.5841931213659922,-0.8999581931344949,-1.622897480582472,-1.3961162808498042,0.0,1.0,0.0,0.0,0.0,1.0,1.0,0.0,1.0,0.0,1.0,0.0,0.0
-0.24952703442397103,-1.6250974073703062,-1.2425755465749737,2.119221200831687,0.0,1.0,0.0,0.0,1.0,0.0,0.0,1.0,1.0,0.0,1.0,0.0,0.0
1.6246030524513473,0.4536350067723529,0.3838222598241815,0.010018711822792317,1.0,0.0,0.0,1.0,0.0,0.0,0.0,1.0,1.0,0.0,0.0,0.0,1.0
0.6206047916252838,-0.5132172788753955,0.17119501823771074,-1.3961162808498042,0.0,0.0,1.0,0.0,1.0,0.0,1.0,0.0,0.0,1.0,0.0,0.0,1.0
1.223003748120922,-0.8999581931344949,-0.12434347478499372,-0.6930487845135059,1.0,0.0,0.0,0.0,1.0,0.0,1.0,0.0,0.0,1.0,0.0,0.0,1.0
-0.7849927735312048,-0.7065877360049452,0.6320211028332945,-1.3961162808498042,1.0,0.0,0.0,1.0,0.0,0.0,1.0,0.0,1.0,0.0,0.0,0.0,1.0
-1.454324947415247,0.8887185353138397,0.9754341571691789,0.010018711822792317,1.0,0.0,0.0,0.0,0.0,1.0,0.0,1.0,0.0,1.0,1.0,0.0,0.0
1.4907366176745387,0.21192193536041581,-0.18505590728830074,0.010018711822792317,1.0,0.0,0.0,0.0,1.0,0.0,0.0,1.0,1.0,0.0,0.0,1.0,0.0
-0.6511263387543964,1.4204872924201013,-0.8601139673691207,0.7130862081590905,1.0,0.0,0.0,1.0,0.0,0.0,1.0,0.0,1.0,0.0,0.0,1.0,0.0
-0.9857924256964175,1.1304316067257767,1.6130484262787972,0.010018711822792317,0.0,0.0,1.0,0.0,0.0,1.0,1.0,0.0,0.0,1.0,0.0,1.0,0.0
0.018205835129645846,-0.9483008074168823,0.6095548282505729,0.010018711822792317,1.0,0.0,0.0,0.0,1.0,0.0,1.0,0.0,0.0,1.0,1.0,0.0,0.0
0.2859387046832627,-0.07813375033390871,0.7574578025868224,-0.6930487845135059,1.0,0.0,0.0,0.0,1.0,0.0,0.0,1.0,0.0,1.0,0.0,0.0,1.0
-0.3833934692007795,-0.12647636461629613,0.37820569117850095,1.4161537044953887,1.0,0.0,0.0,1.0,0.0,0.0,1.0,0.0,1.0,0.0,0.0,0.0,1.0
-0.1156605996471626,1.033746378161002,1.3143004654585606,0.010018711822792317,0.0,1.0,0.0,0.0,0.0,1.0,0.0,1.0,0.0,1.0,0.0,1.0,0.0
1.6915362698397514,-1.5767547930879187,-1.3343128344544195,0.010018711822792317,1.0,0.0,0.0,0.0,0.0,1.0,1.0,0.0,1.0,0.0,0.0,0.0,1.0
1.0891373133441133,0.9854037638786145,1.261076791149494,-1.3961162808498042,1.0,0.0,0.0,0.0,0.0,1.0,0.0,1.0,1.0,0.0,0.0,0.0,1.0
1.557669835062943,-0.8999581931344949,-1.3324406449058592,1.4161537044953887,1.0,0.0,0.0,1.0,0.0,0.0,0.0,1.0,1.0,0.0,1.0,0.0,0.0
0.21900548729485853,1.6622003638320384,-0.0315363643063707,-0.6930487845135059,0.0,0.0,1.0,1.0,0.0,0.0,0.0,1.0,0.0,1.0,0.0,0.0,1.0
-0.3833934692007795,0.21192193536041581,1.476913500533497,0.7130862081590905,0.0,1.0,0.0,0.0,1.0,0.0,1.0,0.0,1.0,0.0,0.0,0.0,1.0
0.8883376611789008,1.6622003638320384,-1.5514868220873932,-0.6930487845135059,0.0,1.0,0.0,0.0,1.0,0.0,0.0,1.0,1.0,0.0,0.0,1.0,0.0
-0.5172599039775879,0.9854037638786145,0.7122577977715854,-1.3961162808498042,1.0,0.0,0.0,0.0,1.0,0.0,0.0,1.0,0.0,1.0,0.0,0.0,1.0
0.7544712264020923,0.1635793210780284,-1.6242347588314436,0.7130862081590905,1.0,0.0,0.0,0.0,1.0,0.0,0.0,1.0,1.0,0.0,0.0,0.0,1.0
-0.048727382258758375,1.3721446781377138,-0.9959814374646265,-0.6930487845135059,0.0,1.0,0.0,0.0,1.0,0.0,0.0,1.0,1.0,0.0,0.0,0.0,1.0
-1.722057816968864,-0.7549303502873326,-1.4709826714993084,-0.6930487845135059,1.0,0.0,0.0,0.0,1.0,0.0,1.0,0.0,1.0,0.0,1.0,0.0,0.0
1.223003748120922,-0.5132172788753955,0.7965063274567905,-0.6930487845135059,1.0,0.0,0.0,0.0,1.0,0.0,1.0,0.0,0.0,1.0,1.0,0.0,0.0
1.223003748120922,1.0820889924433894,0.5164802621221555,0.7130862081590905,1.0,0.0,0.0,0.0,1.0,0.0,1.0,0.0,1.0,0.0,0.0,0.0,1.0
1.223003748120922,0.5019776210547403,-0.17034584654961377,0.010018711822792317,0.0,1.0,0.0,0.0,1.0,0.0,1.0,0.0,0.0,1.0,0.0,1.0,0.0
0.5536715742368796,1.3721446781377138,-0.5937281401739952,0.010018711822792317,0.0,1.0,0.0,0.0,1.0,0.0,1.0,0.0,1.0,0.0,0.0,0.0,1.0
0.2859387046832627,0.21192193536041581,-1.6726442314442125,2.8222886971679855,1.0,0.0,0.0,1.0,0.0,0.0,0.0,1.0,0.0,1.0,1.0,0.0,0.0
-0.5841931213659922,0.69534807818429,1.4079099428865665,0.7130862081590905,1.0,0.0,0.0,0.0,1.0,0.0,0.0,1.0,1.0,0.0,0.0,0.0,1.0
0.955270878567305,1.5655151352672636,-0.8122394060559406,0.7130862081590905,0.0,0.0,1.0,1.0,0.0,0.0,0.0,1.0,0.0,1.0,0.0,0.0,1.0
-1.3204585126384387,1.275459449572939,1.446156100807152,0.7130862081590905,1.0,0.0,0.0,1.0,0.0,0.0,1.0,0.0,0.0,1.0,0.0,1.0,0.0
0.8883376611789008,-0.22316159318107098,-1.4955885912803841,0.010018711822792317,0.0,1.0,0.0,0.0,0.0,1.0,1.0,0.0,1.0,0.0,0.0,1.0,0.0
0.6875380090136881,-1.0933286502640445,-1.1251625163152748,-0.6930487845135059,0.0,0.0,1.0,0.0,1.0,0.0,1.0,0.0,0.0,1.0,0.0,0.0,1.0
-0.5172599039775879,-0.8516155788521075,-0.8451364509806397,0.010018711822792317,0.0,1.0,0.0,0.0,1.0,0.0,0.0,1.0,1.0,0.0,1.0,0.0,0.0
0.8214044437904965,1.6622003638320384,-1.311044192922315,-1.3961162808498042,1.0,0.0,0.0,1.0,0.0,0.0,1.0,0.0,1.0,0.0,0.0,0.0,1.0
-0.24952703442397103,-0.02979113605152129,1.2990554934202856,2.8222886971679855,0.0,0.0,1.0,0.0,1.0,0.0,1.0,0.0,0.0,1.0,1.0,0.0,0.0
-1.119658860473226,1.517172520984876,-0.37949616468875874,-0.6930487845135059,0.0,1.0,0.0,0.0,1.0,0.0,0.0,1.0,0.0,1.0,1.0,0.0,0.0
0.35287192207166695,-0.5132172788753955,-1.5536264672857478,0.7130862081590905,0.0,1.0,0.0,0.0,0.0,1.0,0.0,1.0,1.0,0.0,0.0,1.0,0.0
0.5536715742368796,0.5503202353371277,0.3757985903303521,0.7130862081590905,0.0,1.0,0.0,0.0,1.0,0.0,1.0,0.0,1.0,0.0,1.0,0.0,0.0
1.557669835062943,-0.7065877360049452,-0.08663222816399713,-0.6930487845135059,0.0,0.0,1.0,0.0,0.0,1.0,1.0,0.0,0.0,1.0,0.0,1.0,0.0
1.4238034002861346,0.5019776210547403,1.4881466378248573,-0.6930487845135059,1.0,0.0,0.0,0.0,0.0,1.0,0.0,1.0,1.0,0.0,0.0,1.0,0.0
0.955270878567305,0.4536350067723529,0.19125419197228344,0.010018711822792317,0.0,0.0,1.0,0.0,1.0,0.0,1.0,0.0,0.0,1.0,0.0,0.0,1.0
0.955270878567305,0.21192193536041581,0.4086956352550515,0.010018711822792317,1.0,0.0,0.0,0.0,1.0,0.0,1.0,0.0,1.0,0.0,0.0,1.0,0.0
-0.9857924256964175,0.8403759210314523,-0.40062516102250845,0.7130862081590905,1.0,0.0,0.0,1.0,0.0,0.0,0.0,1.0,1.0,0.0,1.0,0.0,0.0
1.4907366176745387,0.5503202353371277,0.801320529153088,0.7130862081590905,1.0,0.0,0.0,0.0,1.0,0.0,1.0,0.0,1.0,0.0,0.0,0.0,1.0
-0.9188592083080133,-1.4800695645231439,0.07250388346361308,-1.3961162808498042,1.0,0.0,0.0,0.0,1.0,0.0,1.0,0.0,0.0,1.0,0.0,0.0,1.0
-0.9857924256964175,-0.80327296456972,-0.15884525360845894,1.4161537044953887,0.0,1.0,0.0,0.0,0.0,1.0,1.0,0.0,0.0,1.0,0.0,1.0,0.0
0.5536715742368796,-0.4165320503106206,-1.4233755658359224,-1.3961162808498042,0.0,0.0,1.0,1.0,0.0,0.0,1.0,0.0,1.0,0.0,0.0,1.0,0.0
-1.3873917300268428,1.033746378161002,-0.07834110302037368,1.4161537044953887,1.0,0.0,0.0,0.0,1.0,0.0,1.0,0.0,1.0,0.0,1.0,0.0,0.0
0.08513905251805007,1.4204872924201013,0.4637914991126779,-1.3961162808498042,0.0,1.0,0.0,1.0,0.0,0.0,1.0,0.0,1.0,0.0,1.0,0.0,0.0
1.0891373133441133,0.9854037638786145,-0.991969602717712,0.010018711822792317,0.0,0.0,1.0,0.0,1.0,0.0,1.0,0.0,0.0,1.0,0.0,0.0,1.0
-1.5212581648036514,1.2271168352905517,1.5673135101639712,0.010018711822792317,0.0,1.0,0.0,0.0,1.0,0.0,1.0,0.0,0.0,1.0,1.0,0.0,0.0
-1.0527256430848217,0.8403759210314523,0.772970230274892,-0.6930487845135059,1.0,0.0,0.0,1.0,0.0,0.0,1.0,0.0,1.0,0.0,0.0,0.0,1.0
-1.119658860473226,1.3238020638553265,-1.626106948380004,-1.3961162808498042,0.0,0.0,1.0,0.0,0.0,1.0,1.0,0.0,0.0,1.0,0.0,0.0,1.0
-1.454324947415247,-1.5767547930879187,-0.8314962128411303,2.119221200831687,1.0,0.0,0.0,0.0,0.0,1.0,1.0,0.0,0.0,1.0,1.0,0.0,0.0
0.5536715742368796,-1.721782635935081,-0.728793243320118,0.7130862081590905,0.0,0.0,1.0,0.0,1.0,0.0,1.0,0.0,1.0,0.0,0.0,1.0,0.0
0.7544712264020923,-1.4317269502407566,0.9497584147889261,-0.6930487845135059,0.0,1.0,0.0,0.0,0.0,1.0,0.0,1.0,1.0,0.0,1.0,0.0,0.0
-1.2535252952500344,0.1635793210780284,-0.25539674318420225,-1.3961162808498042,0.0,0.0,1.0,0.0,0.0,1.0,1.0,0.0,1.0,0.0,0.0,0.0,1.0
-1.0527256430848217,-0.4648746645930081,1.70959991585454,0.010018711822792317,1.0,0.0,0.0,1.0,0.0,0.0,1.0,0.0,0.0,1.0,0.0,0.0,1.0
-1.1865920778616301,0.5019776210547403,-1.0917305600909868,0.010018711822792317,0.0,0.0,1.0,1.0,0.0,0.0,1.0,0.0,1.0,0.0,1.0,0.0,0.0
1.6915362698397514,-0.7549303502873326,0.5047122135312062,0.7130862081590905,1.0,0.0,0.0,0.0,0.0,1.0,0.0,1.0,1.0,0.0,0.0,0.0,1.0
0.7544712264020923,0.06689409251325355,-1.0545542247695787,0.7130862081590905,1.0,0.0,0.0,0.0,0.0,1.0,1.0,0.0,1.0,0.0,1.0,0.0,0.0
-1.5881913821920555,-0.17481897889868356,-0.8175885190518265,0.010018711822792317,0.0,1.0,0.0,1.0,0.0,0.0,0.0,1.0,0.0,1.0,0.0,1.0,0.0
0.21900548729485853,0.4052923924899655,-0.08743459511338007,0.010018711822792317,1.0,0.0,0.0,1.0,0.0,0.0,1.0,0.0,1.0,0.0,0.0,0.0,1.0
-0.18259381703556682,1.1304316067257767,-0.9810039210761455,0.7130862081590905,1.0,0.0,0.0,0.0,0.0,1.0,1.0,0.0,0.0,1.0,0.0,1.0,0.0
-1.0527256430848217,0.8887185353138397,0.048967786281714186,0.010018711822792317,1.0,0.0,0.0,1.0,0.0,0.0,1.0,0.0,0.0,1.0,0.0,1.0,0.0
0.35287192207166695,0.11523670679564098,0.49267670929046253,0.010018711822792317,0.0,0.0,1.0,0.0,0.0,1.0,1.0,0.0,1.0,0.0,0.0,1.0,0.0
-0.8519259909196091,0.35694977820757806,-0.7378867354131243,-0.6930487845135059,1.0,0.0,0.0,0.0,1.0,0.0,1.0,0.0,1.0,0.0,0.0,1.0,0.0
1.1560705307325176,0.5986628496195152,-0.7194322955773176,0.010018711822792317,1.0,0.0,0.0,0.0,1.0,0.0,1.0,0.0,1.0,0.0,0.0,0.0,1.0
1.1560705307325176,-0.07813375033390871,1.4873442708754745,-0.6930487845135059,1.0,0.0,0.0,0.0,1.0,0.0,0.0,1.0,1.0,0.0,0.0,1.0,0.0
0.6206047916252838,-0.2715042074634584,-0.6097754791616534,0.010018711822792317,0.0,1.0,0.0,0.0,1.0,0.0,1.0,0.0,0.0,1.0,0.0,1.0,0.0
0.08513905251805007,0.7920333067490648,-0.03795529990143421,1.4161537044953887,0.0,1.0,0.0,0.0,0.0,1.0,1.0,0.0,1.0,0.0,0.0,1.0,0.0
0.4198051394600712,1.4688299067024888,0.3832873485245926,0.010018711822792317,0.0,1.0,0.0,0.0,0.0,1.0,0.0,1.0,1.0,0.0,0.0,1.0,0.0
-0.5841931213659922,-0.31984682174584583,-0.8173210634020323,1.4161537044953887,1.0,0.0,0.0,0.0,0.0,1.0,0.0,1.0,0.0,1.0,0.0,0.0,1.0
1.1560705307325176,-0.17481897889868356,0.6242648889892596,-1.3961162808498042,1.0,0.0,0.0,0.0,1.0,0.0,1.0,0.0,0.0,1.0,1.0,0.0,0.0
-0.45032668658918373,0.7920333067490648,-1.4477140299672038,-0.6930487845135059,0.0,0.0,1.0,0.0,1.0,0.0,1.0,0.0,0.0,1.0,0.0,1.0,0.0
1.6915362698397514,0.5019776210547403,-0.3637162813508948,0.010018711822792317,0.0,1.0,0.0,0.0,1.0,0.0,1.0,0.0,1.0,0.0,0.0,1.0,0.0
-0.3833934692007795,1.4204872924201013,-1.1096500886272052,0.010018711822792317,1.0,0.0,0.0,0.0,1.0,0.0,1.0,0.0,1.0,0.0,0.0,1.0,0.0
0.15207226990645428,-0.07813375033390871,-0.6763719359604348,-0.6930487845135059,1.0,0.0,0.0,1.0,0.0,0.0,1.0,0.0,0.0,1.0,0.0,1.0,0.0
-1.119658860473226,1.2271168352905517,0.48197848329869064,-1.3961162808498042,1.0,0.0,0.0,0.0,0.0,1.0,1.0,0.0,1.0,0.0,0.0,0.0,1.0
-1.2535252952500344,-1.5767547930879187,-1.661678549802646,0.7130862081590905,0.0,0.0,1.0,0.0,1.0,0.0,1.0,0.0,1.0,0.0,0.0,1.0,0.0
-0.18259381703556682,-1.5284121788055314,-0.46213996047519834,-0.6930487845135059,1.0,0.0,0.0,0.0,0.0,1.0,1.0,0.0,1.0,0.0,0.0,0.0,1.0
1.557669835062943,0.7436906924666774,1.679912338727373,-1.3961162808498042,0.0,1.0,0.0,1.0,0.0,0.0,0.0,1.0,1.0,0.0,0.0,0.0,1.0
0.2859387046832627,0.5503202353371277,-0.5530748814052611,-1.3961162808498042,1.0,0.0,0.0,1.0,0.0,0.0,1.0,0.0,1.0,0.0,0.0,0.0,1.0
0.4867383568484754,-1.6250974073703062,0.31776071432498876,2.119221200831687,0.0,0.0,1.0,0.0,1.0,0.0,1.0,0.0,0.0,1.0,0.0,0.0,1.0
1.6915362698397514,1.5655151352672636,1.2843454326815986,-0.6930487845135059,1.0,0.0,0.0,0.0,1.0,0.0,0.0,1.0,1.0,0.0,1.0,0.0,0.0
0.15207226990645428,-1.4317269502407566,1.6692141127356006,0.7130862081590905,0.0,0.0,1.0,0.0,1.0,0.0,1.0,0.0,1.0,0.0,0.0,1.0,0.0
1.6915362698397514,0.5019776210547403,-1.5014726155758589,-0.6930487845135059,0.0,0.0,1.0,0.0,0.0,1.0,1.0,0.0,1.0,0.0,1.0,0.0,0.0
-1.6551245995804598,-1.0449860359816572,-0.4565233918295178,0.010018711822792317,1.0,0.0,0.0,1.0,0.0,0.0,1.0,0.0,1.0,0.0,0.0,0.0,1.0
1.0222040959557093,0.21192193536041581,1.004586822996758,0.7130862081590905,0.0,1.0,0.0,0.0,1.0,0.0,1.0,0.0,0.0,1.0,1.0,0.0,0.0
1.223003748120922,-1.383384335958369,-1.1310465406107495,0.7130862081590905,1.0,0.0,0.0,1.0,0.0,0.0,0.0,1.0,0.0,1.0,0.0,0.0,1.0
0.8883376611789008,0.5019776210547403,-0.6057636444147388,0.010018711822792317,0.0,1.0,0.0,0.0,1.0,0.0,1.0,0.0,0.0,1.0,0.0,0.0,1.0
0.08513905251805007,-1.6734400216526937,0.22094176909945104,0.010018711822792317,1.0,0.0,0.0,1.0,0.0,0.0,1.0,0.0,0.0,1.0,0.0,0.0,1.0
0.4867383568484754,-0.17481897889868356,0.29422461714308984,-1.3961162808498042,1.0,0.0,0.0,0.0,0.0,1.0,1.0,0.0,1.0,0.0,0.0,1.0,0.0
-1.3204585126384387,1.1304316067257767,-0.6124500356595964,0.7130862081590905,0.0,0.0,1.0,1.0,0.0,0.0,1.0,0.0,1.0,0.0,0.0,0.0,1.0
0.5536715742368796,0.8887185353138397,1.1647927572235452,0.010018711822792317,1.0,0.0,0.0,1.0,0.0,0.0,1.0,0.0,1.0,0.0,0.0,0.0,1.0
1.3568701828977303,-1.5767547930879187,0.8994767526275973,0.010018711822792317,1.0,0.0,0.0,0.0,1.0,0.0,1.0,0.0,0.0,1.0,1.0,0.0,0.0
1.289936965509326,-0.5132172788753955,1.7235076096438442,-0.6930487845135059,1.0,0.0,0.0,0.0,1.0,0.0,1.0,0.0,1.0,0.0,1.0,0.0,0.0
-0.9188592083080133,-1.0933286502640445,1.5756046353075948,0.010018711822792317,0.0,0.0,1.0,0.0,0.0,1.0,0.0,1.0,0.0,1.0,1.0,0.0,0.0
-1.1865920778616301,0.69534807818429,0.10941276313522674,0.010018711822792317,0.0,1.0,0.0,0.0,1.0,0.0,0.0,1.0,1.0,0.0,0.0,0.0,1.0
1.289936965509326,-1.4317269502407566,-0.6266251850986944,-1.3961162808498042,0.0,1.0,0.0,1.0,0.0,0.0,1.0,0.0,0.0,1.0,0.0,1.0,0.0
-0.45032668658918373,-0.6582451217225578,1.6579809754442394,-0.6930487845135059,0.0,1.0,0.0,1.0,0.0,0.0,1.0,0.0,0.0,1.0,1.0,0.0,0.0
-0.18259381703556682,-0.7065877360049452,-0.709268980885134,0.010018711822792317,1.0,0.0,0.0,1.0,0.0,0.0,1.0,0.0,1.0,0.0,0.0,1.0,0.0
-0.18259381703556682,-0.9483008074168823,1.27819395273633,-0.6930487845135059,1.0,0.0,0.0,0.0,1.0,0.0,0.0,1.0,1.0,0.0,0.0,0.0,1.0
0.6875380090136881,0.9854037638786145,1.6285608539668663,0.7130862081590905,0.0,1.0,0.0,1.0,0.0,0.0,0.0,1.0,1.0,0.0,1.0,0.0,0.0
0.6875380090136881,-0.12647636461629613,-0.21982514176156,-0.6930487845135059,1.0,0.0,0.0,1.0,0.0,0.0,0.0,1.0,0.0,1.0,0.0,0.0,1.0
0.08513905251805007,-1.0449860359816572,-0.7953897001188994,0.7130862081590905,1.0,0.0,0.0,0.0,1.0,0.0,1.0,0.0,1.0,0.0,0.0,1.0,0.0
-0.8519259909196091,-0.7549303502873326,-0.9606772916917785,0.7130862081590905,1.0,0.0,0.0,0.0,1.0,0.0,0.0,1.0,0.0,1.0,0.0,0.0,1.0
-1.5212581648036514,0.9854037638786145,-0.9900974131691519,0.010018711822792317,1.0,0.0,0.0,1.0,0.0,0.0,1.0,0.0,1.0,0.0,1.0,0.0,0.0
0.4867383568484754,0.5503202353371277,-1.7127625789133578,2.119221200831687,0.0,1.0,0.0,0.0,0.0,1.0,1.0,0.0,1.0,0.0,0.0,1.0,0.0
-0.7180595561428006,-1.6734400216526937,0.3231098273208745,-1.3961162808498042,0.0,0.0,1.0,0.0,0.0,1.0,1.0,0.0,1.0,0.0,0.0,0.0,1.0
0.08513905251805007,0.30860716392519066,-1.2872406400906222,1.4161537044953887,1.0,0.0,0.0,0.0,0.0,1.0,1.0,0.0,1.0,0.0,1.0,0.0,0.0
0.4867383568484754,-1.721782635935081,-0.5514701475064954,0.7130862081590905,1.0,0.0,0.0,1.0,0.0,0.0,1.0,0.0,1.0,0.0,0.0,0.0,1.0
0.8214044437904965,0.1635793210780284,1.5496614372775472,-0.6930487845135059,0.0,0.0,1.0,0.0,1.0,0.0,1.0,0.0,1.0,0.0,0.0,1.0,0.0
-1.2535252952500344,1.6138577495496509,-0.1831837177397404,0.010018711822792317,1.0,0.0,0.0,0.0,1.0,0.0,1.0,0.0,1.0,0.0,0.0,0.0,1.0
-1.2535252952500344,-1.0449860359816572,0.6253347115884369,-0.6930487845135059,1.0,0.0,0.0,0.0,0.0,1.0,0.0,1.0,0.0,1.0,0.0,1.0,0.0
0.21900548729485853,0.7436906924666774,-0.5964026966719382,-0.6930487845135059,0.0,1.0,0.0,1.0,0.0,0.0,1.0,0.0,1.0,0.0,0.0,0.0,1.0
1.0222040959557093,-0.6582451217225578,0.18403288942783738,-0.6930487845135059,0.0,0.0,1.0,0.0,1.0,0.0,1.0,0.0,1.0,0.0,0.0,1.0,0.0
0.8214044437904965,-1.0449860359816572,-0.0026511541285860474,0.7130862081590905,1.0,0.0,0.0,0.0,0.0,1.0,0.0,1.0,0.0,1.0,1.0,0.0,0.0
-0.3833934692007795,-0.80327296456972,1.5507312598767242,0.7130862081590905,1.0,0.0,0.0,0.0,0.0,1.0,1.0,0.0,1.0,0.0,0.0,1.0,0.0
1.6915362698397514,-0.17481897889868356,-0.47123345256820437,0.010018711822792317,0.0,1.0,0.0,0.0,0.0,1.0,1.0,0.0,1.0,0.0,0.0,1.0,0.0
0.21900548729485853,-0.2715042074634584,-0.27090917087227173,0.7130862081590905,1.0,0.0,0.0,0.0,1.0,0.0,1.0,0.0,1.0,0.0,0.0,0.0,1.0
1.3568701828977303,-0.8516155788521075,0.9615264633798754,1.4161537044953887,0.0,1.0,0.0,0.0,0.0,1.0,1.0,0.0,1.0,0.0,0.0,1.0,0.0
-1.5212581648036514,-0.07813375033390871,-1.1307790849609551,1.4161537044953887,1.0,0.0,0.0,0.0,1.0,0.0,1.0,0.0,1.0,0.0,0.0,1.0,0.0
-0.7180595561428006,0.2602645496428032,1.710402282803923,1.4161537044953887,0.0,0.0,1.0,0.0,1.0,0.0,0.0,1.0,0.0,1.0,1.0,0.0,0.0
-0.1156605996471626,-0.2715042074634584,1.4410744434610603,0.010018711822792317,1.0,0.0,0.0,0.0,1.0,0.0,0.0,1.0,1.0,0.0,0.0,1.0,0.0
0.2859387046832627,0.1635793210780284,0.4397204906311905,-1.3961162808498042,1.0,0.0,0.0,0.0,1.0,0.0,1.0,0.0,0.0,1.0,1.0,0.0,0.0
1.4238034002861346,-1.4800695645231439,-0.41800977825913826,-0.6930487845135059,1.0,0.0,0.0,0.0,0.0,1.0,0.0,1.0,1.0,0.0,1.0,0.0,0.0
-1.722057816968864,-0.7549303502873326,0.7384684514514267,0.7130862081590905,1.0,0.0,0.0,1.0,0.0,0.0,0.0,1.0,0.0,1.0,0.0,1.0,0.0
0.08513905251805007,0.30860716392519066,0.9912140405070429,-0.6930487845135059,1.0,0.0,0.0,1.0,0.0,0.0,1.0,0.0,0.0,1.0,0.0,0.0,1.0
0.15207226990645428,-1.0933286502640445,-0.8084950269588204,-1.3961162808498042,0.0,1.0,0.0,0.0,1.0,0.0,1.0,0.0,0.0,1.0,0.0,0.0,1.0
-0.24952703442397103,-0.6582451217225578,0.06474766961957815,0.7130862081590905,1.0,0.0,0.0,1.0,0.0,0.0,1.0,0.0,1.0,0.0,0.0,1.0,0.0
-0.18259381703556682,-1.383384335958369,-1.2431104578745622,0.010018711822792317,0.0,1.0,0.0,0.0,1.0,0.0,1.0,0.0,1.0,0.0,0.0,0.0,1.0
-0.18259381703556682,0.7920333067490648,1.0631596103017102,-0.6930487845135059,1.0,0.0,0.0,0.0,1.0,0.0,1.0,0.0,1.0,0.0,0.0,1.0,0.0
1.0891373133441133,0.8403759210314523,-1.1604666620881225,-0.6930487845135059,0.0,0.0,1.0,0.0,1.0,0.0,1.0,0.0,0.0,1.0,0.0,0.0,1.0
0.8214044437904965,-0.22316159318107098,-1.1428145892016988,0.7130862081590905,1.0,0.0,0.0,0.0,1.0,0.0,0.0,1.0,0.0,1.0,0.0,1.0,0.0
1.0222040959557093,-1.2866991073935943,-0.5268642277254196,-0.6930487845135059,0.0,0.0,1.0,0.0,0.0,1.0,1.0,0.0,0.0,1.0,0.0,1.0,0.0
-0.5841931213659922,-0.9483008074168823,-1.4011767469029952,0.7130862081590905,1.0,0.0,0.0,0.0,1.0,0.0,1.0,0.0,1.0,0.0,0.0,0.0,1.0
-1.6551245995804598,-0.7549303502873326,0.36108852959166554,2.119221200831687,1.0,0.0,0.0,0.0,0.0,1.0,0.0,1.0,1.0,0.0,1.0,0.0,0.0
-0.048727382258758375,-0.02979113605152129,1.0120755811909985,0.010018711822792317,1.0,0.0,0.0,0.0,1.0,0.0,1.0,0.0,1.0,0.0,0.0,1.0,0.0
0.21900548729485853,1.2271168352905517,-0.4038346288200402,0.010018711822792317,1.0,0.0,0.0,0.0,1.0,0.0,1.0,0.0,1.0,0.0,1.0,0.0,0.0
-0.31646025181237525,-1.5767547930879187,-0.9224311337711932,0.7130862081590905,1.0,0.0,0.0,0.0,1.0,0.0,0.0,1.0,1.0,0.0,0.0,0.0,1.0
-1.0527256430848217,0.35694977820757806,-1.175711634126398,1.4161537044953887,1.0,0.0,0.0,0.0,1.0,0.0,1.0,0.0,1.0,0.0,0.0,0.0,1.0
-0.048727382258758375,1.1787742210081642,-0.28428195336198686,0.010018711822792317,1.0,0.0,0.0,0.0,1.0,0.0,1.0,0.0,1.0,0.0,1.0,0.0,0.0
-0.24952703442397103,-0.02979113605152129,0.5654246460345129,1.4161537044953887,1.0,0.0,0.0,1.0,0.0,0.0,0.0,1.0,0.0,1.0,0.0,0.0,1.0
0.21900548729485853,-0.12647636461629613,-0.658987318723805,0.7130862081590905,1.0,0.0,0.0,0.0,1.0,0.0,1.0,0.0,0.0,1.0,1.0,0.0,0.0
0.6875380090136881,-1.6734400216526937,0.7020944830794016,-0.6930487845135059,1.0,0.0,0.0,0.0,1.0,0.0,0.0,1.0,1.0,0.0,1.0,0.0,0.0
1.0222040959557093,-0.02979113605152129,-1.5234039788589915,0.010018711822792317,1.0,0.0,0.0,0.0,0.0,1.0,1.0,0.0,0.0,1.0,0.0,0.0,1.0
-0.5172599039775879,0.30860716392519066,-1.1947009852617934,1.4161537044953887,0.0,0.0,1.0,0.0,1.0,0.0,1.0,0.0,0.0,1.0,1.0,0.0,0.0
-0.24952703442397103,0.9854037638786145,1.3212543123532121,0.010018711822792317,1.0,0.0,0.0,0.0,1.0,0.0,1.0,0.0,1.0,0.0,0.0,0.0,1.0
-0.6511263387543964,1.275459449572939,-1.1695601541811291,0.010018711822792317,1.0,0.0,0.0,1.0,0.0,0.0,1.0,0.0,1.0,0.0,0.0,1.0,0.0
1.223003748120922,-1.0933286502640445,0.7628069155827085,-0.6930487845135059,0.0,0.0,1.0,0.0,1.0,0.0,1.0,0.0,0.0,1.0,0.0,1.0,0.0
-1.722057816968864,1.0820889924433894,0.3332731420130583,0.010018711822792317,0.0,0.0,1.0,0.0,0.0,1.0,1.0,0.0,1.0,0.0,1.0,0.0,0.0
-1.3204585126384387,-1.6734400216526937,-1.1636761298856544,-0.6930487845135059,1.0,0.0,0.0,0.0,1.0,0.0,0.0,1.0,0.0,1.0,0.0,0.0,1.0
1.0891373133441133,0.11523670679564098,0.9623288303292582,-0.6930487845135059,1.0,0.0,0.0,1.0,0.0,0.0,1.0,0.0,1.0,0.0,0.0,0.0,1.0
-1.5881913821920555,0.35694977820757806,0.5683666581822502,0.7130862081590905,0.0,1.0,0.0,0.0,1.0,0.0,1.0,0.0,1.0,0.0,0.0,1.0,0.0
-0.24952703442397103,1.3721446781377138,1.2493087425585447,0.7130862081590905,1.0,0.0,0.0,0.0,0.0,1.0,0.0,1.0,0.0,1.0,0.0,0.0,1.0
-1.722057816968864,0.7436906924666774,-0.42255652430564145,2.119221200831687,0.0,0.0,1.0,0.0,0.0,1.0,0.0,1.0,1.0,0.0,1.0,0.0,0.0
-0.24952703442397103,1.1787742210081642,-1.3950252669577263,-1.3961162808498042,1.0,0.0,0.0,0.0,1.0,0.0,1.0,0.0,0.0,1.0,1.0,0.0,0.0
-0.5172599039775879,-0.36818943602823323,-0.22517425475744612,-0.6930487845135059,1.0,0.0,0.0,1.0,0.0,0.0,1.0,0.0,1.0,0.0,0.0,0.0,1.0
-0.18259381703556682,-0.4165320503106206,0.5745181381275193,2.119221200831687,0.0,1.0,0.0,1.0,0.0,0.0,1.0,0.0,1.0,0.0,0.0,0.0,1.0
0.5536715742368796,-1.0449860359816572,0.4568376522180259,-0.6930487845135059,1.0,0.0,0.0,0.0,1.0,0.0,1.0,0.0,0.0,1.0,1.0,0.0,0.0
1.6915362698397514,-0.7065877360049452,-1.3623956776828214,-0.6930487845135059,1.0,0.0,0.0,0.0,0.0,1.0,0.0,1.0,0.0,1.0,0.0,1.0,0.0
-1.5212581648036514,-0.36818943602823323,-0.5466559458101979,0.010018711822792317,1.0,0.0,0.0,0.0,0.0,1.0,1.0,0.0,1.0,0.0,1.0,0.0,0.0
1.4238034002861346,1.4688299067024888,0.7012921161300186,1.4161537044953887,1.0,0.0,0.0,0.0,0.0,1.0,0.0,1.0,1.0,0.0,0.0,1.0,0.0
0.21900548729485853,-0.4165320503106206,-0.31289970788997745,-0.6930487845135059,0.0,1.0,0.0,0.0,0.0,1.0,0.0,1.0,1.0,0.0,1.0,0.0,0.0
1.557669835062943,-0.2715042074634584,1.0842886066354605,0.010018711822792317,0.0,0.0,1.0,0.0,1.0,0.0,1.0,0.0,0.0,1.0,0.0,1.0,0.0
1.557669835062943,-0.6099025074401704,-0.44662753278712886,0.010018711822792317,1.0,0.0,0.0,0.0,1.0,0.0,0.0,1.0,0.0,1.0,1.0,0.0,0.0
1.1560705307325176,1.1787742210081642,1.0987312117243524,-1.3961162808498042,1.0,0.0,0.0,0.0,0.0,1.0,1.0,0.0,1.0,0.0,1.0,0.0,0.0
-0.7849927735312048,0.8403759210314523,-1.2810891601453533,1.4161537044953887,1.0,0.0,0.0,1.0,0.0,0.0,0.0,1.0,0.0,1.0,0.0,1.0,0.0
0.4198051394600712,-1.5284121788055314,1.245831819111219,0.7130862081590905,0.0,1.0,0.0,1.0,0.0,0.0,1.0,0.0,1.0,0.0,1.0,0.0,0.0
-1.119658860473226,-1.5767547930879187,0.059666012273486446,0.010018711822792317,1.0,0.0,0.0,0.0,1.0,0.0,0.0,1.0,1.0,0.0,0.0,0.0,1.0
0.21900548729485853,-1.383384335958369,-0.28401449771219245,0.010018711822792317,0.0,0.0,1.0,1.0,0.0,0.0,0.0,1.0,1.0,0.0,1.0,0.0,0.0
-0.24952703442397103,0.1635793210780284,0.43891812368180794,-0.6930487845135059,0.0,0.0,1.0,0.0,1.0,0.0,1.0,0.0,0.0,1.0,1.0,0.0,0.0
0.8883376611789008,-0.7549303502873326,0.8042625413008254,-0.6930487845135059,0.0,1.0,0.0,0.0,1.0,0.0,1.0,0.0,1.0,0.0,0.0,1.0,0.0
-0.45032668658918373,0.7436906924666774,0.9601891851309039,0.010018711822792317,1.0,0.0,0.0,1.0,0.0,0.0,1.0,0.0,0.0,1.0,0.0,1.0,0.0
0.21900548729485853,1.5655151352672636,-1.2960666765338342,-0.6930487845135059,0.0,1.0,0.0,1.0,0.0,0.0,1.0,0.0,0.0,1.0,0.0,1.0,0.0
0.35287192207166695,-1.383384335958369,0.4025441553097824,-0.6930487845135059,1.0,0.0,0.0,0.0,0.0,1.0,1.0,0.0,1.0,0.0,1.0,0.0,0.0
0.4867383568484754,1.517172520984876,0.40976545785422885,0.010018711822792317,1.0,0.0,0.0,0.0,1.0,0.0,0.0,1.0,1.0,0.0,0.0,0.0,1.0
-0.048727382258758375,1.4688299067024888,-0.02458251741171907,1.4161537044953887,0.0,1.0,0.0,1.0,0.0,0.0,0.0,1.0,1.0,0.0,1.0,0.0,0.0
-0.5172599039775879,1.517172520984876,-0.11311033749363296,0.010018711822792317,1.0,0.0,0.0,0.0,1.0,0.0,1.0,0.0,0.0,1.0,0.0,1.0,0.0
-0.8519259909196091,-1.2866991073935943,-1.1131270120745311,2.119221200831687,0.0,1.0,0.0,0.0,1.0,0.0,1.0,0.0,1.0,0.0,1.0,0.0,0.0
-0.18259381703556682,-1.2383564931112068,-0.7467127718563363,0.010018711822792317,0.0,1.0,0.0,0.0,0.0,1.0,1.0,0.0,0.0,1.0,0.0,1.0,0.0
0.21900548729485853,-0.8999581931344949,-0.27839792906651223,0.7130862081590905,0.0,1.0,0.0,1.0,0.0,0.0,1.0,0.0,1.0,0.0,0.0,0.0,1.0
0.4867383568484754,-1.5767547930879187,-0.988492679270386,-0.6930487845135059,1.0,0.0,0.0,1.0,0.0,0.0,1.0,0.0,0.0,1.0,1.0,0.0,0.0
1.6915362698397514,0.8887185353138397,-1.4728548610478682,-0.6930487845135059,1.0,0.0,0.0,0.0,1.0,0.0,1.0,0.0,1.0,0.0,1.0,0.0,0.0
1.3568701828977303,-0.36818943602823323,-0.3399127285192018,0.010018711822792317,0.0,1.0,0.0,0.0,1.0,0.0,1.0,0.0,1.0,0.0,0.0,0.0,1.0
-1.722057816968864,1.275459449572939,-0.4950370053998973,0.7130862081590905,1.0,0.0,0.0,0.0,1.0,0.0,0.0,1.0,0.0,1.0,1.0,0.0,0.0
-0.45032668658918373,-0.9483008074168823,1.2808685092342726,0.7130862081590905,1.0,0.0,0.0,0.0,1.0,0.0,1.0,0.0,1.0,0.0,0.0,1.0,0.0
1.223003748120922,-0.4165320503106206,1.3295454374968356,-0.6930487845135059,0.0,0.0,1.0,1.0,0.0,0.0,0.0,1.0,0.0,1.0,0.0,0.0,1.0
1.4907366176745387,-0.9483008074168823,1.5830933935018352,-0.6930487845135059,1.0,0.0,0.0,0.0,1.0,0.0,0.0,1.0,0.0,1.0,0.0,0.0,1.0
-1.1865920778616301,-1.141671264546432,1.1385821035437038,2.119221200831687,1.0,0.0,0.0,0.0,0.0,1.0,1.0,0.0,1.0,0.0,0.0,1.0,0.0
-0.45032668658918373,-0.4165320503106206,-0.8314962128411303,-1.3961162808498042,0.0,1.0,0.0,0.0,1.0,0.0,1.0,0.0,1.0,0.0,0.0,1.0,0.0
1.289936965509326,1.3721446781377138,0.23939620893525787,-1.3961162808498042,0.0,0.0,1.0,0.0,1.0,0.0,0.0,1.0,0.0,1.0,0.0,1.0,0.0
1.3568701828977303,-0.17481897889868356,1.0792069492893688,1.4161537044953887,1.0,0.0,0.0,0.0,1.0,0.0,1.0,0.0,0.0,1.0,1.0,0.0,0.0
-0.048727382258758375,-0.7549303502873326,1.1270815106025487,2.119221200831687,1.0,0.0,0.0,0.0,1.0,0.0,0.0,1.0,0.0,1.0,0.0,1.0,0.0
0.35287192207166695,-0.2715042074634584,-0.5145612678348815,-1.3961162808498042,1.0,0.0,0.0,0.0,1.0,0.0,0.0,1.0,1.0,0.0,0.0,1.0,0.0
1.223003748120922,1.033746378161002,-1.0505423900226643,0.010018711822792317,0.0,1.0,0.0,1.0,0.0,0.0,1.0,0.0,0.0,1.0,1.0,0.0,0.0
0.8214044437904965,-0.8999581931344949,0.7438175644473128,1.4161537044953887,0.0,0.0,1.0,0.0,1.0,0.0,0.0,1.0,0.0,1.0,1.0,0.0,0.0
0.8214044437904965,-0.6099025074401704,-1.012296232102079,-0.6930487845135059,1.0,0.0,0.0,1.0,0.0,0.0,0.0,1.0,0.0,1.0,0.0,1.0,0.0
-0.3833934692007795,-0.9483008074168823,-0.9515837995987724,-0.6930487845135059,0.0,0.0,1.0,1.0,0.0,0.0,1.0,0.0,0.0,1.0,1.0,0.0,0.0
0.21900548729485853,1.517172520984876,0.9398625557465368,-1.3961162808498042,1.0,0.0,0.0,0.0,1.0,0.0,1.0,0.0,1.0,0.0,0.0,0.0,1.0
-0.7180595561428006,-1.1900138788288195,1.4065726646375956,0.7130862081590905,1.0,0.0,0.0,0.0,0.0,1.0,1.0,0.0,0.0,1.0,1.0,0.0,0.0
-0.6511263387543964,1.1304316067257767,1.279263775335507,1.4161537044953887,1.0,0.0,0.0,1.0,0.0,0.0,1.0,0.0,0.0,1.0,1.0,0.0,0.0
1.557669835062943,0.01855147823086613,0.69514063618475,-0.6930487845135059,1.0,0.0,0.0,0.0,1.0,0.0,1.0,0.0,1.0,0.0,1.0,0.0,0.0
1.4238034002861346,-0.5132172788753955,-0.0015813315294090492,1.4161537044953887,0.0,1.0,0.0,0.0,1.0,0.0,1.0,0.0,0.0,1.0,1.0,0.0,0.0
-1.5212581648036514,0.01855147823086613,0.9262223176070276,1.4161537044953887,1.0,0.0,0.0,0.0,0.0,1.0,1.0,0.0,0.0,1.0,0.0,1.0,0.0
0.8214044437904965,-1.2866991073935943,1.5287998965935916,0.010018711822792317,0.0,1.0,0.0,1.0,0.0,0.0,1.0,0.0,0.0,1.0,0.0,0.0,1.0
-1.6551245995804598,1.0820889924433894,-1.685482102634339,-0.6930487845135059,0.0,1.0,0.0,0.0,1.0,0.0,1.0,0.0,1.0,0.0,1.0,0.0,0.0
-0.8519259909196091,0.2602645496428032,0.20168496231426128,2.119221200831687,1.0,0.0,0.0,0.0,0.0,1.0,1.0,0.0,0.0,1.0,0.0,0.0,1.0
-1.454324947415247,1.517172520984876,-0.16820620135125938,0.010018711822792317,0.0,1.0,0.0,0.0,1.0,0.0,1.0,0.0,1.0,0.0,0.0,0.0,1.0
-0.9188592083080133,1.4688299067024888,0.9807832701650651,-0.6930487845135059,0.0,1.0,0.0,0.0,1.0,0.0,1.0,0.0,1.0,0.0,1.0,0.0,0.0
-0.24952703442397103,0.5503202353371277,0.9010814865263628,-0.6930487845135059,0.0,0.0,1.0,0.0,1.0,0.0,0.0,1.0,0.0,1.0,0.0,0.0,1.0
-0.3833934692007795,0.69534807818429,-0.2380121259475724,1.4161537044953887,0.0,0.0,1.0,0.0,1.0,0.0,1.0,0.0,0.0,1.0,0.0,1.0,0.0
1.4238034002861346,-0.2715042074634584,-1.2671814663560494,-0.6930487845135059,0.0,0.0,1.0,0.0,1.0,0.0,0.0,1.0,0.0,1.0,0.0,0.0,1.0
0.6875380090136881,0.4536350067723529,1.668144290136423,0.7130862081590905,0.0,1.0,0.0,1.0,0.0,0.0,1.0,0.0,1.0,0.0,0.0,0.0,1.0
0.8883376611789008,-1.3350417216759816,1.5785466474553316,0.010018711822792317,0.0,1.0,0.0,0.0,1.0,0.0,1.0,0.0,0.0,1.0,0.0,1.0,0.0
0.35287192207166695,-1.1900138788288195,0.6788258415472975,-1.3961162808498042,0.0,1.0,0.0,1.0,0.0,0.0,0.0,1.0,1.0,0.0,0.0,1.0,0.0
0.15207226990645428,-0.02979113605152129,1.1589087329280707,-0.6930487845135059,0.0,1.0,0.0,0.0,0.0,1.0,1.0,0.0,1.0,0.0,0.0,1.0,0.0
-0.6511263387543964,1.3238020638553265,0.5218293751180416,-1.3961162808498042,1.0,0.0,0.0,1.0,0.0,0.0,1.0,0.0,1.0,0.0,0.0,0.0,1.0
1.4907366176745387,1.033746378161002,0.04682814108335981,0.7130862081590905,1.0,0.0,0.0,1.0,0.0,0.0,0.0,1.0,1.0,0.0,0.0,0.0,1.0
-1.0527256430848217,0.30860716392519066,1.7360780251841763,0.7130862081590905,0.0,1.0,0.0,0.0,1.0,0.0,0.0,1.0,1.0,0.0,1.0,0.0,0.0
0.21900548729485853,-1.141671264546432,0.485990318045605,0.010018711822792317,1.0,0.0,0.0,0.0,1.0,0.0,1.0,0.0,1.0,0.0,0.0,1.0,0.0
-0.3833934692007795,0.2602645496428032,-0.4490346336352773,0.7130862081590905,0.0,0.0,1.0,0.0,0.0,1.0,0.0,1.0,1.0,0.0,0.0,1.0,0.0
-1.2535252952500344,1.6622003638320384,0.6116944734489274,-0.6930487845135059,1.0,0.0,0.0,0.0,0.0,1.0,1.0,0.0,0.0,1.0,0.0,1.0,0.0
-0.31646025181237525,-0.8999581931344949,1.6999715124619457,2.119221200831687,1.0,0.0,0.0,0.0,0.0,1.0,1.0,0.0,1.0,0.0,1.0,0.0,0.0
-1.722057816968864,0.30860716392519066,-0.9368737388600855,-0.6930487845135059,1.0,0.0,0.0,0.0,1.0,0.0,1.0,0.0,0.0,1.0,0.0,0.0,1.0
-0.3833934692007795,0.9854037638786145,0.16771809479038494,0.010018711822792317,0.0,0.0,1.0,0.0,1.0,0.0,1.0,0.0,1.0,0.0,0.0,1.0,0.0
0.5536715742368796,0.8887185353138397,0.7157347212189111,-1.3961162808498042,0.0,0.0,1.0,1.0,0.0,0.0,1.0,0.0,1.0,0.0,1.0,0.0,0.0
1.3568701828977303,-1.5767547930879187,-0.5332831633204828,-0.6930487845135059,0.0,1.0,0.0,0.0,1.0,0.0,0.0,1.0,1.0,0.0,0.0,0.0,1.0
-0.24952703442397103,1.4688299067024888,-0.45037191188424874,2.119221200831687,1.0,0.0,0.0,0.0,1.0,0.0,1.0,0.0,1.0,0.0,0.0,1.0,0.0
-1.119658860473226,1.4688299067024888,-0.8210654424991525,1.4161537044953887,1.0,0.0,0.0,1.0,0.0,0.0,0.0,1.0,1.0,0.0,0.0,0.0,1.0
0.6206047916252838,-1.5767547930879187,1.36645431716845,0.010018711822792317,1.0,0.0,0.0,1.0,0.0,0.0,0.0,1.0,1.0,0.0,0.0,0.0,1.0
1.223003748120922,-0.31984682174584583,-0.5132239895859101,-1.3961162808498042,0.0,0.0,1.0,0.0,1.0,0.0,0.0,1.0,1.0,0.0,0.0,0.0,1.0
1.557669835062943,-0.8999581931344949,0.3407619002072988,-0.6930487845135059,1.0,0.0,0.0,0.0,1.0,0.0,0.0,1.0,1.0,0.0,0.0,0.0,1.0
-0.24952703442397103,-1.2383564931112068,0.1727997521364766,1.4161537044953887,1.0,0.0,0.0,0.0,1.0,0.0,1.0,0.0,0.0,1.0,1.0,0.0,0.0
-0.048727382258758375,1.1304316067257767,-0.9141400086275698,1.4161537044953887,0.0,1.0,0.0,1.0,0.0,0.0,1.0,0.0,0.0,1.0,0.0,1.0,0.0
-0.8519259909196091,-1.141671264546432,-0.8389849710353708,-1.3961162808498042,0.0,1.0,0.0,1.0,0.0,0.0,1.0,0.0,1.0,0.0,0.0,1.0,0.0
1.6915362698397514,0.69534807818429,-1.1099175442769995,0.7130862081590905,1.0,0.0,0.0,0.0,0.0,1.0,0.0,1.0,0.0,1.0,0.0,1.0,0.0
-1.722057816968864,-1.721782635935081,1.157303999029305,0.7130862081590905,0.0,1.0,0.0,0.0,0.0,1.0,1.0,0.0,0.0,1.0,0.0,1.0,0.0
1.0891373133441133,-1.721782635935081,1.1776306284136722,0.010018711822792317,0.0,0.0,1.0,0.0,1.0,0.0,1.0,0.0,0.0,1.0,1.0,0.0,0.0
1.223003748120922,0.06689409251325355,-1.1834678479704326,0.7130862081590905,1.0,0.0,0.0,1.0,0.0,0.0,0.0,1.0,0.0,1.0,0.0,0.0,1.0
-0.6511263387543964,-0.02979113605152129,-1.1326512745095152,-0.6930487845135059,1.0,0.0,0.0,0.0,1.0,0.0,1.0,0.0,0.0,1.0,1.0,0.0,0.0
1.4238034002861346,1.6622003638320384,0.4164518490990864,0.010018711822792317,0.0,0.0,1.0,0.0,1.0,0.0,1.0,0.0,0.0,1.0,0.0,1.0,0.0
0.955270878567305,1.6138577495496509,1.1142436394124224,2.119221200831687,1.0,0.0,0.0,1.0,0.0,0.0,1.0,0.0,1.0,0.0,0.0,1.0,0.0
-0.3833934692007795,1.710542978114426,1.5320093643911235,0.010018711822792317,0.0,1.0,0.0,0.0,0.0,1.0,1.0,0.0,0.0,1.0,1.0,0.0,0.0
-0.5172599039775879,-0.80327296456972,0.7015595717798131,-0.6930487845135059,0.0,0.0,1.0,0.0,1.0,0.0,1.0,0.0,1.0,0.0,0.0,1.0,0.0
-1.3204585126384387,-0.5615598931577829,-0.6485565483818272,-0.6930487845135059,0.0,0.0,1.0,1.0,0.0,0.0,1.0,0.0,0.0,1.0,1.0,0.0,0.0
0.2859387046832627,-1.383384335958369,-1.283496260993502,0.010018711822792317,0.0,1.0,0.0,0.0,1.0,0.0,1.0,0.0,0.0,1.0,0.0,1.0,0.0
-0.6511263387543964,1.275459449572939,0.08587666595332823,-1.3961162808498042,1.0,0.0,0.0,0.0,0.0,1.0,0.0,1.0,1.0,0.0,0.0,1.0,0.0
-1.722057816968864,1.6622003638320384,-0.530073695522951,0.010018711822792317,0.0,0.0,1.0,1.0,0.0,0.0,1.0,0.0,1.0,0.0,0.0,1.0,0.0
1.6915362698397514,-0.31984682174584583,-1.3046252573272519,0.010018711822792317,1.0,0.0,0.0,0.0,1.0,0.0,1.0,0.0,0.0,1.0,0.0,0.0,1.0
1.557669835062943,-1.5767547930879187,-0.5022583079443438,0.7130862081590905,0.0,1.0,0.0,0.0,1.0,0.0,1.0,0.0,0.0,1.0,0.0,0.0,1.0
0.35287192207166695,0.5019776210547403,1.589512329096898,2.119221200831687,1.0,0.0,0.0,1.0,0.0,0.0,1.0,0.0,0.0,1.0,0.0,1.0,0.0
-0.9188592083080133,0.7436906924666774,-0.5886464828279034,0.010018711822792317,0.0,0.0,1.0,0.0,0.0,1.0,1.0,0.0,0.0,1.0,1.0,0.0,0.0
0.15207226990645428,-0.12647636461629613,1.368861418016598,0.7130862081590905,1.0,0.0,0.0,0.0,1.0,0.0,1.0,0.0,0.0,1.0,1.0,0.0,0.0
-1.722057816968864,0.5986628496195152,0.02355949955125573,0.010018711822792317,0.0,0.0,1.0,1.0,0.0,0.0,0.0,1.0,0.0,1.0,0.0,1.0,0.0
1.6246030524513473,-0.9483008074168823,-0.8470086405291999,2.8222886971679855,0.0,1.0,0.0,0.0,0.0,1.0,0.0,1.0,0.0,1.0,0.0,1.0,0.0
-1.722057816968864,-0.8999581931344949,-0.6638015204201024,0.010018711822792317,1.0,0.0,0.0,0.0,1.0,0.0,0.0,1.0,1.0,0.0,0.0,1.0,0.0
-1.1865920778616301,-0.6582451217225578,0.2923524275945299,0.7130862081590905,1.0,0.0,0.0,0.0,1.0,0.0,1.0,0.0,0.0,1.0,0.0,0.0,1.0
1.223003748120922,-0.4165320503106206,1.0481820939132294,0.010018711822792317,1.0,0.0,0.0,1.0,0.0,0.0,0.0,1.0,0.0,1.0,0.0,1.0,0.0
1.6915362698397514,-0.80327296456972,0.5263761211645448,0.010018711822792317,0.0,0.0,1.0,0.0,1.0,0.0,1.0,0.0,1.0,0.0,0.0,0.0,1.0
-1.6551245995804598,-1.141671264546432,1.7408922268804738,0.7130862081590905,1.0,0.0,0.0,1.0,0.0,0.0,0.0,1.0,0.0,1.0,0.0,0.0,1.0
-1.5212581648036514,-0.2715042074634584,-1.5793022096660008,0.7130862081590905,0.0,0.0,1.0,1.0,0.0,0.0,0.0,1.0,1.0,0.0,0.0,1.0,0.0
-0.9188592083080133,0.69534807818429,0.10887785183563825,0.7130862081590905,0.0,0.0,1.0,1.0,0.0,0.0,1.0,0.0,0.0,1.0,1.0,0.0,0.0
-0.9857924256964175,0.30860716392519066,-0.460000315276844,-0.6930487845135059,1.0,0.0,0.0,1.0,0.0,0.0,1.0,0.0,1.0,0.0,0.0,1.0,0.0
-0.31646025181237525,-0.12647636461629613,1.0463099043646693,1.4161537044953887,1.0,0.0,0.0,0.0,1.0,0.0,1.0,0.0,0.0,1.0,0.0,0.0,1.0
-0.7849927735312048,1.6138577495496509,-0.03849021120102271,0.010018711822792317,0.0,1.0,0.0,0.0,1.0,0.0,0.0,1.0,0.0,1.0,0.0,0.0,1.0
-0.7849927735312048,-0.6099025074401704,0.3316684081142924,-0.6930487845135059,0.0,1.0,0.0,1.0,0.0,0.0,1.0,0.0,1.0,0.0,1.0,0.0,0.0
-1.119658860473226,0.2602645496428032,1.081614050137517,0.7130862081590905,1.0,0.0,0.0,1.0,0.0,0.0,0.0,1.0,0.0,1.0,1.0,0.0,0.0
0.2859387046832627,-1.2383564931112068,0.63362583673206,0.010018711822792317,0.0,1.0,0.0,0.0,1.0,0.0,0.0,1.0,0.0,1.0,0.0,1.0,0.0
1.4907366176745387,1.5655151352672636,0.12412282387391332,-0.6930487845135059,1.0,0.0,0.0,1.0,0.0,0.0,1.0,0.0,1.0,0.0,0.0,0.0,1.0
-1.454324947415247,0.5503202353371277,0.19660330496816958,-1.3961162808498042,0.0,1.0,0.0,0.0,1.0,0.0,0.0,1.0,1.0,0.0,0.0,1.0,0.0
1.6246030524513473,0.5503202353371277,1.510880368057373,-1.3961162808498042,1.0,0.0,0.0,0.0,1.0,0.0,1.0,0.0,1.0,0.0,1.0,0.0,0.0
1.4907366176745387,0.7920333067490648,-0.5043979531426982,-0.6930487845135059,0.0,1.0,0.0,1.0,0.0,0.0,0.0,1.0,1.0,0.0,0.0,1.0,0.0
0.6875380090136881,-0.9483008074168823,-0.43994114154227126,-1.3961162808498042,0.0,0.0,1.0,1.0,0.0,0.0,1.0,0.0,0.0,1.0,0.0,1.0,0.0
0.4867383568484754,-0.31984682174584583,1.7053206254578313,1.4161537044953887,1.0,0.0,0.0,1.0,0.0,0.0,0.0,1.0,1.0,0.0,0.0,0.0,1.0
0.018205835129645846,0.21192193536041581,-0.5701920429920965,-1.3961162808498042,1.0,0.0,0.0,0.0,1.0,0.0,1.0,0.0,0.0,1.0,0.0,1.0,0.0
-1.3873917300268428,0.11523670679564098,-1.1267672502140405,0.010018711822792317,1.0,0.0,0.0,0.0,1.0,0.0,0.0,1.0,1.0,0.0,1.0,0.0,0.0
-0.5172599039775879,1.0820889924433894,-0.6894772628003555,1.4161537044953887,1.0,0.0,0.0,0.0,1.0,0.0,1.0,0.0,1.0,0.0,0.0,1.0,0.0
0.8214044437904965,-0.6582451217225578,-1.617280911936792,0.010018711822792317,0.0,1.0,0.0,1.0,0.0,0.0,1.0,0.0,0.0,1.0,0.0,1.0,0.0
-0.9857924256964175,0.01855147823086613,-0.2364073920488065,1.4161537044953887,0.0,1.0,0.0,1.0,0.0,0.0,1.0,0.0,1.0,0.0,0.0,0.0,1.0
-0.5172599039775879,-1.3350417216759816,1.2027714594943366,-0.6930487845135059,0.0,1.0,0.0,1.0,0.0,0.0,1.0,0.0,0.0,1.0,0.0,1.0,0.0
0.6206047916252838,0.2602645496428032,0.03506009249241055,0.010018711822792317,1.0,0.0,0.0,1.0,0.0,0.0,1.0,0.0,1.0,0.0,0.0,0.0,1.0
-1.454324947415247,1.6622003638320384,-0.6287648302970489,0.010018711822792317,0.0,1.0,0.0,1.0,0.0,0.0,1.0,0.0,1.0,0.0,0.0,1.0,0.0
0.4867383568484754,0.06689409251325355,-0.584634648080989,-1.3961162808498042,1.0,0.0,0.0,0.0,1.0,0.0,1.0,0.0,0.0,1.0,1.0,0.0,0.0
0.4867383568484754,-0.36818943602823323,-1.7223909823059527,0.010018711822792317,0.0,1.0,0.0,0.0,1.0,0.0,0.0,1.0,1.0,0.0,1.0,0.0,0.0
-1.2535252952500344,0.8403759210314523,-1.0722062976560027,0.010018711822792317,0.0,1.0,0.0,1.0,0.0,0.0,1.0,0.0,1.0,0.0,0.0,0.0,1.0
1.3568701828977303,-0.8999581931344949,1.1110341716148906,1.4161537044953887,0.0,0.0,1.0,0.0,0.0,1.0,1.0,0.0,0.0,1.0,1.0,0.0,0.0
-0.9188592083080133,-1.6250974073703062,-0.41961451215790413,0.7130862081590905,1.0,0.0,0.0,1.0,0.0,0.0,1.0,0.0,1.0,0.0,0.0,0.0,1.0
-1.722057816968864,0.7436906924666774,1.2674957267445577,-1.3961162808498042,0.0,1.0,0.0,1.0,0.0,0.0,1.0,0.0,0.0,1.0,0.0,0.0,1.0
-1.6551245995804598,0.01855147823086613,0.6063453604530412,-0.6930487845135059,0.0,1.0,0.0,1.0,0.0,0.0,0.0,1.0,0.0,1.0,0.0,1.0,0.0
-1.6551245995804598,0.8403759210314523,1.7224377870446663,-1.3961162808498042,0.0,1.0,0.0,0.0,1.0,0.0,0.0,1.0,0.0,1.0,0.0,0.0,1.0
-1.3204585126384387,-0.4165320503106206,0.408160723955463,0.7130862081590905,0.0,0.0,1.0,1.0,0.0,0.0,1.0,0.0,1.0,0.0,0.0,0.0,1.0
0.21900548729485853,-0.8999581931344949,0.9684803102745273,-0.6930487845135059,1.0,0.0,0.0,1.0,0.0,0.0,1.0,0.0,0.0,1.0,1.0,0.0,0.0
0.08513905251805007,-0.17481897889868356,1.7168212183989866,-1.3961162808498042,0.0,1.0,0.0,0.0,0.0,1.0,0.0,1.0,0.0,1.0,0.0,0.0,1.0
-0.31646025181237525,0.1635793210780284,-0.1425304589710065,0.010018711822792317,0.0,0.0,1.0,0.0,1.0,0.0,1.0,0.0,0.0,1.0,0.0,1.0,0.0
-1.5881913821920555,1.1304316067257767,0.11235477528296406,0.7130862081590905,1.0,0.0,0.0,0.0,1.0,0.0,1.0,0.0,1.0,0.0,1.0,0.0,0.0
-0.5841931213659922,-0.8999581931344949,0.36777492083652313,2.8222886971679855,1.0,0.0,0.0,1.0,0.0,0.0,1.0,0.0,1.0,0.0,0.0,1.0,0.0
1.223003748120922,0.9370611495962271,-0.11872690613931354,0.010018711822792317,1.0,0.0,0.0,0.0,1.0,0.0,1.0,0.0,1.0,0.0,0.0,1.0,0.0
0.955270878567305,1.5655151352672636,-1.4677732037017766,1.4161537044953887,1.0,0.0,0.0,0.0,1.0,0.0,0.0,1.0,0.0,1.0,0.0,1.0,0.0
-1.3204585126384387,0.5986628496195152,1.3611052041725635,1.4161537044953887,1.0,0.0,0.0,0.0,1.0,0.0,1.0,0.0,0.0,1.0,0.0,0.0,1.0
1.289936965509326,-0.8516155788521075,1.0008424438996377,0.010018711822792317,0.0,1.0,0.0,0.0,0.0,1.0,0.0,1.0,0.0,1.0,1.0,0.0,0.0
0.4198051394600712,-0.31984682174584583,0.8625678729559833,0.010018711822792317,1.0,0.0,0.0,0.0,1.0,0.0,1.0,0.0,1.0,0.0,0.0,0.0,1.0
0.955270878567305,1.2271168352905517,-0.22142987566032588,0.010018711822792317,0.0,0.0,1.0,0.0,0.0,1.0,1.0,0.0,1.0,0.0,0.0,1.0,0.0
1.4238034002861346,0.2602645496428032,0.07410861736237896,-0.6930487845135059,1.0,0.0,0.0,0.0,1.0,0.0,1.0,0.0,1.0,0.0,1.0,0.0,0.0
-0.7849927735312048,-1.0933286502640445,-1.2045968443041828,0.7130862081590905,0.0,1.0,0.0,0.0,0.0,1.0,1.0,0.0,1.0,0.0,1.0,0.0,0.0
1.289936965509326,-0.80327296456972,-0.4201494234574926,0.010018711822792317,0.0,0.0,1.0,0.0,1.0,0.0,1.0,0.0,0.0,1.0,0.0,0.0,1.0
1.557669835062943,0.11523670679564098,-0.36478610395007216,-0.6930487845135059,1.0,0.0,0.0,0.0,0.0,1.0,0.0,1.0,0.0,1.0,0.0,1.0,0.0
-0.7180595561428006,0.21192193536041581,-0.0074653558248836795,0.7130862081590905,1.0,0.0,0.0,0.0,1.0,0.0,0.0,1.0,0.0,1.0,0.0,0.0,1.0
-0.5841931213659922,-1.6734400216526937,0.9083027890708092,0.7130862081590905,1.0,0.0,0.0,0.0,1.0,0.0,1.0,0.0,1.0,0.0,0.0,1.0,0.0
0.6875380090136881,0.8403759210314523,-1.2043293886543882,0.7130862081590905,1.0,0.0,0.0,0.0,1.0,0.0,0.0,1.0,1.0,0.0,0.0,0.0,1.0
0.018205835129645846,-0.4165320503106206,0.32738911771758367,-0.6930487845135059,1.0,0.0,0.0,0.0,1.0,0.0,1.0,0.0,0.0,1.0,0.0,0.0,1.0
0.15207226990645428,0.69534807818429,-0.58035535768428,2.119221200831687,1.0,0.0,0.0,1.0,0.0,0.0,1.0,0.0,0.0,1.0,0.0,0.0,1.0
0.6875380090136881,0.6470054639019026,0.5073867700291491,-0.6930487845135059,1.0,0.0,0.0,0.0,1.0,0.0,0.0,1.0,1.0,0.0,0.0,0.0,1.0
-0.9188592083080133,0.69534807818429,1.2198886210811717,1.4161537044953887,0.0,1.0,0.0,0.0,1.0,0.0,1.0,0.0,1.0,0.0,1.0,0.0,0.0
0.018205835129645846,1.275459449572939,0.7582601695362053,-1.3961162808498042,1.0,0.0,0.0,1.0,0.0,0.0,1.0,0.0,0.0,1.0,1.0,0.0,0.0
-0.048727382258758375,1.1304316067257767,-1.461086812456919,0.010018711822792317,0.0,0.0,1.0,0.0,1.0,0.0,1.0,0.0,1.0,0.0,0.0,0.0,1.0
0.955270878567305,-0.9966434216992697,-0.32252811128257236,-0.6930487845135059,1.0,0.0,0.0,0.0,1.0,0.0,1.0,0.0,0.0,1.0,1.0,0.0,0.0
-1.722057816968864,0.35694977820757806,0.3247145612196404,1.4161537044953887,1.0,0.0,0.0,0.0,1.0,0.0,1.0,0.0,1.0,0.0,0.0,0.0,1.0
0.018205835129645846,-1.2866991073935943,-1.3466157943449575,0.010018711822792317,0.0,1.0,0.0,0.0,0.0,1.0,1.0,0.0,1.0,0.0,0.0,1.0,0.0
-0.9188592083080133,-1.5284121788055314,0.08480684335415084,0.7130862081590905,0.0,1.0,0.0,0.0,1.0,0.0,0.0,1.0,1.0,0.0,0.0,0.0,1.0
-1.6551245995804598,0.8403759210314523,-0.4878157028554513,-0.6930487845135059,1.0,0.0,0.0,1.0,0.0,0.0,1.0,0.0,0.0,1.0,0.0,0.0,1.0
-0.6511263387543964,-0.02979113605152129,-0.27652573951795195,0.7130862081590905,1.0,0.0,0.0,1.0,0.0,0.0,1.0,0.0,1.0,0.0,0.0,1.0,0.0
1.6246030524513473,0.30860716392519066,0.6381725827785631,-0.6930487845135059,1.0,0.0,0.0,0.0,1.0,0.0,1.0,0.0,1.0,0.0,1.0,0.0,0.0
1.4907366176745387,-0.9483008074168823,1.263483891997643,1.4161537044953887,1.0,0.0,0.0,1.0,0.0,0.0,0.0,1.0,0.0,1.0,0.0,0.0,1.0
0.4198051394600712,1.3238020638553265,-0.41052102006489777,2.8222886971679855,0.0,0.0,1.0,0.0,1.0,0.0,0.0,1.0,1.0,0.0,1.0,0.0,0.0
-0.3833934692007795,1.1787742210081642,-0.9748524411308765,-0.6930487845135059,0.0,0.0,1.0,1.0,0.0,0.0,1.0,0.0,0.0,1.0,1.0,0.0,0.0
0.8214044437904965,-0.12647636461629613,-0.7146180938810202,-0.6930487845135059,0.0,0.0,1.0,0.0,0.0,1.0,1.0,0.0,0.0,1.0,0.0,0.0,1.0
-1.119658860473226,-0.17481897889868356,1.27819395273633,-0.6930487845135059,0.0,0.0,1.0,0.0,1.0,0.0,1.0,0.0,0.0,1.0,0.0,1.0,0.0
-0.048727382258758375,1.275459449572939,0.28967787109658666,-1.3961162808498042,0.0,1.0,0.0,0.0,0.0,1.0,1.0,0.0,1.0,0.0,0.0,0.0,1.0
1.6915362698397514,0.4052923924899655,-1.4993329703775042,0.010018711822792317,1.0,0.0,0.0,0.0,1.0,0.0,1.0,0.0,1.0,0.0,0.0,0.0,1.0
1.4907366176745387,0.5019776210547403,0.2102435431076788,0.7130862081590905,1.0,0.0,0.0,0.0,1.0,0.0,1.0,0.0,1.0,0.0,0.0,0.0,1.0
0.35287192207166695,0.4536350067723529,0.9652708424769956,0.010018711822792317,0.0,0.0,1.0,0.0,1.0,0.0,1.0,0.0,1.0,0.0,0.0,1.0,0.0
0.018205835129645846,1.2271168352905517,0.37365894513199777,0.7130862081590905,0.0,1.0,0.0,0.0,1.0,0.0,1.0,0.0,1.0,0.0,1.0,0.0,0.0
-1.5881913821920555,0.7436906924666774,1.0225063515329764,-0.6930487845135059,1.0,0.0,0.0,1.0,0.0,0.0,1.0,0.0,1.0,0.0,0.0,0.0,1.0
-0.18259381703556682,-1.0933286502640445,-1.2810891601453533,-1.3961162808498042,0.0,0.0,1.0,1.0,0.0,0.0,1.0,0.0,1.0,0.0,1.0,0.0,0.0
-1.1865920778616301,-0.02979113605152129,-0.9069187060831237,0.7130862081590905,0.0,1.0,0.0,1.0,0.0,0.0,1.0,0.0,1.0,0.0,0.0,1.0,0.0
1.4907366176745387,-1.6734400216526937,-1.0553565917189616,0.010018711822792317,1.0,0.0,0.0,0.0,0.0,1.0,1.0,0.0,0.0,1.0,0.0,0.0,1.0
-0.31646025181237525,-1.0933286502640445,-1.5549637455347194,-0.6930487845135059,0.0,0.0,1.0,0.0,1.0,0.0,1.0,0.0,1.0,0.0,1.0,0.0,0.0
-1.119658860473226,0.69534807818429,0.7807264441189266,0.7130862081590905,0.0,1.0,0.0,0.0,1.0,0.0,1.0,0.0,0.0,1.0,0.0,1.0,0.0
-0.45032668658918373,1.033746378161002,0.34958793665051074,0.010018711822792317,1.0,0.0,0.0,0.0,1.0,0.0,1.0,0.0,1.0,0.0,0.0,1.0,0.0
0.4867383568484754,0.1635793210780284,1.5542081833240502,-0.6930487845135059,0.0,0.0,1.0,0.0,1.0,0.0,1.0,0.0,0.0,1.0,1.0,0.0,0.0
-0.6511263387543964,0.6470054639019026,0.5311903228608421,1.4161537044953887,0.0,1.0,0.0,1.0,0.0,0.0,0.0,1.0,1.0,0.0,1.0,0.0,0.0
-0.1156605996471626,-0.02979113605152129,0.8502649130654455,-1.3961162808498042,1.0,0.0,0.0,1.0,0.0,0.0,0.0,1.0,1.0,0.0,0.0,0.0,1.0
0.08513905251805007,-0.5132172788753955,0.400404510111428,2.119221200831687,0.0,0.0,1.0,1.0,0.0,0.0,1.0,0.0,1.0,0.0,0.0,1.0,0.0
-0.6511263387543964,1.3721446781377138,-1.392885621759372,1.4161537044953887,0.0,1.0,0.0,1.0,0.0,0.0,1.0,0.0,0.0,1.0,0.0,0.0,1.0
-0.5172599039775879,-1.141671264546432,0.05699145577554357,0.010018711822792317,1.0,0.0,0.0,0.0,1.0,0.0,1.0,0.0,1.0,0.0,1.0,0.0,0.0
-0.6511263387543964,-0.8516155788521075,0.002965414517094143,-1.3961162808498042,0.0,0.0,1.0,0.0,1.0,0.0,0.0,1.0,1.0,0.0,0.0,1.0,0.0
1.1560705307325176,-0.5615598931577829,-0.8903364557958771,0.7130862081590905,0.0,0.0,1.0,1.0,0.0,0.0,1.0,0.0,0.0,1.0,0.0,0.0,1.0
-1.119658860473226,-1.1900138788288195,-0.09626063155659201,0.010018711822792317,1.0,0.0,0.0,0.0,0.0,1.0,1.0,0.0,1.0,0.0,0.0,1.0,0.0
-1.0527256430848217,-1.141671264546432,1.1048826916696215,0.7130862081590905,1.0,0.0,0.0,1.0,0.0,0.0,1.0,0.0,0.0,1.0,0.0,0.0,1.0
1.3568701828977303,-1.1900138788288195,1.6076993132829107,0.010018711822792317,0.0,1.0,0.0,1.0,0.0,0.0,1.0,0.0,1.0,0.0,1.0,0.0,0.0
0.21900548729485853,-0.9483008074168823,-0.5792855350851028,0.7130862081590905,1.0,0.0,0.0,0.0,0.0,1.0,0.0,1.0,0.0,1.0,0.0,1.0,0.0
1.557669835062943,1.033746378161002,1.6117111480298254,0.010018711822792317,0.0,0.0,1.0,0.0,0.0,1.0,0.0,1.0,0.0,1.0,0.0,0.0,1.0
-1.1865920778616301,1.6622003638320384,1.4640756293433699,0.010018711822792317,0.0,1.0,0.0,1.0,0.0,0.0,1.0,0.0,1.0,0.0,0.0,0.0,1.0
0.2859387046832627,-0.22316159318107098,0.6646506921081994,-0.6930487845135059,1.0,0.0,0.0,0.0,0.0,1.0,1.0,0.0,0.0,1.0,1.0,0.0,0.0
-0.048727382258758375,0.06689409251325355,0.8992092969778028,0.010018711822792317,1.0,0.0,0.0,0.0,0.0,1.0,1.0,0.0,0.0,1.0,0.0,0.0,1.0
-1.3873917300268428,0.8403759210314523,1.6890058308203786,0.010018711822792317,1.0,0.0,0.0,0.0,0.0,1.0,1.0,0.0,0.0,1.0,1.0,0.0,0.0
1.3568701828977303,1.275459449572939,-1.028076115439943,0.7130862081590905,1.0,0.0,0.0,1.0,0.0,0.0,0.0,1.0,1.0,0.0,0.0,1.0,0.0
1.557669835062943,1.6138577495496509,0.6429867844748608,1.4161537044953887,1.0,0.0,0.0,1.0,0.0,0.0,1.0,0.0,0.0,1.0,0.0,0.0,1.0
0.6875380090136881,-1.1900138788288195,0.4111027361032003,0.010018711822792317,1.0,0.0,0.0,1.0,0.0,0.0,0.0,1.0,1.0,0.0,1.0,0.0,0.0
-1.5212581648036514,0.30860716392519066,-0.07325944567428198,0.010018711822792317,0.0,1.0,0.0,0.0,0.0,1.0,1.0,0.0,1.0,0.0,1.0,0.0,0.0
0.5536715742368796,-0.7549303502873326,-1.1470938795984076,0.7130862081590905,1.0,0.0,0.0,0.0,0.0,1.0,1.0,0.0,1.0,0.0,0.0,1.0,0.0
1.6915362698397514,1.033746378161002,0.329528762915938,-1.3961162808498042,0.0,1.0,0.0,1.0,0.0,0.0,0.0,1.0,0.0,1.0,0.0,1.0,0.0
1.6915362698397514,-0.36818943602823323,-0.22410443215826875,1.4161537044953887,0.0,1.0,0.0,0.0,1.0,0.0,0.0,1.0,1.0,0.0,0.0,1.0,0.0
0.15207226990645428,-1.4317269502407566,0.974631790219796,0.010018711822792317,0.0,0.0,1.0,0.0,1.0,0.0,1.0,0.0,0.0,1.0,0.0,1.0,0.0
-1.119658860473226,0.9370611495962271,0.6903264344884523,-0.6930487845135059,0.0,0.0,1.0,0.0,1.0,0.0,0.0,1.0,1.0,0.0,0.0,1.0,0.0
1.1560705307325176,-0.80327296456972,1.5935241638438127,0.7130862081590905,0.0,1.0,0.0,0.0,0.0,1.0,1.0,0.0,0.0,1.0,0.0,1.0,0.0
0.6206047916252838,1.6622003638320384,0.15782223574799562,-0.6930487845135059,0.0,0.0,1.0,1.0,0.0,0.0,0.0,1.0,1.0,0.0,0.0,0.0,1.0
1.6246030524513473,0.7920333067490648,-0.0015813315294090492,-1.3961162808498042,0.0,1.0,0.0,1.0,0.0,0.0,1.0,0.0,1.0,0.0,0.0,0.0,1.0
-0.9857924256964175,-1.721782635935081,0.3870317276217129,0.010018711822792317,0.0,1.0,0.0,0.0,1.0,0.0,1.0,0.0,0.0,1.0,0.0,1.0,0.0
1.223003748120922,1.3238020638553265,0.9730270563210305,2.119221200831687,1.0,0.0,0.0,0.0,1.0,0.0,1.0,0.0,1.0,0.0,0.0,0.0,1.0
0.4198051394600712,0.8403759210314523,-1.2377613448786762,0.7130862081590905,0.0,1.0,0.0,1.0,0.0,0.0,1.0,0.0,1.0,0.0,1.0,0.0,0.0
0.08513905251805007,-1.4800695645231439,1.1257442323535771,-0.6930487845135059,0.0,0.0,1.0,0.0,0.0,1.0,1.0,0.0,0.0,1.0,0.0,0.0,1.0
0.4867383568484754,-1.4800695645231439,0.974631790219796,0.010018711822792317,0.0,1.0,0.0,0.0,1.0,0.0,0.0,1.0,1.0,0.0,1.0,0.0,0.0
1.1560705307325176,0.6470054639019026,0.5480400287978834,-0.6930487845135059,1.0,0.0,0.0,1.0,0.0,0.0,0.0,1.0,0.0,1.0,0.0,0.0,1.0
-1.6551245995804598,-0.6099025074401704,0.3584139730937227,-0.6930487845135059,1.0,0.0,0.0,0.0,0.0,1.0,0.0,1.0,0.0,1.0,0.0,0.0,1.0
1.223003748120922,0.35694977820757806,-0.9812713767259399,-0.6930487845135059,0.0,1.0,0.0,0.0,1.0,0.0,1.0,0.0,0.0,1.0,0.0,1.0,0.0
0.6875380090136881,1.1304316067257767,-1.4086655050972356,-0.6930487845135059,0.0,1.0,0.0,0.0,1.0,0.0,0.0,1.0,1.0,0.0,1.0,0.0,0.0
-1.3873917300268428,-0.5132172788753955,-0.13958844682326918,-0.6930487845135059,1.0,0.0,0.0,0.0,1.0,0.0,1.0,0.0,0.0,1.0,0.0,0.0,1.0
-1.6551245995804598,-1.4317269502407566,-0.12273874088622785,0.7130862081590905,1.0,0.0,0.0,0.0,1.0,0.0,1.0,0.0,0.0,1.0,0.0,1.0,0.0
-0.45032668658918373,-0.12647636461629613,-1.6295838718273297,1.4161537044953887,0.0,0.0,1.0,0.0,0.0,1.0,0.0,1.0,0.0,1.0,0.0,0.0,1.0
-1.5881913821920555,-0.5132172788753955,1.2602744242001112,0.010018711822792317,0.0,0.0,1.0,0.0,0.0,1.0,0.0,1.0,0.0,1.0,0.0,1.0,0.0
-0.31646025181237525,-0.02979113605152129,-0.9103956295304497,0.010018711822792317,1.0,0.0,0.0,0.0,1.0,0.0,1.0,0.0,1.0,0.0,0.0,1.0,0.0
-1.0527256430848217,0.06689409251325355,0.032920447294056174,-0.6930487845135059,1.0,0.0,0.0,1.0,0.0,0.0,0.0,1.0,0.0,1.0,0.0,1.0,0.0
-0.5172599039775879,0.6470054639019026,1.0572755860062357,-0.6930487845135059,0.0,1.0,0.0,0.0,1.0,0.0,1.0,0.0,1.0,0.0,1.0,0.0,0.0
-0.9857924256964175,-1.6250974073703062,1.3094862637622628,-0.6930487845135059,1.0,0.0,0.0,1.0,0.0,0.0,1.0,0.0,1.0,0.0,0.0,1.0,0.0
-1.5212581648036514,1.3721446781377138,-1.3821873957675996,0.010018711822792317,0.0,1.0,0.0,0.0,1.0,0.0,0.0,1.0,0.0,1.0,1.0,0.0,0.0
-1.6551245995804598,1.275459449572939,0.3907761067188331,1.4161537044953887,1.0,0.0,0.0,1.0,0.0,0.0,0.0,1.0,1.0,0.0,1.0,0.0,0.0
0.018205835129645846,-0.80327296456972,0.933711075801268,0.010018711822792317,1.0,0.0,0.0,0.0,0.0,1.0,1.0,0.0,1.0,0.0,1.0,0.0,0.0
-0.9188592083080133,-0.6099025074401704,1.0669039893988306,-1.3961162808498042,1.0,0.0,0.0,0.0,1.0,0.0,1.0,0.0,1.0,0.0,1.0,0.0,0.0
-0.5841931213659922,-1.0933286502640445,0.6392424053777406,0.7130862081590905,1.0,0.0,0.0,1.0,0.0,0.0,1.0,0.0,1.0,0.0,0.0,1.0,0.0
-0.1156605996471626,-1.0933286502640445,0.47422226945465573,-1.3961162808498042,0.0,1.0,0.0,0.0,1.0,0.0,0.0,1.0,0.0,1.0,0.0,1.0,0.0
-0.9857924256964175,-0.4648746645930081,-0.24790798498996172,0.010018711822792317,1.0,0.0,0.0,0.0,0.0,1.0,1.0,0.0,1.0,0.0,1.0,0.0,0.0
1.4238034002861346,0.1635793210780284,0.6798956641464745,-1.3961162808498042,1.0,0.0,0.0,0.0,1.0,0.0,0.0,1.0,0.0,1.0,0.0,0.0,1.0
1.557669835062943,0.7920333067490648,-1.284298627942885,1.4161537044953887,1.0,0.0,0.0,0.0,1.0,0.0,0.0,1.0,0.0,1.0,0.0,0.0,1.0
-0.31646025181237525,1.710542978114426,0.3659027312879632,0.010018711822792317,1.0,0.0,0.0,1.0,0.0,0.0,1.0,0.0,1.0,0.0,0.0,1.0,0.0
-1.3873917300268428,-1.4317269502407566,-1.294996853934657,0.7130862081590905,0.0,1.0,0.0,0.0,1.0,0.0,1.0,0.0,1.0,0.0,0.0,0.0,1.0
1.3568701828977303,-1.0933286502640445,1.6312354104648092,-0.6930487845135059,0.0,1.0,0.0,1.0,0.0,0.0,1.0,0.0,0.0,1.0,0.0,0.0,1.0
-1.722057816968864,1.3721446781377138,-1.4519933203639126,-0.6930487845135059,0.0,1.0,0.0,0.0,1.0,0.0,1.0,0.0,0.0,1.0,0.0,1.0,0.0
0.6206047916252838,-1.0449860359816572,1.169874414569637,-1.3961162808498042,0.0,1.0,0.0,0.0,1.0,0.0,1.0,0.0,1.0,0.0,0.0,0.0,1.0
1.3568701828977303,0.4536350067723529,-0.2430937832936641,0.7130862081590905,0.0,0.0,1.0,0.0,0.0,1.0,0.0,1.0,0.0,1.0,0.0,0.0,1.0
-0.3833934692007795,-0.36818943602823323,0.4038814335587542,0.010018711822792317,1.0,0.0,0.0,1.0,0.0,0.0,1.0,0.0,1.0,0.0,0.0,1.0,0.0
0.08513905251805007,-1.4800695645231439,0.2918175162949414,-0.6930487845135059,1.0,0.0,0.0,1.0,0.0,0.0,0.0,1.0,0.0,1.0,0.0,1.0,0.0
1.0891373133441133,0.8403759210314523,-0.8836500645510195,-0.6930487845135059,1.0,0.0,0.0,0.0,0.0,1.0,1.0,0.0,1.0,0.0,1.0,0.0,0.0
-0.8519259909196091,-0.8999581931344949,-0.6608595082723651,-0.6930487845135059,0.0,1.0,0.0,0.0,1.0,0.0,0.0,1.0,0.0,1.0,1.0,0.0,0.0
-0.45032668658918373,-1.721782635935081,0.7922270370600817,0.7130862081590905,1.0,0.0,0.0,0.0,1.0,0.0,1.0,0.0,0.0,1.0,0.0,1.0,0.0
-0.45032668658918373,-1.721782635935081,0.23083762814184036,1.4161537044953887,0.0,0.0,1.0,0.0,0.0,1.0,1.0,0.0,0.0,1.0,0.0,1.0,0.0
0.6206047916252838,1.4688299067024888,1.0289252871280394,-0.6930487845135059,1.0,0.0,0.0,0.0,1.0,0.0,1.0,0.0,1.0,0.0,1.0,0.0,0.0
-0.6511263387543964,-0.9966434216992697,-1.3300335440577107,0.7130862081590905,0.0,1.0,0.0,0.0,1.0,0.0,0.0,1.0,0.0,1.0,1.0,0.0,0.0
-0.5841931213659922,1.4688299067024888,1.0947193769774382,2.8222886971679855,1.0,0.0,0.0,0.0,1.0,0.0,1.0,0.0,1.0,0.0,1.0,0.0,0.0
0.955270878567305,-0.7065877360049452,0.38061279202664977,2.8222886971679855,1.0,0.0,0.0,0.0,1.0,0.0,1.0,0.0,0.0,1.0,1.0,0.0,0.0
-1.3204585126384387,0.5986628496195152,-1.4006418356034067,-0.6930487845135059,0.0,0.0,1.0,0.0,1.0,0.0,1.0,0.0,1.0,0.0,1.0,0.0,0.0
-1.6551245995804598,-0.02979113605152129,0.20783644225953035,-0.6930487845135059,0.0,1.0,0.0,0.0,1.0,0.0,0.0,1.0,1.0,0.0,0.0,0.0,1.0
0.2859387046832627,0.5986628496195152,0.16638081654141312,-0.6930487845135059,1.0,0.0,0.0,0.0,0.0,1.0,0.0,1.0,1.0,0.0,1.0,0.0,0.0
0.4867383568484754,0.9854037638786145,-0.2722464491212432,0.010018711822792317,0.0,1.0,0.0,1.0,0.0,0.0,0.0,1.0,0.0,1.0,0.0,1.0,0.0
-0.6511263387543964,-1.1900138788288195,-0.8769636733061619,0.010018711822792317,1.0,0.0,0.0,0.0,1.0,0.0,0.0,1.0,0.0,1.0,0.0,1.0,0.0
1.3568701828977303,-0.6582451217225578,-0.8831151532514308,-0.6930487845135059,0.0,0.0,1.0,0.0,1.0,0.0,1.0,0.0,0.0,1.0,1.0,0.0,0.0
-0.24952703442397103,1.6138577495496509,0.7382009958016327,0.7130862081590905,0.0,0.0,1.0,0.0,1.0,0.0,1.0,0.0,1.0,0.0,0.0,1.0,0.0
1.3568701828977303,-0.9966434216992697,1.4589939719972782,0.7130862081590905,1.0,0.0,0.0,1.0,0.0,0.0,1.0,0.0,0.0,1.0,1.0,0.0,0.0
0.018205835129645846,0.4536350067723529,0.4124400143521717,0.7130862081590905,1.0,0.0,0.0,0.0,1.0,0.0,1.0,0.0,1.0,0.0,0.0,1.0,0.0
0.08513905251805007,-0.9966434216992697,-0.07807364737057962,-0.6930487845135059,0.0,0.0,1.0,0.0,1.0,0.0,1.0,0.0,0.0,1.0,0.0,1.0,0.0
1.6246030524513473,0.8887185353138397,-0.9317920815139938,0.7130862081590905,1.0,0.0,0.0,0.0,1.0,0.0,1.0,0.0,1.0,0.0,0.0,1.0,0.0
0.4867383568484754,0.6470054639019026,1.6989016898627678,0.7130862081590905,0.0,0.0,1.0,0.0,1.0,0.0,1.0,0.0,1.0,0.0,0.0,1.0,0.0
1.223003748120922,0.30860716392519066,-1.6196880127849405,0.010018711822792317,0.0,1.0,0.0,0.0,1.0,0.0,1.0,0.0,1.0,0.0,0.0,1.0,0.0
-0.45032668658918373,-1.0449860359816572,-0.5001186627459894,0.010018711822792317,1.0,0.0,0.0,1.0,0.0,0.0,1.0,0.0,1.0,0.0,1.0,0.0,0.0
0.2859387046832627,-0.5615598931577829,1.3121608202602066,1.4161537044953887,1.0,0.0,0.0,0.0,1.0,0.0,1.0,0.0,1.0,0.0,0.0,1.0,0.0
0.4867383568484754,-0.4165320503106206,1.4517726694528326,0.7130862081590905,0.0,0.0,1.0,0.0,0.0,1.0,0.0,1.0,0.0,1.0,0.0,0.0,1.0
1.4907366176745387,0.69534807818429,-0.6485565483818272,0.010018711822792317,1.0,0.0,0.0,0.0,1.0,0.0,1.0,0.0,1.0,0.0,0.0,1.0,0.0
-1.2535252952500344,-1.5767547930879187,0.3573441504945453,0.010018711822792317,0.0,1.0,0.0,1.0,0.0,0.0,0.0,1.0,1.0,0.0,0.0,0.0,1.0
-0.048727382258758375,-1.6734400216526937,-0.3535529666587114,-0.6930487845135059,1.0,0.0,0.0,0.0,0.0,1.0,0.0,1.0,0.0,1.0,0.0,0.0,1.0
-0.45032668658918373,-0.6582451217225578,1.5600922076195247,-0.6930487845135059,1.0,0.0,0.0,0.0,0.0,1.0,1.0,0.0,1.0,0.0,0.0,1.0,0.0
1.223003748120922,0.5019776210547403,-1.3083696364243722,-0.6930487845135059,0.0,0.0,1.0,0.0,0.0,1.0,1.0,0.0,0.0,1.0,1.0,0.0,0.0
-0.3833934692007795,-0.2715042074634584,1.5507312598767242,0.010018711822792317,1.0,0.0,0.0,1.0,0.0,0.0,1.0,0.0,1.0,0.0,1.0,0.0,0.0
1.0891373133441133,1.4204872924201013,-1.4934489460820297,-1.3961162808498042,0.0,1.0,0.0,1.0,0.0,0.0,1.0,0.0,0.0,1.0,0.0,1.0,0.0
-0.6511263387543964,0.7436906924666774,-1.0714039307066199,-0.6930487845135059,0.0,1.0,0.0,0.0,1.0,0.0,1.0,0.0,1.0,0.0,0.0,1.0,0.0
-1.3204585126384387,-1.3350417216759816,-1.7055412763689117,-1.3961162808498042,1.0,0.0,0.0,0.0,1.0,0.0,1.0,0.0,0.0,1.0,1.0,0.0,0.0
-1.6551245995804598,-0.80327296456972,1.4084448541861554,-0.6930487845135059,1.0,0.0,0.0,1.0,0.0,0.0,1.0,0.0,0.0,1.0,1.0,0.0,0.0
0.4867383568484754,-0.12647636461629613,0.9591193625317265,-1.3961162808498042,0.0,1.0,0.0,1.0,0.0,0.0,1.0,0.0,0.0,1.0,0.0,0.0,1.0
-1.5212581648036514,1.1787742210081642,1.5507312598767242,-1.3961162808498042,0.0,0.0,1.0,0.0,0.0,1.0,1.0,0.0,0.0,1.0,0.0,1.0,0.0
1.289936965509326,-0.02979113605152129,-0.507072509640641,1.4161537044953887,1.0,0.0,0.0,0.0,1.0,0.0,1.0,0.0,1.0,0.0,0.0,1.0,0.0
-0.9857924256964175,1.4688299067024888,0.9050933212732775,0.7130862081590905,1.0,0.0,0.0,0.0,0.0,1.0,0.0,1.0,1.0,0.0,0.0,1.0,0.0
0.4198051394600712,-0.7549303502873326,-1.094672572238724,-0.6930487845135059,1.0,0.0,0.0,0.0,1.0,0.0,1.0,0.0,1.0,0.0,1.0,0.0,0.0
1.0891373133441133,1.0820889924433894,0.39719504231389663,-1.3961162808498042,1.0,0.0,0.0,0.0,1.0,0.0,1.0,0.0,1.0,0.0,0.0,0.0,1.0
-1.119658860473226,1.2271168352905517,0.6437891514242438,0.010018711822792317,0.0,1.0,0.0,0.0,1.0,0.0,1.0,0.0,1.0,0.0,0.0,1.0,0.0
-1.5881913821920555,-0.8516155788521075,1.2707051945420893,-0.6930487845135059,1.0,0.0,0.0,0.0,1.0,0.0,1.0,0.0,0.0,1.0,1.0,0.0,0.0
-0.5172599039775879,-0.07813375033390871,0.696210458783927,0.7130862081590905,1.0,0.0,0.0,0.0,1.0,0.0,1.0,0.0,1.0,0.0,0.0,0.0,1.0
-1.0527256430848217,1.4688299067024888,-0.8325660354403075,-1.3961162808498042,1.0,0.0,0.0,0.0,1.0,0.0,1.0,0.0,1.0,0.0,1.0,0.0,0.0
-0.7849927735312048,-1.4317269502407566,1.2565300451029913,0.010018711822792317,0.0,1.0,0.0,0.0,0.0,1.0,0.0,1.0,1.0,0.0,1.0,0.0,0.0
-0.7180595561428006,0.9370611495962271,0.7344566167045125,0.7130862081590905,1.0,0.0,0.0,0.0,0.0,1.0,1.0,0.0,0.0,1.0,0.0,0.0,1.0
1.289936965509326,1.1304316067257767,0.38168261462582714,-0.6930487845135059,1.0,0.0,0.0,0.0,1.0,0.0,1.0,0.0,1.0,0.0,0.0,0.0,1.0
-0.24952703442397103,-0.7065877360049452,-0.8154488738534721,0.010018711822792317,0.0,0.0,1.0,0.0,0.0,1.0,1.0,0.0,0.0,1.0,0.0,0.0,1.0
1.0222040959557093,-0.36818943602823323,-1.2399009900770308,1.4161537044953887,0.0,0.0,1.0,0.0,0.0,1.0,1.0,0.0,0.0,1.0,1.0,0.0,0.0
-0.45032668658918373,0.01855147823086613,-0.24282632764387002,0.010018711822792317,1.0,0.0,0.0,0.0,0.0,1.0,1.0,0.0,0.0,1.0,0.0,0.0,1.0
0.4867383568484754,-0.17481897889868356,-0.32974941382701844,-1.3961162808498042,1.0,0.0,0.0,0.0,1.0,0.0,1.0,0.0,1.0,0.0,0.0,0.0,1.0
-0.1156605996471626,-0.9966434216992697,1.340511119138402,0.010018711822792317,0.0,1.0,0.0,0.0,1.0,0.0,1.0,0.0,1.0,0.0,1.0,0.0,0.0
-1.0527256430848217,-0.6099025074401704,-0.9740500741814937,0.7130862081590905,0.0,0.0,1.0,1.0,0.0,0.0,1.0,0.0,1.0,0.0,1.0,0.0,0.0
0.018205835129645846,0.69534807818429,1.4884140934746515,2.119221200831687,0.0,0.0,1.0,0.0,0.0,1.0,1.0,0.0,1.0,0.0,0.0,1.0,0.0
1.4238034002861346,0.1635793210780284,0.25464118097353333,1.4161537044953887,0.0,0.0,1.0,1.0,0.0,0.0,0.0,1.0,0.0,1.0,0.0,1.0,0.0
0.08513905251805007,-1.141671264546432,1.0286578314782455,1.4161537044953887,1.0,0.0,0.0,0.0,1.0,0.0,1.0,0.0,1.0,0.0,0.0,1.0,0.0
1.289936965509326,-1.0933286502640445,-0.27090917087227173,0.7130862081590905,0.0,1.0,0.0,1.0,0.0,0.0,0.0,1.0,1.0,0.0,0.0,1.0,0.0
1.0891373133441133,-1.0449860359816572,-0.2741186386698035,4.228423689840582,1.0,0.0,0.0,0.0,1.0,0.0,1.0,0.0,1.0,0.0,0.0,0.0,1.0
-1.119658860473226,0.01855147823086613,-1.5953495486536589,-0.6930487845135059,1.0,0.0,0.0,1.0,0.0,0.0,0.0,1.0,0.0,1.0,0.0,0.0,1.0
1.1560705307325176,0.4052923924899655,0.11636661002987876,1.4161537044953887,1.0,0.0,0.0,0.0,1.0,0.0,1.0,0.0,1.0,0.0,0.0,0.0,1.0
0.4867383568484754,-0.5132172788753955,1.7013087907109166,0.7130862081590905,0.0,1.0,0.0,1.0,0.0,0.0,1.0,0.0,1.0,0.0,0.0,1.0,0.0
0.21900548729485853,-1.1900138788288195,-1.051344756972047,2.119221200831687,0.0,0.0,1.0,0.0,1.0,0.0,1.0,0.0,0.0,1.0,0.0,0.0,1.0
0.955270878567305,-1.5767547930879187,0.18670744592578026,0.7130862081590905,1.0,0.0,0.0,0.0,1.0,0.0,0.0,1.0,1.0,0.0,0.0,0.0,1.0
0.4198051394600712,0.30860716392519066,0.8973371074292424,-0.6930487845135059,1.0,0.0,0.0,0.0,0.0,1.0,1.0,0.0,0.0,1.0,0.0,0.0,1.0
0.8883376611789008,0.9854037638786145,1.3830365674556961,-1.3961162808498042,0.0,0.0,1.0,1.0,0.0,0.0,1.0,0.0,0.0,1.0,1.0,0.0,0.0
0.15207226990645428,-1.141671264546432,-0.05453755018868072,0.010018711822792317,0.0,0.0,1.0,0.0,1.0,0.0,0.0,1.0,0.0,1.0,0.0,1.0,0.0
-0.5841931213659922,-0.8516155788521075,-1.2982063217321886,-0.6930487845135059,1.0,0.0,0.0,0.0,0.0,1.0,0.0,1.0,1.0,0.0,1.0,0.0,0.0
0.4867383568484754,-0.5615598931577829,-1.437283259625226,1.4161537044953887,0.0,0.0,1.0,0.0,1.0,0.0,0.0,1.0,1.0,0.0,1.0,0.0,0.0
-1.6551245995804598,-1.3350417216759816,1.5686507884129424,-0.6930487845135059,1.0,0.0,0.0,1.0,0.0,0.0,1.0,0.0,1.0,0.0,0.0,1.0,0.0
1.0891373133441133,0.7436906924666774,-0.507874876590024,-1.3961162808498042,1.0,0.0,0.0,0.0,1.0,0.0,0.0,1.0,1.0,0.0,0.0,1.0,0.0
1.1560705307325176,-0.8516155788521075,-1.4428998282709065,0.010018711822792317,0.0,0.0,1.0,0.0,1.0,0.0,1.0,0.0,1.0,0.0,0.0,0.0,1.0
-0.1156605996471626,-0.07813375033390871,1.1784329953630552,-0.6930487845135059,1.0,0.0,0.0,0.0,0.0,1.0,1.0,0.0,1.0,0.0,1.0,0.0,0.0
0.4867383568484754,-0.7065877360049452,-0.7336074450164154,0.010018711822792317,1.0,0.0,0.0,1.0,0.0,0.0,1.0,0.0,0.0,1.0,0.0,1.0,0.0
-0.9188592083080133,-1.721782635935081,-0.24469851719242997,-1.3961162808498042,0.0,1.0,0.0,1.0,0.0,0.0,0.0,1.0,0.0,1.0,0.0,1.0,0.0
-0.31646025181237525,-1.3350417216759816,-0.9994583609119525,1.4161537044953887,1.0,0.0,0.0,0.0,0.0,1.0,1.0,0.0,1.0,0.0,0.0,1.0,0.0
-0.9188592083080133,1.2271168352905517,-1.1099175442769995,0.7130862081590905,1.0,0.0,0.0,0.0,1.0,0.0,0.0,1.0,1.0,0.0,1.0,0.0,0.0
-0.24952703442397103,-0.6582451217225578,-0.9288500693662566,0.7130862081590905,1.0,0.0,0.0,0.0,1.0,0.0,1.0,0.0,1.0,0.0,0.0,0.0,1.0
0.7544712264020923,0.30860716392519066,1.1276164219021376,-0.6930487845135059,0.0,1.0,0.0,0.0,1.0,0.0,0.0,1.0,1.0,0.0,0.0,1.0,0.0
-1.2535252952500344,-1.4317269502407566,-1.531695104002615,0.010018711822792317,0.0,1.0,0.0,1.0,0.0,0.0,1.0,0.0,0.0,1.0,1.0,0.0,0.0
1.0891373133441133,-1.3350417216759816,-1.3886063313626629,0.7130862081590905,1.0,0.0,0.0,0.0,1.0,0.0,1.0,0.0,1.0,0.0,0.0,1.0,0.0
-0.048727382258758375,1.3721446781377138,1.3865134909030228,-0.6930487845135059,1.0,0.0,0.0,1.0,0.0,0.0,1.0,0.0,1.0,0.0,0.0,0.0,1.0
0.08513905251805007,1.3238020638553265,0.8708589980996067,-0.6930487845135059,1.0,0.0,0.0,0.0,0.0,1.0,1.0,0.0,1.0,0.0,0.0,1.0,0.0
0.4198051394600712,-0.9483008074168823,-0.9815388323757341,0.010018711822792317,1.0,0.0,0.0,0.0,0.0,1.0,1.0,0.0,1.0,0.0,0.0,0.0,1.0
-1.454324947415247,-0.5132172788753955,0.7788542545703666,-1.3961162808498042,1.0,0.0,0.0,1.0,0.0,0.0,1.0,0.0,0.0,1.0,1.0,0.0,0.0
-1.454324947415247,-0.17481897889868356,0.9246175837082616,-1.3961162808498042,1.0,0.0,0.0,0.0,0.0,1.0,0.0,1.0,0.0,1.0,1.0,0.0,0.0
0.8214044437904965,-1.0449860359816572,-1.5592430359314282,-0.6930487845135059,1.0,0.0,0.0,0.0,1.0,0.0,1.0,0.0,1.0,0.0,1.0,0.0,0.0
-1.5881913821920555,1.4688299067024888,-0.6972334766443903,0.7130862081590905,1.0,0.0,0.0,0.0,1.0,0.0,1.0,0.0,1.0,0.0,0.0,0.0,1.0
-0.31646025181237525,1.517172520984876,-0.3246677564809267,2.119221200831687,0.0,0.0,1.0,0.0,1.0,0.0,0.0,1.0,0.0,1.0,1.0,0.0,0.0
0.8883376611789008,0.2602645496428032,-0.5217825703793276,-0.6930487845135059,1.0,0.0,0.0,1.0,0.0,0.0,1.0,0.0,1.0,0.0,0.0,0.0,1.0
0.8214044437904965,0.8887185353138397,-1.063380261212791,1.4161537044953887,1.0,0.0,0.0,0.0,1.0,0.0,1.0,0.0,1.0,0.0,0.0,0.0,1.0
0.15207226990645428,1.5655151352672636,1.56972061101212,2.8222886971679855,0.0,0.0,1.0,0.0,1.0,0.0,1.0,0.0,0.0,1.0,0.0,1.0,0.0
1.0222040959557093,-1.4800695645231439,1.2364708713684185,0.010018711822792317,0.0,0.0,1.0,0.0,1.0,0.0,0.0,1.0,1.0,0.0,0.0,1.0,0.0
-1.5212581648036514,-0.36818943602823323,-0.14787957196689264,0.010018711822792317,1.0,0.0,0.0,0.0,1.0,0.0,1.0,0.0,1.0,0.0,0.0,1.0,0.0
-0.9857924256964175,0.9854037638786145,-1.0687293742086768,1.4161537044953887,0.0,0.0,1.0,0.0,1.0,0.0,1.0,0.0,0.0,1.0,0.0,1.0,0.0
-0.9188592083080133,-0.31984682174584583,0.40281161095957685,-0.6930487845135059,1.0,0.0,0.0,0.0,1.0,0.0,0.0,1.0,1.0,0.0,0.0,1.0,0.0
1.557669835062943,0.35694977820757806,1.2214933549799376,-0.6930487845135059,1.0,0.0,0.0,1.0,0.0,0.0,1.0,0.0,1.0,0.0,0.0,1.0,0.0
-0.9188592083080133,-0.9483008074168823,1.4153987010808071,-1.3961162808498042,0.0,1.0,0.0,1.0,0.0,0.0,1.0,0.0,1.0,0.0,0.0,0.0,1.0
0.35287192207166695,-0.17481897889868356,0.5119335160756523,0.010018711822792317,1.0,0.0,0.0,0.0,1.0,0.0,0.0,1.0,1.0,0.0,0.0,1.0,0.0
0.4867383568484754,-1.0933286502640445,-0.17034584654961377,-0.6930487845135059,1.0,0.0,0.0,0.0,0.0,1.0,0.0,1.0,1.0,0.0,0.0,1.0,0.0
0.955270878567305,0.7436906924666774,-1.2067364895025372,-1.3961162808498042,0.0,0.0,1.0,1.0,0.0,0.0,1.0,0.0,1.0,0.0,0.0,0.0,1.0
1.3568701828977303,-1.4800695645231439,-0.6418701571369696,0.010018711822792317,1.0,0.0,0.0,0.0,0.0,1.0,0.0,1.0,0.0,1.0,0.0,1.0,0.0
-1.2535252952500344,-1.5767547930879187,1.2573324120523741,0.7130862081590905,0.0,0.0,1.0,0.0,1.0,0.0,0.0,1.0,1.0,0.0,0.0,1.0,0.0
1.6246030524513473,1.033746378161002,0.9005465752267743,-0.6930487845135059,0.0,0.0,1.0,0.0,1.0,0.0,1.0,0.0,1.0,0.0,0.0,0.0,1.0
-1.3873917300268428,1.275459449572939,-1.4434347395704952,2.119221200831687,0.0,0.0,1.0,0.0,1.0,0.0,0.0,1.0,0.0,1.0,0.0,1.0,0.0
0.15207226990645428,-1.721782635935081,-1.1026962417325534,0.010018711822792317,1.0,0.0,0.0,0.0,1.0,0.0,0.0,1.0,0.0,1.0,0.0,1.0,0.0
-0.048727382258758375,-1.1900138788288195,1.049786827811995,0.010018711822792317,1.0,0.0,0.0,1.0,0.0,0.0,1.0,0.0,0.0,1.0,0.0,0.0,1.0
-1.1865920778616301,0.8403759210314523,-0.09679554285618051,-0.6930487845135059,1.0,0.0,0.0,0.0,1.0,0.0,1.0,0.0,0.0,1.0,1.0,0.0,0.0
0.955270878567305,-0.5615598931577829,-0.7595506430464629,1.4161537044953887,0.0,1.0,0.0,0.0,1.0,0.0,1.0,0.0,1.0,0.0,0.0,1.0,0.0
1.289936965509326,-1.5284121788055314,-1.3466157943449575,-1.3961162808498042,1.0,0.0,0.0,1.0,0.0,0.0,0.0,1.0,1.0,0.0,0.0,0.0,1.0
-0.31646025181237525,-1.4800695645231439,-1.425782666684071,0.010018711822792317,0.0,0.0,1.0,0.0,1.0,0.0,1.0,0.0,1.0,0.0,0.0,0.0,1.0
-0.9857924256964175,-0.80327296456972,-1.3813850288182168,0.010018711822792317,0.0,1.0,0.0,0.0,0.0,1.0,1.0,0.0,0.0,1.0,0.0,0.0,1.0
1.0222040959557093,-0.17481897889868356,-0.0922487968096777,1.4161537044953887,0.0,0.0,1.0,1.0,0.0,0.0,1.0,0.0,1.0,0.0,1.0,0.0,0.0
0.4867383568484754,1.1787742210081642,-0.33964527286940777,-0.6930487845135059,0.0,0.0,1.0,0.0,1.0,0.0,1.0,0.0,0.0,1.0,0.0,0.0,1.0
-0.1156605996471626,-0.9966434216992697,-1.705808732018706,-1.3961162808498042,0.0,0.0,1.0,0.0,1.0,0.0,1.0,0.0,0.0,1.0,0.0,1.0,0.0
0.8883376611789008,-1.141671264546432,1.5055312550614872,-0.6930487845135059,1.0,0.0,0.0,0.0,0.0,1.0,1.0,0.0,1.0,0.0,0.0,1.0,0.0
0.35287192207166695,-1.383384335958369,1.356291002476266,-0.6930487845135059,1.0,0.0,0.0,0.0,1.0,0.0,0.0,1.0,1.0,0.0,0.0,0.0,1.0
1.6246030524513473,-0.2715042074634584,-0.16071744315701889,-0.6930487845135059,1.0,0.0,0.0,0.0,1.0,0.0,0.0,1.0,0.0,1.0,1.0,0.0,0.0
0.8883376611789008,-1.5767547930879187,-0.6255553624995172,-0.6930487845135059,1.0,0.0,0.0,0.0,1.0,0.0,0.0,1.0,1.0,0.0,1.0,0.0,0.0
1.4907366176745387,0.01855147823086613,-0.5391671876159574,0.7130862081590905,0.0,1.0,0.0,0.0,1.0,0.0,1.0,0.0,0.0,1.0,0.0,1.0,0.0
1.4238034002861346,-0.7549303502873326,0.06956187131587577,-1.3961162808498042,1.0,0.0,0.0,0.0,0.0,1.0,1.0,0.0,0.0,1.0,0.0,0.0,1.0
1.557669835062943,-0.36818943602823323,0.33835479935914997,-0.6930487845135059,1.0,0.0,0.0,0.0,1.0,0.0,1.0,0.0,1.0,0.0,0.0,1.0,0.0
-0.048727382258758375,1.3721446781377138,-1.3979672791054636,0.7130862081590905,1.0,0.0,0.0,1.0,0.0,0.0,1.0,0.0,0.0,1.0,1.0,0.0,0.0
0.8214044437904965,-0.6099025074401704,-0.5600287282999131,-1.3961162808498042,1.0,0.0,0.0,0.0,1.0,0.0,1.0,0.0,0.0,1.0,0.0,0.0,1.0
-0.7180595561428006,-0.5615598931577829,-0.8280192893938043,0.7130862081590905,1.0,0.0,0.0,0.0,1.0,0.0,0.0,1.0,1.0,0.0,0.0,1.0,0.0
-1.2535252952500344,-0.12647636461629613,-1.683609913085779,0.010018711822792317,1.0,0.0,0.0,0.0,1.0,0.0,1.0,0.0,0.0,1.0,1.0,0.0,0.0
-1.1865920778616301,0.5986628496195152,-0.5105494330879669,0.7130862081590905,0.0,1.0,0.0,0.0,0.0,1.0,1.0,0.0,1.0,0.0,1.0,0.0,0.0
1.557669835062943,-0.8999581931344949,1.4410744434610603,-0.6930487845135059,0.0,1.0,0.0,0.0,1.0,0.0,0.0,1.0,1.0,0.0,1.0,0.0,0.0
-0.18259381703556682,0.6470054639019026,0.11235477528296406,0.7130862081590905,0.0,0.0,1.0,0.0,1.0,0.0,1.0,0.0,1.0,0.0,0.0,1.0,0.0
-0.7849927735312048,-1.2383564931112068,-0.5295387842233625,0.7130862081590905,0.0,0.0,1.0,0.0,1.0,0.0,1.0,0.0,0.0,1.0,1.0,0.0,0.0
-1.3873917300268428,-0.8516155788521075,-0.03447837645410801,0.010018711822792317,0.0,1.0,0.0,1.0,0.0,0.0,0.0,1.0,0.0,1.0,1.0,0.0,0.0
-0.048727382258758375,-0.9483008074168823,-1.1743743558774264,-0.6930487845135059,1.0,0.0,0.0,1.0,0.0,0.0,1.0,0.0,1.0,0.0,0.0,1.0,0.0
-0.1156605996471626,1.517172520984876,-0.42870800425091055,1.4161537044953887,1.0,0.0,0.0,1.0,0.0,0.0,1.0,0.0,1.0,0.0,0.0,0.0,1.0
1.4238034002861346,1.2271168352905517,0.4822459389484847,-1.3961162808498042,0.0,1.0,0.0,0.0,0.0,1.0,0.0,1.0,1.0,0.0,1.0,0.0,0.0
0.4198051394600712,-0.31984682174584583,-0.5640405630468276,-0.6930487845135059,0.0,0.0,1.0,0.0,0.0,1.0,1.0,0.0,1.0,0.0,1.0,0.0,0.0
1.1560705307325176,1.6622003638320384,0.6980826483324872,-0.6930487845135059,0.0,1.0,0.0,0.0,1.0,0.0,1.0,0.0,1.0,0.0,0.0,0.0,1.0
-0.5841931213659922,-1.6250974073703062,1.0118081255412041,0.010018711822792317,1.0,0.0,0.0,1.0,0.0,0.0,1.0,0.0,0.0,1.0,0.0,0.0,1.0
-0.7180595561428006,1.517172520984876,-0.7001754887921275,-1.3961162808498042,1.0,0.0,0.0,0.0,1.0,0.0,1.0,0.0,1.0,0.0,1.0,0.0,0.0
-1.5881913821920555,-1.383384335958369,-0.3342961598735216,0.010018711822792317,0.0,1.0,0.0,0.0,1.0,0.0,1.0,0.0,1.0,0.0,1.0,0.0,0.0
-1.1865920778616301,0.69534807818429,-0.2714440821718602,0.7130862081590905,1.0,0.0,0.0,0.0,0.0,1.0,1.0,0.0,1.0,0.0,1.0,0.0,0.0
0.08513905251805007,1.3721446781377138,-1.4297945014309856,-0.6930487845135059,1.0,0.0,0.0,1.0,0.0,0.0,1.0,0.0,0.0,1.0,0.0,1.0,0.0
1.6915362698397514,0.5986628496195152,1.3167075663067094,0.7130862081590905,1.0,0.0,0.0,0.0,1.0,0.0,0.0,1.0,1.0,0.0,0.0,1.0,0.0
-1.454324947415247,0.5503202353371277,1.2177489758828177,-0.6930487845135059,1.0,0.0,0.0,0.0,0.0,1.0,1.0,0.0,0.0,1.0,0.0,1.0,0.0
-0.45032668658918373,1.4204872924201013,-0.8023435470135513,0.7130862081590905,0.0,1.0,0.0,1.0,0.0,0.0,0.0,1.0,0.0,1.0,1.0,0.0,0.0
-1.3873917300268428,-0.6582451217225578,-0.6375908667402609,-1.3961162808498042,0.0,1.0,0.0,0.0,1.0,0.0,1.0,0.0,1.0,0.0,0.0,1.0,0.0
-1.3873917300268428,0.9370611495962271,0.48812996324395935,1.4161537044953887,0.0,1.0,0.0,0.0,0.0,1.0,0.0,1.0,1.0,0.0,1.0,0.0,0.0
1.4907366176745387,-1.383384335958369,-0.5832973698320173,-0.6930487845135059,1.0,0.0,0.0,1.0,0.0,0.0,0.0,1.0,1.0,0.0,0.0,0.0,1.0
-0.31646025181237525,-0.5132172788753955,0.21051099875747323,0.010018711822792317,1.0,0.0,0.0,0.0,1.0,0.0,1.0,0.0,1.0,0.0,1.0,0.0,0.0
-0.048727382258758375,0.7436906924666774,0.3022482866369189,0.010018711822792317,1.0,0.0,0.0,0.0,1.0,0.0,1.0,0.0,1.0,0.0,0.0,0.0,1.0
1.223003748120922,0.2602645496428032,-1.5220667006100201,-1.3961162808498042,0.0,0.0,1.0,0.0,1.0,0.0,1.0,0.0,0.0,1.0,0.0,0.0,1.0
-1.0527256430848217,0.9854037638786145,-0.3821707211867016,0.7130862081590905,1.0,0.0,0.0,0.0,1.0,0.0,1.0,0.0,0.0,1.0,0.0,1.0,0.0
1.6246030524513473,0.30860716392519066,-0.8491482857275542,0.7130862081590905,0.0,0.0,1.0,0.0,1.0,0.0,1.0,0.0,0.0,1.0,1.0,0.0,0.0
-0.31646025181237525,1.6138577495496509,0.5801347067731994,-0.6930487845135059,0.0,1.0,0.0,1.0,0.0,0.0,0.0,1.0,1.0,0.0,0.0,0.0,1.0
-1.722057816968864,0.5986628496195152,-1.0144358773004334,1.4161537044953887,0.0,1.0,0.0,0.0,0.0,1.0,0.0,1.0,1.0,0.0,1.0,0.0,0.0
0.6875380090136881,0.69534807818429,0.026501511698993046,0.7130862081590905,0.0,1.0,0.0,0.0,1.0,0.0,1.0,0.0,1.0,0.0,0.0,0.0,1.0
0.08513905251805007,1.6138577495496509,0.9695501328737043,0.010018711822792317,1.0,0.0,0.0,0.0,1.0,0.0,1.0,0.0,0.0,1.0,1.0,0.0,0.0
-0.18259381703556682,-1.6734400216526937,0.8473229009177081,0.010018711822792317,0.0,0.0,1.0,0.0,1.0,0.0,0.0,1.0,1.0,0.0,0.0,0.0,1.0
-0.7849927735312048,-0.4165320503106206,0.40281161095957685,1.4161537044953887,1.0,0.0,0.0,0.0,1.0,0.0,0.0,1.0,1.0,0.0,1.0,0.0,0.0
-0.8519259909196091,0.7436906924666774,1.1551643538309504,-0.6930487845135059,1.0,0.0,0.0,0.0,1.0,0.0,0.0,1.0,0.0,1.0,0.0,1.0,0.0
-1.2535252952500344,1.2271168352905517,1.6122460593294143,0.010018711822792317,1.0,0.0,0.0,0.0,1.0,0.0,1.0,0.0,1.0,0.0,0.0,0.0,1.0
0.4867383568484754,0.11523670679564098,-1.61407144413926,0.7130862081590905,1.0,0.0,0.0,1.0,0.0,0.0,1.0,0.0,1.0,0.0,0.0,1.0,0.0
-0.3833934692007795,0.6470054639019026,-1.442632372621112,0.010018711822792317,0.0,1.0,0.0,0.0,0.0,1.0,1.0,0.0,1.0,0.0,0.0,0.0,1.0
0.6875380090136881,1.4204872924201013,0.9604566407806983,0.010018711822792317,0.0,1.0,0.0,0.0,1.0,0.0,1.0,0.0,1.0,0.0,1.0,0.0,0.0
0.8883376611789008,-0.7065877360049452,-0.3709375838953408,0.7130862081590905,0.0,1.0,0.0,0.0,1.0,0.0,1.0,0.0,0.0,1.0,0.0,0.0,1.0
-0.6511263387543964,-0.2715042074634584,1.3656519502190672,0.010018711822792317,0.0,1.0,0.0,1.0,0.0,0.0,0.0,1.0,0.0,1.0,0.0,0.0,1.0
-1.119658860473226,-0.7065877360049452,-0.8486133744279657,0.010018711822792317,0.0,1.0,0.0,0.0,1.0,0.0,1.0,0.0,1.0,0.0,1.0,0.0,0.0
-0.9857924256964175,-1.3350417216759816,0.1011216379916033,-0.6930487845135059,1.0,0.0,0.0,1.0,0.0,0.0,1.0,0.0,0.0,1.0,1.0,0.0,0.0
-0.1156605996471626,1.1304316067257767,0.29984118578877045,0.010018711822792317,0.0,1.0,0.0,0.0,0.0,1.0,0.0,1.0,0.0,1.0,0.0,0.0,1.0
0.4867383568484754,1.4204872924201013,0.8465205339683252,-0.6930487845135059,1.0,0.0,0.0,0.0,0.0,1.0,1.0,0.0,0.0,1.0,1.0,0.0,0.0
0.15207226990645428,-1.0449860359816572,-1.5434631525935643,1.4161537044953887,0.0,0.0,1.0,1.0,0.0,0.0,1.0,0.0,1.0,0.0,0.0,0.0,1.0
-0.9188592083080133,-0.9483008074168823,1.447493379056123,-0.6930487845135059,0.0,0.0,1.0,0.0,1.0,0.0,1.0,0.0,1.0,0.0,0.0,0.0,1.0
-0.9857924256964175,1.033746378161002,-1.3971649121560805,0.010018711822792317,1.0,0.0,0.0,1.0,0.0,0.0,0.0,1.0,1.0,0.0,1.0,0.0,0.0
-1.5212581648036514,-0.6582451217225578,1.006191556895524,-1.3961162808498042,1.0,0.0,0.0,0.0,1.0,0.0,0.0,1.0,1.0,0.0,0.0,0.0,1.0
-1.3873917300268428,0.06689409251325355,-0.8098323052077917,0.010018711822792317,0.0,0.0,1.0,0.0,1.0,0.0,1.0,0.0,0.0,1.0,1.0,0.0,0.0
-0.5841931213659922,-0.12647636461629613,0.041746483737268116,0.7130862081590905,1.0,0.0,0.0,0.0,0.0,1.0,0.0,1.0,0.0,1.0,0.0,1.0,0.0
0.7544712264020923,1.517172520984876,1.6678768344866288,-1.3961162808498042,0.0,0.0,1.0,1.0,0.0,0.0,1.0,0.0,1.0,0.0,0.0,1.0,0.0
1.4238034002861346,-0.9966434216992697,-1.1601992064383284,0.7130862081590905,1.0,0.0,0.0,0.0,0.0,1.0,0.0,1.0,0.0,1.0,0.0,0.0,1.0
-0.048727382258758375,0.35694977820757806,-1.2051317556037713,-0.6930487845135059,1.0,0.0,0.0,0.0,1.0,0.0,1.0,0.0,0.0,1.0,0.0,0.0,1.0
-1.2535252952500344,0.35694977820757806,-0.41854468955872676,-0.6930487845135059,1.0,0.0,0.0,0.0,0.0,1.0,1.0,0.0,0.0,1.0,0.0,0.0,1.0
0.018205835129645846,-1.4317269502407566,0.2407334871842293,0.010018711822792317,1.0,0.0,0.0,0.0,1.0,0.0,1.0,0.0,1.0,0.0,0.0,0.0,1.0
1.6915362698397514,-1.2866991073935943,0.47796664855177595,-0.6930487845135059,1.0,0.0,0.0,1.0,0.0,0.0,0.0,1.0,0.0,1.0,0.0,1.0,0.0
0.5536715742368796,-1.3350417216759816,-0.5528074257554668,0.010018711822792317,1.0,0.0,0.0,0.0,1.0,0.0,0.0,1.0,1.0,0.0,0.0,1.0,0.0
-1.0527256430848217,0.5019776210547403,0.12011098912699901,-0.6930487845135059,0.0,0.0,1.0,0.0,1.0,0.0,0.0,1.0,0.0,1.0,1.0,0.0,0.0
-0.1156605996471626,0.11523670679564098,1.3151028324079435,3.5253561935042836,1.0,0.0,0.0,0.0,1.0,0.0,0.0,1.0,0.0,1.0,0.0,1.0,0.0
-0.7180595561428006,-0.02979113605152129,-0.9759222637300538,0.7130862081590905,0.0,0.0,1.0,0.0,1.0,0.0,0.0,1.0,1.0,0.0,0.0,0.0,1.0
0.7544712264020923,1.1304316067257767,1.323393957551567,0.7130862081590905,1.0,0.0,0.0,1.0,0.0,0.0,1.0,0.0,0.0,1.0,0.0,0.0,1.0
1.6246030524513473,0.8887185353138397,0.8553465704115372,0.010018711822792317,0.0,0.0,1.0,0.0,1.0,0.0,1.0,0.0,0.0,1.0,0.0,1.0,0.0
1.289936965509326,1.1787742210081642,-1.2308074979840244,0.7130862081590905,1.0,0.0,0.0,1.0,0.0,0.0,1.0,0.0,1.0,0.0,0.0,1.0,0.0
-1.5212581648036514,-0.8999581931344949,1.6512945841993818,-0.6930487845135059,1.0,0.0,0.0,0.0,0.0,1.0,1.0,0.0,0.0,1.0,0.0,1.0,0.0
1.1560705307325176,0.6470054639019026,0.13294886031712527,2.119221200831687,1.0,0.0,0.0,0.0,1.0,0.0,1.0,0.0,0.0,1.0,0.0,1.0,0.0
0.08513905251805007,1.710542978114426,-0.6870701619522069,-0.6930487845135059,1.0,0.0,0.0,0.0,1.0,0.0,1.0,0.0,1.0,0.0,1.0,0.0,0.0
0.4867383568484754,-1.5284121788055314,-1.383257218366777,-1.3961162808498042,0.0,1.0,0.0,0.0,1.0,0.0,0.0,1.0,0.0,1.0,0.0,1.0,0.0
0.6875380090136881,-1.2866991073935943,1.5606271189191137,0.010018711822792317,0.0,0.0,1.0,0.0,1.0,0.0,1.0,0.0,1.0,0.0,0.0,0.0,1.0
-0.048727382258758375,0.9370611495962271,1.2487738312589567,0.010018711822792317,1.0,0.0,0.0,0.0,0.0,1.0,1.0,0.0,1.0,0.0,1.0,0.0,0.0
0.4867383568484754,-1.1900138788288195,-0.06951506657716174,-1.3961162808498042,0.0,0.0,1.0,1.0,0.0,0.0,1.0,0.0,0.0,1.0,1.0,0.0,0.0
1.6915362698397514,-0.17481897889868356,1.4983099525170407,0.010018711822792317,1.0,0.0,0.0,0.0,1.0,0.0,1.0,0.0,1.0,0.0,0.0,0.0,1.0
-0.45032668658918373,-0.02979113605152129,0.3522624931484536,0.7130862081590905,0.0,0.0,1.0,1.0,0.0,0.0,1.0,0.0,1.0,0.0,0.0,0.0,1.0
0.6875380090136881,0.7436906924666774,-1.461086812456919,-0.6930487845135059,0.0,1.0,0.0,0.0,1.0,0.0,1.0,0.0,1.0,0.0,0.0,1.0,0.0
1.4907366176745387,-0.31984682174584583,-0.2420239606944871,-0.6930487845135059,1.0,0.0,0.0,0.0,1.0,0.0,1.0,0.0,0.0,1.0,0.0,1.0,0.0
0.018205835129645846,-0.9483008074168823,-1.6985874294742598,-1.3961162808498042,1.0,0.0,0.0,0.0,1.0,0.0,0.0,1.0,1.0,0.0,0.0,1.0,0.0
-0.5172599039775879,0.8887185353138397,0.32150509342210903,1.4161537044953887,1.0,0.0,0.0,1.0,0.0,0.0,0.0,1.0,1.0,0.0,1.0,0.0,0.0
0.8214044437904965,1.1304316067257767,1.00779629079429,-0.6930487845135059,0.0,1.0,0.0,0.0,1.0,0.0,0.0,1.0,1.0,0.0,1.0,0.0,0.0
0.15207226990645428,-1.4317269502407566,1.4346555078659968,0.7130862081590905,0.0,1.0,0.0,1.0,0.0,0.0,1.0,0.0,0.0,1.0,1.0,0.0,0.0
1.289936965509326,-1.1900138788288195,-0.991969602717712,-1.3961162808498042,1.0,0.0,0.0,1.0,0.0,0.0,1.0,0.0,0.0,1.0,0.0,1.0,0.0
-0.9857924256964175,0.9854037638786145,0.5373418028061111,0.010018711822792317,0.0,0.0,1.0,0.0,1.0,0.0,1.0,0.0,0.0,1.0,0.0,0.0,1.0
-0.9188592083080133,-1.2383564931112068,-0.8972903026905288,0.010018711822792317,1.0,0.0,0.0,0.0,1.0,0.0,1.0,0.0,0.0,1.0,1.0,0.0,0.0
1.0222040959557093,1.1787742210081642,-0.007732811474677739,1.4161537044953887,1.0,0.0,0.0,0.0,0.0,1.0,0.0,1.0,0.0,1.0,1.0,0.0,0.0
-1.454324947415247,-0.8999581931344949,0.7534459678399077,-0.6930487845135059,0.0,1.0,0.0,0.0,1.0,0.0,1.0,0.0,1.0,0.0,1.0,0.0,0.0
-0.9188592083080133,-0.8516155788521075,0.8847666918889103,-1.3961162808498042,1.0,0.0,0.0,1.0,0.0,0.0,1.0,0.0,1.0,0.0,1.0,0.0,0.0
0.955270878567305,-0.80327296456972,0.01660565265660372,0.7130862081590905,0.0,1.0,0.0,0.0,0.0,1.0,0.0,1.0,1.0,0.0,0.0,0.0,1.0
1.557669835062943,0.01855147823086613,-1.282693894044119,1.4161537044953887,0.0,1.0,0.0,0.0,1.0,0.0,1.0,0.0,1.0,0.0,1.0,0.0,0.0
0.7544712264020923,0.5986628496195152,0.8970696517794484,-1.3961162808498042,0.0,1.0,0.0,0.0,1.0,0.0,1.0,0.0,0.0,1.0,0.0,1.0,0.0
-1.1865920778616301,-1.2866991073935943,1.1950152456503014,1.4161537044953887,0.0,1.0,0.0,0.0,1.0,0.0,1.0,0.0,0.0,1.0,0.0,1.0,0.0
-1.454324947415247,-0.6582451217225578,-1.236691522279499,-1.3961162808498042,0.0,1.0,0.0,0.0,1.0,0.0,1.0,0.0,1.0,0.0,0.0,1.0,0.0
0.6875380090136881,-1.6734400216526937,0.6994199265814587,-0.6930487845135059,1.0,0.0,0.0,0.0,1.0,0.0,1.0,0.0,1.0,0.0,0.0,1.0,0.0
1.289936965509326,-0.6099025074401704,0.16424117134305874,0.7130862081590905,0.0,0.0,1.0,0.0,1.0,0.0,1.0,0.0,0.0,1.0,0.0,0.0,1.0
0.15207226990645428,0.7920333067490648,1.1016732238720899,-1.3961162808498042,0.0,0.0,1.0,0.0,0.0,1.0,1.0,0.0,0.0,1.0,0.0,0.0,1.0
1.1560705307325176,-0.80327296456972,0.31776071432498876,0.010018711822792317,1.0,0.0,0.0,0.0,0.0,1.0,1.0,0.0,1.0,0.0,0.0,1.0,0.0
-1.3873917300268428,-0.5615598931577829,1.537893388686598,1.4161537044953887,1.0,0.0,0.0,0.0,1.0,0.0,1.0,0.0,0.0,1.0,0.0,1.0,0.0
-1.5212581648036514,-1.0933286502640445,0.9240826724086728,-1.3961162808498042,0.0,0.0,1.0,0.0,1.0,0.0,0.0,1.0,0.0,1.0,0.0,0.0,1.0
-1.454324947415247,-1.3350417216759816,1.3033347838169942,1.4161537044953887,0.0,1.0,0.0,1.0,0.0,0.0,1.0,0.0,1.0,0.0,0.0,1.0,0.0
0.4867383568484754,-1.5284121788055314,0.9264897732568216,-0.6930487845135059,1.0,0.0,0.0,0.0,1.0,0.0,1.0,0.0,1.0,0.0,0.0,0.0,1.0
-0.5172599039775879,1.275459449572939,1.3167075663067094,-0.6930487845135059,1.0,0.0,0.0,1.0,0.0,0.0,1.0,0.0,1.0,0.0,1.0,0.0,0.0
0.15207226990645428,-0.02979113605152129,0.32792402901717216,0.010018711822792317,1.0,0.0,0.0,0.0,1.0,0.0,1.0,0.0,0.0,1.0,0.0,0.0,1.0
1.0222040959557093,1.3238020638553265,1.369931240615776,0.010018711822792317,1.0,0.0,0.0,0.0,1.0,0.0,1.0,0.0,1.0,0.0,1.0,0.0,0.0
0.7544712264020923,1.710542978114426,-1.476866695794783,0.010018711822792317,1.0,0.0,0.0,0.0,1.0,0.0,1.0,0.0,1.0,0.0,1.0,0.0,0.0
1.3568701828977303,0.35694977820757806,0.043618673285828434,-0.6930487845135059,0.0,0.0,1.0,0.0,0.0,1.0,1.0,0.0,1.0,0.0,0.0,0.0,1.0
-0.3833934692007795,1.0820889924433894,-0.43913877459288836,0.010018711822792317,1.0,0.0,0.0,0.0,1.0,0.0,1.0,0.0,1.0,0.0,0.0,0.0,1.0
-0.1156605996471626,0.9854037638786145,-1.0604382490650535,-0.6930487845135059,1.0,0.0,0.0,0.0,0.0,1.0,1.0,0.0,0.0,1.0,1.0,0.0,0.0
-0.31646025181237525,1.3238020638553265,-1.2436453691741507,-0.6930487845135059,1.0,0.0,0.0,0.0,0.0,1.0,1.0,0.0,1.0,0.0,0.0,1.0,0.0
-0.5172599039775879,-1.6250974073703062,-1.0106914982033133,-0.6930487845135059,0.0,1.0,0.0,1.0,0.0,0.0,0.0,1.0,1.0,0.0,1.0,0.0,0.0
0.4198051394600712,1.4204872924201013,0.8376944975251133,1.4161537044953887,0.0,1.0,0.0,0.0,1.0,0.0,1.0,0.0,1.0,0.0,1.0,0.0,0.0
0.08513905251805007,1.4688299067024888,0.8550791147617427,-0.6930487845135059,1.0,0.0,0.0,0.0,1.0,0.0,0.0,1.0,0.0,1.0,0.0,0.0,1.0
1.1560705307325176,1.033746378161002,-0.7983317122666368,0.010018711822792317,1.0,0.0,0.0,1.0,0.0,0.0,1.0,0.0,0.0,1.0,0.0,0.0,1.0
-0.5172599039775879,-0.4648746645930081,-1.3690820689276788,-0.6930487845135059,0.0,1.0,0.0,0.0,1.0,0.0,0.0,1.0,0.0,1.0,1.0,0.0,0.0
0.955270878567305,1.710542978114426,-0.05427009453888666,0.010018711822792317,1.0,0.0,0.0,0.0,1.0,0.0,1.0,0.0,1.0,0.0,0.0,1.0,0.0
-0.6511263387543964,0.30860716392519066,1.304672062065966,-0.6930487845135059,1.0,0.0,0.0,0.0,0.0,1.0,1.0,0.0,0.0,1.0,0.0,1.0,0.0
1.0222040959557093,1.3238020638553265,1.4654129075923419,-0.6930487845135059,1.0,0.0,0.0,1.0,0.0,0.0,1.0,0.0,1.0,0.0,0.0,0.0,1.0
-0.45032668658918373,-1.2866991073935943,0.9850625605617739,0.010018711822792317,1.0,0.0,0.0,0.0,1.0,0.0,1.0,0.0,1.0,0.0,0.0,1.0,0.0
0.955270878567305,-0.07813375033390871,0.8090767429971226,-0.6930487845135059,1.0,0.0,0.0,0.0,1.0,0.0,1.0,0.0,1.0,0.0,0.0,0.0,1.0
-1.5881913821920555,-0.6582451217225578,1.3603028372231807,0.010018711822792317,0.0,1.0,0.0,0.0,0.0,1.0,1.0,0.0,1.0,0.0,0.0,1.0,0.0
0.21900548729485853,-0.17481897889868356,-0.635986132841495,0.7130862081590905,0.0,0.0,1.0,0.0,1.0,0.0,1.0,0.0,1.0,0.0,0.0,0.0,1.0
0.4198051394600712,0.8403759210314523,-0.36933284999657534,-1.3961162808498042,1.0,0.0,0.0,1.0,0.0,0.0,1.0,0.0,0.0,1.0,0.0,0.0,1.0
-1.3204585126384387,-0.8999581931344949,-1.3530347299400207,-0.6930487845135059,0.0,0.0,1.0,0.0,1.0,0.0,1.0,0.0,1.0,0.0,1.0,0.0,0.0
-1.5881913821920555,-1.2866991073935943,-0.7911104097221907,-0.6930487845135059,0.0,1.0,0.0,1.0,0.0,0.0,0.0,1.0,0.0,1.0,1.0,0.0,0.0
-1.0527256430848217,0.30860716392519066,-1.1396051214041671,-0.6930487845135059,1.0,0.0,0.0,0.0,0.0,1.0,1.0,0.0,0.0,1.0,1.0,0.0,0.0
-0.24952703442397103,0.8403759210314523,-1.6199554684347348,0.7130862081590905,1.0,0.0,0.0,0.0,1.0,0.0,1.0,0.0,1.0,0.0,1.0,0.0,0.0
0.35287192207166695,-0.8999581931344949,1.5001821420656014,-0.6930487845135059,0.0,1.0,0.0,0.0,0.0,1.0,1.0,0.0,0.0,1.0,0.0,1.0,0.0
0.4198051394600712,0.8887185353138397,-1.4022465695021724,-1.3961162808498042,0.0,1.0,0.0,1.0,0.0,0.0,1.0,0.0,0.0,1.0,0.0,0.0,1.0
-0.3833934692007795,-0.36818943602823323,-1.6860170139339274,0.010018711822792317,0.0,0.0,1.0,0.0,1.0,0.0,0.0,1.0,1.0,0.0,1.0,0.0,0.0
1.3568701828977303,1.3238020638553265,0.05271216537883444,-0.6930487845135059,1.0,0.0,0.0,0.0,1.0,0.0,0.0,1.0,1.0,0.0,1.0,0.0,0.0
0.5536715742368796,-1.4800695645231439,-0.35783225705542016,0.010018711822792317,0.0,0.0,1.0,1.0,0.0,0.0,0.0,1.0,1.0,0.0,0.0,1.0,0.0
-0.24952703442397103,-0.2715042074634584,-0.933664271062554,0.010018711822792317,1.0,0.0,0.0,0.0,1.0,0.0,1.0,0.0,0.0,1.0,0.0,1.0,0.0
-1.0527256430848217,1.517172520984876,-1.1045684312811135,0.010018711822792317,1.0,0.0,0.0,0.0,1.0,0.0,1.0,0.0,1.0,0.0,0.0,0.0,1.0
1.0222040959557093,0.5019776210547403,-0.711943537383077,1.4161537044953887,1.0,0.0,0.0,0.0,0.0,1.0,0.0,1.0,0.0,1.0,0.0,1.0,0.0
-1.0527256430848217,-0.9483008074168823,-0.3942062254274453,-0.6930487845135059,0.0,1.0,0.0,0.0,0.0,1.0,0.0,1.0,0.0,1.0,1.0,0.0,0.0
-0.048727382258758375,0.4536350067723529,0.8839643249395274,1.4161537044953887,1.0,0.0,0.0,0.0,0.0,1.0,1.0,0.0,1.0,0.0,0.0,0.0,1.0
1.6915362698397514,0.4052923924899655,-1.3645353228811756,0.010018711822792317,0.0,1.0,0.0,0.0,1.0,0.0,1.0,0.0,0.0,1.0,1.0,0.0,0.0
-1.0527256430848217,-0.7549303502873326,0.1784163207821568,-0.6930487845135059,1.0,0.0,0.0,0.0,1.0,0.0,0.0,1.0,0.0,1.0,0.0,1.0,0.0
0.4867383568484754,1.710542978114426,-0.2027079801747246,0.010018711822792317,0.0,0.0,1.0,1.0,0.0,0.0,0.0,1.0,0.0,1.0,0.0,0.0,1.0
0.15207226990645428,1.3721446781377138,1.7454389729269768,0.7130862081590905,1.0,0.0,0.0,0.0,1.0,0.0,0.0,1.0,0.0,1.0,0.0,1.0,0.0
-0.24952703442397103,1.3721446781377138,-0.03554819905328539,0.010018711822792317,0.0,0.0,1.0,0.0,1.0,0.0,1.0,0.0,1.0,0.0,1.0,0.0,0.0
-1.0527256430848217,-0.9966434216992697,-1.2725305793519357,0.7130862081590905,0.0,0.0,1.0,1.0,0.0,0.0,1.0,0.0,1.0,0.0,0.0,1.0,0.0
0.5536715742368796,-0.6099025074401704,-0.8127743173555291,0.7130862081590905,0.0,1.0,0.0,0.0,0.0,1.0,1.0,0.0,0.0,1.0,1.0,0.0,0.0
1.6915362698397514,1.517172520984876,1.6694815683853947,0.010018711822792317,1.0,0.0,0.0,0.0,1.0,0.0,0.0,1.0,0.0,1.0,0.0,0.0,1.0
-1.2535252952500344,1.6622003638320384,-1.6081874198437855,0.010018711822792317,0.0,0.0,1.0,1.0,0.0,0.0,0.0,1.0,1.0,0.0,0.0,1.0,0.0
1.557669835062943,-0.6099025074401704,-1.6737140540433897,-0.6930487845135059,1.0,0.0,0.0,1.0,0.0,0.0,0.0,1.0,0.0,1.0,1.0,0.0,0.0
1.223003748120922,1.3238020638553265,1.2375406939675955,-1.3961162808498042,1.0,0.0,0.0,1.0,0.0,0.0,1.0,0.0,0.0,1.0,0.0,1.0,0.0
1.289936965509326,-0.4165320503106206,-0.4950370053998973,0.010018711822792317,1.0,0.0,0.0,0.0,0.0,1.0,1.0,0.0,0.0,1.0,0.0,1.0,0.0
1.3568701828977303,-0.22316159318107098,-0.5209802034299447,0.010018711822792317,0.0,1.0,0.0,0.0,1.0,0.0,0.0,1.0,1.0,0.0,1.0,0.0,0.0
0.4198051394600712,1.6622003638320384,-0.7865636636756875,0.7130862081590905,1.0,0.0,0.0,0.0,1.0,0.0,1.0,0.0,1.0,0.0,0.0,0.0,1.0
-1.2535252952500344,-1.4317269502407566,-1.0366346962333606,-0.6930487845135059,0.0,0.0,1.0,1.0,0.0,0.0,0.0,1.0,1.0,0.0,1.0,0.0,0.0
0.21900548729485853,1.033746378161002,-1.5373116726482954,0.010018711822792317,1.0,0.0,0.0,1.0,0.0,0.0,0.0,1.0,1.0,0.0,0.0,1.0,0.0
-0.8519259909196091,-0.02979113605152129,0.19312638152084338,0.010018711822792317,1.0,0.0,0.0,0.0,1.0,0.0,0.0,1.0,1.0,0.0,1.0,0.0,0.0
1.0222040959557093,1.1304316067257767,-0.19816123412822143,0.010018711822792317,1.0,0.0,0.0,0.0,1.0,0.0,0.0,1.0,0.0,1.0,0.0,0.0,1.0
1.0222040959557093,-0.6099025074401704,0.260792660918802,2.8222886971679855,1.0,0.0,0.0,0.0,1.0,0.0,1.0,0.0,0.0,1.0,1.0,0.0,0.0
0.7544712264020923,-0.9966434216992697,-0.10963341404630715,0.010018711822792317,1.0,0.0,0.0,0.0,1.0,0.0,1.0,0.0,1.0,0.0,1.0,0.0,0.0
-0.048727382258758375,-1.2383564931112068,-0.2832121307628095,3.5253561935042836,1.0,0.0,0.0,0.0,0.0,1.0,1.0,0.0,1.0,0.0,1.0,0.0,0.0
-0.45032668658918373,-1.1900138788288195,1.4573892380985125,0.7130862081590905,1.0,0.0,0.0,1.0,0.0,0.0,1.0,0.0,1.0,0.0,0.0,0.0,1.0
0.018205835129645846,0.8403759210314523,-0.728793243320118,-0.6930487845135059,0.0,1.0,0.0,1.0,0.0,0.0,0.0,1.0,0.0,1.0,0.0,0.0,1.0
1.1560705307325176,-0.4165320503106206,0.6047406265542753,0.010018711822792317,1.0,0.0,0.0,0.0,1.0,0.0,1.0,0.0,0.0,1.0,1.0,0.0,0.0
0.7544712264020923,-0.36818943602823323,1.0701134571963622,-0.6930487845135059,1.0,0.0,0.0,0.0,1.0,0.0,1.0,0.0,0.0,1.0,1.0,0.0,0.0
-1.722057816968864,1.4204872924201013,-1.618350734535969,0.010018711822792317,0.0,0.0,1.0,0.0,1.0,0.0,0.0,1.0,1.0,0.0,1.0,0.0,0.0
0.6875380090136881,-1.5767547930879187,-0.9561305456452753,0.010018711822792317,1.0,0.0,0.0,0.0,1.0,0.0,1.0,0.0,1.0,0.0,1.0,0.0,0.0
-1.5212581648036514,0.69534807818429,-1.3519649073408435,-1.3961162808498042,1.0,0.0,0.0,0.0,1.0,0.0,0.0,1.0,1.0,0.0,0.0,1.0,0.0
-0.31646025181237525,-1.721782635935081,-0.41907960085831564,-0.6930487845135059,0.0,1.0,0.0,0.0,1.0,0.0,0.0,1.0,1.0,0.0,0.0,1.0,0.0
1.6915362698397514,0.7920333067490648,0.9593868181815209,-0.6930487845135059,0.0,1.0,0.0,0.0,0.0,1.0,0.0,1.0,0.0,1.0,1.0,0.0,0.0
-0.5172599039775879,1.517172520984876,-1.574220552319909,2.119221200831687,1.0,0.0,0.0,0.0,1.0,0.0,1.0,0.0,1.0,0.0,0.0,0.0,1.0
0.35287192207166695,0.5019776210547403,-0.58035535768428,0.010018711822792317,1.0,0.0,0.0,0.0,1.0,0.0,0.0,1.0,1.0,0.0,0.0,0.0,1.0
-1.2535252952500344,-0.80327296456972,-0.07058488917633911,-0.6930487845135059,1.0,0.0,0.0,0.0,1.0,0.0,0.0,1.0,0.0,1.0,1.0,0.0,0.0
0.5536715742368796,-0.9483008074168823,0.5544589643929465,0.010018711822792317,1.0,0.0,0.0,1.0,0.0,0.0,1.0,0.0,1.0,0.0,0.0,0.0,1.0
-0.24952703442397103,1.033746378161002,0.9192684707123755,-0.6930487845135059,0.0,0.0,1.0,0.0,1.0,0.0,1.0,0.0,0.0,1.0,1.0,0.0,0.0
0.4198051394600712,0.5986628496195152,0.2878056815480267,2.119221200831687,0.0,0.0,1.0,0.0,1.0,0.0,1.0,0.0,0.0,1.0,0.0,0.0,1.0
-0.5841931213659922,-1.0449860359816572,0.07143406086443571,-0.6930487845135059,1.0,0.0,0.0,1.0,0.0,0.0,1.0,0.0,0.0,1.0,0.0,1.0,0.0
-0.45032668658918373,1.1304316067257767,0.7949015935580246,-1.3961162808498042,0.0,1.0,0.0,1.0,0.0,0.0,0.0,1.0,0.0,1.0,0.0,0.0,1.0
-1.6551245995804598,-0.2715042074634584,-0.2754559169187749,-0.6930487845135059,0.0,1.0,0.0,1.0,0.0,0.0,1.0,0.0,1.0,0.0,0.0,0.0,1.0
-1.454324947415247,-0.22316159318107098,-0.7186299286279346,-0.6930487845135059,1.0,0.0,0.0,0.0,1.0,0.0,1.0,0.0,1.0,0.0,0.0,1.0,0.0
0.2859387046832627,1.0820889924433894,1.2335288592206808,-0.6930487845135059,1.0,0.0,0.0,1.0,0.0,0.0,0.0,1.0,1.0,0.0,0.0,0.0,1.0
0.6206047916252838,1.5655151352672636,-0.6416027014871754,0.7130862081590905,0.0,0.0,1.0,0.0,1.0,0.0,1.0,0.0,1.0,0.0,1.0,0.0,0.0
-1.1865920778616301,-0.7065877360049452,0.2848636694002894,-0.6930487845135059,0.0,1.0,0.0,0.0,1.0,0.0,1.0,0.0,1.0,0.0,0.0,1.0,0.0
0.6206047916252838,1.3238020638553265,0.46753587820979814,0.7130862081590905,1.0,0.0,0.0,1.0,0.0,0.0,0.0,1.0,1.0,0.0,0.0,0.0,1.0
1.1560705307325176,-0.7065877360049452,-0.21768549656320563,-0.6930487845135059,0.0,1.0,0.0,1.0,0.0,0.0,1.0,0.0,1.0,0.0,0.0,1.0,0.0
1.557669835062943,-1.4800695645231439,1.4159336123803958,0.010018711822792317,1.0,0.0,0.0,0.0,1.0,0.0,1.0,0.0,1.0,0.0,0.0,1.0,0.0
-0.24952703442397103,0.06689409251325355,1.3319525383449844,-1.3961162808498042,1.0,0.0,0.0,0.0,1.0,0.0,1.0,0.0,0.0,1.0,0.0,0.0,1.0
1.6915362698397514,-0.2715042074634584,-0.052665360640120784,0.010018711822792317,0.0,1.0,0.0,1.0,0.0,0.0,1.0,0.0,0.0,1.0,1.0,0.0,0.0
-1.454324947415247,-0.02979113605152129,-0.11097069229527859,-0.6930487845135059,1.0,0.0,0.0,0.0,1.0,0.0,0.0,1.0,0.0,1.0,0.0,0.0,1.0
-0.6511263387543964,0.30860716392519066,-1.378977927970068,-0.6930487845135059,0.0,1.0,0.0,1.0,0.0,0.0,1.0,0.0,0.0,1.0,0.0,0.0,1.0
0.35287192207166695,-0.07813375033390871,0.447209248825431,-0.6930487845135059,0.0,1.0,0.0,0.0,1.0,0.0,0.0,1.0,1.0,0.0,1.0,0.0,0.0
1.4238034002861346,-0.9966434216992697,-0.7491198727044851,-0.6930487845135059,1.0,0.0,0.0,0.0,1.0,0.0,1.0,0.0,1.0,0.0,0.0,1.0,0.0
1.223003748120922,-1.5284121788055314,-1.0470654665753385,-0.6930487845135059,1.0,0.0,0.0,1.0,0.0,0.0,1.0,0.0,1.0,0.0,0.0,0.0,1.0
-0.31646025181237525,1.2271168352905517,-0.7916453210217792,-0.6930487845135059,1.0,0.0,0.0,0.0,1.0,0.0,1.0,0.0,1.0,0.0,0.0,1.0,0.0
-1.2535252952500344,0.11523670679564098,1.7141466619010437,0.010018711822792317,0.0,0.0,1.0,0.0,1.0,0.0,0.0,1.0,0.0,1.0,0.0,0.0,1.0
-0.6511263387543964,0.30860716392519066,-0.6004145314188527,-0.6930487845135059,0.0,1.0,0.0,0.0,1.0,0.0,0.0,1.0,1.0,0.0,0.0,0.0,1.0
1.3568701828977303,-1.6250974073703062,0.41698676039867494,0.010018711822792317,0.0,1.0,0.0,0.0,1.0,0.0,0.0,1.0,0.0,1.0,0.0,0.0,1.0
0.21900548729485853,-0.17481897889868356,0.1602293365961444,-0.6930487845135059,1.0,0.0,0.0,0.0,1.0,0.0,0.0,1.0,0.0,1.0,1.0,0.0,0.0
-1.454324947415247,0.9370611495962271,-0.9914346914181233,-0.6930487845135059,1.0,0.0,0.0,1.0,0.0,0.0,1.0,0.0,1.0,0.0,0.0,1.0,0.0
0.21900548729485853,-1.2866991073935943,-1.0251341032922057,2.8222886971679855,1.0,0.0,0.0,0.0,1.0,0.0,1.0,0.0,1.0,0.0,1.0,0.0,0.0
-0.45032668658918373,1.6622003638320384,-0.9951790705152436,0.010018711822792317,1.0,0.0,0.0,0.0,1.0,0.0,1.0,0.0,0.0,1.0,0.0,0.0,1.0
-0.31646025181237525,-0.6099025074401704,0.8558814817111257,-0.6930487845135059,1.0,0.0,0.0,0.0,1.0,0.0,1.0,0.0,1.0,0.0,0.0,1.0,0.0
-1.3204585126384387,-0.6582451217225578,-1.2671814663560494,-1.3961162808498042,1.0,0.0,0.0,1.0,0.0,0.0,1.0,0.0,1.0,0.0,0.0,0.0,1.0
-0.24952703442397103,0.5019776210547403,-1.0262039258913829,0.010018711822792317,0.0,1.0,0.0,0.0,1.0,0.0,1.0,0.0,1.0,0.0,1.0,0.0,0.0
-0.24952703442397103,1.275459449572939,-0.9315246258641996,0.010018711822792317,0.0,0.0,1.0,1.0,0.0,0.0,0.0,1.0,0.0,1.0,0.0,1.0,0.0
0.15207226990645428,-1.5767547930879187,-0.9237684120201649,2.8222886971679855,0.0,1.0,0.0,0.0,1.0,0.0,0.0,1.0,0.0,1.0,0.0,0.0,1.0
0.6875380090136881,-0.36818943602823323,-0.6493589153312102,0.010018711822792317,0.0,0.0,1.0,0.0,0.0,1.0,1.0,0.0,0.0,1.0,0.0,0.0,1.0
-0.31646025181237525,1.5655151352672636,-0.6635340647703082,0.010018711822792317,1.0,0.0,0.0,0.0,1.0,0.0,1.0,0.0,1.0,0.0,0.0,1.0,0.0
-0.9188592083080133,1.2271168352905517,1.446958467756535,-0.6930487845135059,0.0,0.0,1.0,0.0,1.0,0.0,1.0,0.0,0.0,1.0,0.0,1.0,0.0
-0.6511263387543964,-1.0449860359816572,0.6798956641464745,-0.6930487845135059,0.0,0.0,1.0,1.0,0.0,0.0,1.0,0.0,0.0,1.0,1.0,0.0,0.0
-0.9188592083080133,0.30860716392519066,0.8331477514786101,0.010018711822792317,1.0,0.0,0.0,0.0,1.0,0.0,1.0,0.0,1.0,0.0,0.0,0.0,1.0
-0.048727382258758375,0.9370611495962271,1.0278554645288625,1.4161537044953887,0.0,0.0,1.0,0.0,1.0,0.0,0.0,1.0,0.0,1.0,0.0,1.0,0.0
0.7544712264020923,1.6622003638320384,-1.5004027929766814,0.7130862081590905,1.0,0.0,0.0,1.0,0.0,0.0,1.0,0.0,1.0,0.0,0.0,0.0,1.0
0.6206047916252838,-1.6734400216526937,-1.1037660643317306,0.010018711822792317,1.0,0.0,0.0,0.0,1.0,0.0,1.0,0.0,1.0,0.0,0.0,0.0,1.0
-0.5841931213659922,-0.8516155788521075,1.3854436683038451,0.7130862081590905,1.0,0.0,0.0,1.0,0.0,0.0,0.0,1.0,1.0,0.0,0.0,1.0,0.0
1.289936965509326,-1.5767547930879187,-1.0066796634563986,0.010018711822792317,0.0,0.0,1.0,0.0,1.0,0.0,1.0,0.0,1.0,0.0,1.0,0.0,0.0
0.4198051394600712,-0.4648746645930081,0.3632281747900199,-1.3961162808498042,0.0,0.0,1.0,1.0,0.0,0.0,0.0,1.0,1.0,0.0,1.0,0.0,0.0
0.6875380090136881,1.1304316067257767,-0.3669257491484265,1.4161537044953887,1.0,0.0,0.0,0.0,1.0,0.0,0.0,1.0,0.0,1.0,0.0,1.0,0.0
0.6206047916252838,1.4204872924201013,0.6847098658427722,-0.6930487845135059,1.0,0.0,0.0,0.0,1.0,0.0,0.0,1.0,0.0,1.0,0.0,0.0,1.0
1.4907366176745387,-0.8516155788521075,-0.5276665946748023,1.4161537044953887,0.0,0.0,1.0,1.0,0.0,0.0,1.0,0.0,1.0,0.0,0.0,1.0,0.0
0.8883376611789008,-1.721782635935081,1.694354943816265,-0.6930487845135059,1.0,0.0,0.0,0.0,1.0,0.0,1.0,0.0,0.0,1.0,0.0,1.0,0.0
0.21900548729485853,0.9854037638786145,-0.875358939407396,-0.6930487845135059,0.0,1.0,0.0,0.0,1.0,0.0,1.0,0.0,1.0,0.0,1.0,0.0,0.0
-0.6511263387543964,-0.07813375033390871,0.5670293799332787,0.7130862081590905,1.0,0.0,0.0,0.0,1.0,0.0,1.0,0.0,0.0,1.0,0.0,0.0,1.0
1.3568701828977303,-1.6734400216526937,-0.052130449340532285,-0.6930487845135059,1.0,0.0,0.0,1.0,0.0,0.0,1.0,0.0,1.0,0.0,0.0,1.0,0.0
-0.9188592083080133,0.8403759210314523,-1.0312855832374745,2.119221200831687,0.0,1.0,0.0,0.0,0.0,1.0,1.0,0.0,1.0,0.0,1.0,0.0,0.0
0.8883376611789008,-0.8516155788521075,1.25893714595114,0.7130862081590905,1.0,0.0,0.0,0.0,0.0,1.0,1.0,0.0,0.0,1.0,0.0,1.0,0.0
-1.119658860473226,1.0820889924433894,-1.4616217237565075,0.010018711822792317,1.0,0.0,0.0,1.0,0.0,0.0,0.0,1.0,1.0,0.0,0.0,0.0,1.0
0.8214044437904965,-1.2383564931112068,-0.3987529714739485,0.7130862081590905,1.0,0.0,0.0,0.0,1.0,0.0,0.0,1.0,0.0,1.0,0.0,1.0,0.0
-0.9188592083080133,-1.383384335958369,1.3504069781807913,1.4161537044953887,1.0,0.0,0.0,0.0,0.0,1.0,1.0,0.0,1.0,0.0,0.0,1.0,0.0
-0.5841931213659922,1.0820889924433894,-0.8536950317740574,-1.3961162808498042,1.0,0.0,0.0,0.0,1.0,0.0,0.0,1.0,1.0,0.0,1.0,0.0,0.0
-1.3873917300268428,-0.6582451217225578,-0.4843387794081254,0.010018711822792317,1.0,0.0,0.0,1.0,0.0,0.0,0.0,1.0,0.0,1.0,1.0,0.0,0.0
-0.45032668658918373,0.4052923924899655,-0.2224996982595029,2.119221200831687,0.0,1.0,0.0,0.0,0.0,1.0,1.0,0.0,0.0,1.0,0.0,1.0,0.0
1.0222040959557093,0.4052923924899655,-0.5471908571097864,0.7130862081590905,1.0,0.0,0.0,0.0,1.0,0.0,1.0,0.0,1.0,0.0,1.0,0.0,0.0
1.4238034002861346,1.3721446781377138,-1.6178158232363804,0.7130862081590905,1.0,0.0,0.0,0.0,1.0,0.0,0.0,1.0,0.0,1.0,0.0,0.0,1.0
-0.18259381703556682,-1.721782635935081,-0.2612807674796769,-0.6930487845135059,1.0,0.0,0.0,0.0,0.0,1.0,1.0,0.0,1.0,0.0,0.0,0.0,1.0
-1.454324947415247,1.6622003638320384,-0.20939437141958217,0.7130862081590905,1.0,0.0,0.0,1.0,0.0,0.0,1.0,0.0,0.0,1.0,0.0,0.0,1.0
-1.119658860473226,1.5655151352672636,0.6162412194954305,0.7130862081590905,0.0,1.0,0.0,1.0,0.0,0.0,0.0,1.0,0.0,1.0,0.0,0.0,1.0
-0.18259381703556682,1.4688299067024888,-0.62448553990034,-1.3961162808498042,1.0,0.0,0.0,0.0,1.0,0.0,0.0,1.0,1.0,0.0,1.0,0.0,0.0
-1.454324947415247,-0.8999581931344949,0.07865536340888178,1.4161537044953887,1.0,0.0,0.0,0.0,0.0,1.0,0.0,1.0,1.0,0.0,0.0,1.0,0.0
-0.7849927735312048,1.3721446781377138,0.2955618953920613,0.010018711822792317,1.0,0.0,0.0,1.0,0.0,0.0,0.0,1.0,0.0,1.0,0.0,0.0,1.0
0.4198051394600712,1.0820889924433894,-1.2770773253984387,0.7130862081590905,0.0,0.0,1.0,0.0,1.0,0.0,1.0,0.0,0.0,1.0,0.0,0.0,1.0
-1.119658860473226,0.21192193536041581,-1.58919806870839,0.010018711822792317,1.0,0.0,0.0,1.0,0.0,0.0,0.0,1.0,0.0,1.0,1.0,0.0,0.0
0.7544712264020923,-0.6582451217225578,-1.2072714008021257,1.4161537044953887,0.0,1.0,0.0,1.0,0.0,0.0,1.0,0.0,1.0,0.0,1.0,0.0,0.0
-0.9857924256964175,0.4052923924899655,0.1944636597698152,-1.3961162808498042,1.0,0.0,0.0,0.0,1.0,0.0,0.0,1.0,1.0,0.0,0.0,1.0,0.0
-1.454324947415247,-0.31984682174584583,0.061003290522457884,0.010018711822792317,0.0,1.0,0.0,0.0,1.0,0.0,1.0,0.0,1.0,0.0,0.0,1.0,0.0
0.5536715742368796,0.11523670679564098,0.5737157711781363,1.4161537044953887,1.0,0.0,0.0,0.0,0.0,1.0,1.0,0.0,1.0,0.0,0.0,0.0,1.0
0.5536715742368796,0.2602645496428032,0.7256305802613005,-0.6930487845135059,0.0,1.0,0.0,0.0,1.0,0.0,1.0,0.0,1.0,0.0,0.0,1.0,0.0
0.21900548729485853,1.6622003638320384,-0.2345352025002466,1.4161537044953887,1.0,0.0,0.0,0.0,1.0,0.0,1.0,0.0,1.0,0.0,1.0,0.0,0.0
-0.5172599039775879,0.7920333067490648,-0.8876618992979339,1.4161537044953887,1.0,0.0,0.0,1.0,0.0,0.0,1.0,0.0,1.0,0.0,1.0,0.0,0.0
-0.9188592083080133,1.4204872924201013,-1.725065538803896,-1.3961162808498042,0.0,1.0,0.0,0.0,1.0,0.0,0.0,1.0,1.0,0.0,1.0,0.0,0.0
-0.5172599039775879,-0.8516155788521075,0.025164233450021226,-1.3961162808498042,1.0,0.0,0.0,0.0,1.0,0.0,1.0,0.0,1.0,0.0,1.0,0.0,0.0
0.4867383568484754,-0.6582451217225578,1.6617253545413602,-0.6930487845135059,1.0,0.0,0.0,0.0,0.0,1.0,0.0,1.0,1.0,0.0,1.0,0.0,0.0
-1.722057816968864,1.0820889924433894,1.4846697143775316,-1.3961162808498042,0.0,0.0,1.0,0.0,1.0,0.0,0.0,1.0,1.0,0.0,0.0,1.0,0.0
0.8214044437904965,0.8887185353138397,-0.3599719022537745,-1.3961162808498042,1.0,0.0,0.0,1.0,0.0,0.0,1.0,0.0,1.0,0.0,0.0,1.0,0.0
-0.6511263387543964,-0.36818943602823323,-1.4396903604733748,-0.6930487845135059,1.0,0.0,0.0,0.0,0.0,1.0,1.0,0.0,1.0,0.0,1.0,0.0,0.0
1.6915362698397514,0.1635793210780284,-0.5739364220892167,-1.3961162808498042,1.0,0.0,0.0,1.0,0.0,0.0,0.0,1.0,0.0,1.0,0.0,0.0,1.0
1.3568701828977303,-0.8999581931344949,1.0941844656778497,1.4161537044953887,1.0,0.0,0.0,0.0,0.0,1.0,1.0,0.0,1.0,0.0,0.0,0.0,1.0
-1.2535252952500344,0.1635793210780284,-1.4525282316635013,1.4161537044953887,1.0,0.0,0.0,1.0,0.0,0.0,1.0,0.0,0.0,1.0,0.0,0.0,1.0
1.289936965509326,1.1304316067257767,-0.5228523929785049,-1.3961162808498042,0.0,1.0,0.0,0.0,1.0,0.0,1.0,0.0,1.0,0.0,1.0,0.0,0.0
0.4198051394600712,-1.6250974073703062,0.4908045197419026,-0.6930487845135059,1.0,0.0,0.0,1.0,0.0,0.0,1.0,0.0,0.0,1.0,0.0,1.0,0.0
1.4238034002861346,-0.8516155788521075,-0.2612807674796769,0.7130862081590905,1.0,0.0,0.0,0.0,1.0,0.0,1.0,0.0,1.0,0.0,0.0,1.0,0.0
0.4198051394600712,-1.2866991073935943,1.0853584292346374,0.010018711822792317,1.0,0.0,0.0,0.0,0.0,1.0,1.0,0.0,1.0,0.0,0.0,0.0,1.0
0.8883376611789008,0.9854037638786145,-1.3610583994338497,-1.3961162808498042,0.0,0.0,1.0,0.0,1.0,0.0,1.0,0.0,1.0,0.0,1.0,0.0,0.0
0.5536715742368796,-0.12647636461629613,-1.2618323533601634,0.7130862081590905,1.0,0.0,0.0,1.0,0.0,0.0,1.0,0.0,0.0,1.0,1.0,0.0,0.0
-1.2535252952500344,-0.31984682174584583,-1.3369873909523624,-0.6930487845135059,0.0,0.0,1.0,0.0,1.0,0.0,1.0,0.0,1.0,0.0,1.0,0.0,0.0
0.4198051394600712,-1.6734400216526937,0.3907761067188331,0.010018711822792317,0.0,1.0,0.0,0.0,1.0,0.0,1.0,0.0,0.0,1.0,0.0,0.0,1.0
0.955270878567305,1.1787742210081642,0.5202246412192758,-1.3961162808498042,1.0,0.0,0.0,0.0,1.0,0.0,0.0,1.0,0.0,1.0,1.0,0.0,0.0
1.6915362698397514,-1.5767547930879187,-0.09037660726111738,-0.6930487845135059,1.0,0.0,0.0,1.0,0.0,0.0,0.0,1.0,1.0,0.0,1.0,0.0,0.0
-0.5172599039775879,1.4204872924201013,0.2551760922731218,0.010018711822792317,1.0,0.0,0.0,1.0,0.0,0.0,1.0,0.0,1.0,0.0,1.0,0.0,0.0
-1.119658860473226,-0.17481897889868356,0.6116944734489274,0.010018711822792317,1.0,0.0,0.0,1.0,0.0,0.0,0.0,1.0,0.0,1.0,0.0,0.0,1.0
1.4238034002861346,-0.6582451217225578,1.3022649612178172,-0.6930487845135059,0.0,1.0,0.0,0.0,1.0,0.0,0.0,1.0,1.0,0.0,0.0,1.0,0.0
-0.1156605996471626,-0.4165320503106206,-0.514828723484676,0.7130862081590905,1.0,0.0,0.0,0.0,0.0,1.0,1.0,0.0,1.0,0.0,0.0,1.0,0.0
1.0891373133441133,-0.17481897889868356,1.145001039138767,0.010018711822792317,1.0,0.0,0.0,0.0,1.0,0.0,0.0,1.0,0.0,1.0,0.0,1.0,0.0
1.6915362698397514,0.01855147823086613,0.39585776406492484,-1.3961162808498042,1.0,0.0,0.0,0.0,1.0,0.0,1.0,0.0,1.0,0.0,0.0,0.0,1.0
1.0891373133441133,0.2602645496428032,0.6617086799604621,1.4161537044953887,0.0,1.0,0.0,1.0,0.0,0.0,0.0,1.0,1.0,0.0,0.0,1.0,0.0
1.3568701828977303,0.4536350067723529,0.438115756732425,0.010018711822792317,1.0,0.0,0.0,0.0,0.0,1.0,1.0,0.0,1.0,0.0,0.0,0.0,1.0
0.8883376611789008,-1.5767547930879187,-0.8686725481625385,0.010018711822792317,1.0,0.0,0.0,0.0,0.0,1.0,1.0,0.0,0.0,1.0,0.0,0.0,1.0
-1.5212581648036514,1.6622003638320384,-1.3787104723202739,0.010018711822792317,1.0,0.0,0.0,1.0,0.0,0.0,1.0,0.0,0.0,1.0,0.0,0.0,1.0
-0.8519259909196091,-1.6250974073703062,0.3717867555834378,0.7130862081590905,1.0,0.0,0.0,0.0,1.0,0.0,1.0,0.0,0.0,1.0,0.0,1.0,0.0
0.15207226990645428,0.01855147823086613,-0.814379051254295,0.010018711822792317,1.0,0.0,0.0,0.0,1.0,0.0,1.0,0.0,0.0,1.0,0.0,1.0,0.0
-0.3833934692007795,1.275459449572939,0.87915012324323,0.010018711822792317,0.0,0.0,1.0,0.0,1.0,0.0,1.0,0.0,0.0,1.0,1.0,0.0,0.0
-0.7849927735312048,1.1787742210081642,1.4207478140766927,-1.3961162808498042,0.0,1.0,0.0,0.0,0.0,1.0,0.0,1.0,1.0,0.0,0.0,1.0,0.0
-0.6511263387543964,-0.5132172788753955,-1.4177589971902418,2.119221200831687,0.0,0.0,1.0,0.0,0.0,1.0,0.0,1.0,1.0,0.0,0.0,0.0,1.0
-0.18259381703556682,0.5986628496195152,1.0406933357189891,0.010018711822792317,1.0,0.0,0.0,1.0,0.0,0.0,1.0,0.0,0.0,1.0,1.0,0.0,0.0
0.6206047916252838,1.4204872924201013,-0.051595538040943405,0.010018711822792317,1.0,0.0,0.0,0.0,1.0,0.0,0.0,1.0,1.0,0.0,0.0,1.0,0.0
-0.7180595561428006,-1.2866991073935943,1.585500494349984,2.119221200831687,1.0,0.0,0.0,0.0,1.0,0.0,1.0,0.0,0.0,1.0,0.0,0.0,1.0
-1.454324947415247,0.9370611495962271,-0.4765825655640905,0.010018711822792317,1.0,0.0,0.0,1.0,0.0,0.0,1.0,0.0,1.0,0.0,1.0,0.0,0.0
0.4198051394600712,1.4688299067024888,0.6670577929563478,0.010018711822792317,0.0,0.0,1.0,1.0,0.0,0.0,1.0,0.0,1.0,0.0,1.0,0.0,0.0
-0.048727382258758375,-1.6734400216526937,-1.2062015782029485,2.8222886971679855,0.0,1.0,0.0,0.0,1.0,0.0,0.0,1.0,0.0,1.0,0.0,0.0,1.0
0.8883376611789008,1.0820889924433894,0.9168613698642267,0.010018711822792317,1.0,0.0,0.0,0.0,0.0,1.0,1.0,0.0,0.0,1.0,0.0,1.0,0.0
0.018205835129645846,0.7436906924666774,1.4100495880849213,1.4161537044953887,0.0,1.0,0.0,0.0,1.0,0.0,0.0,1.0,0.0,1.0,0.0,1.0,0.0
1.3568701828977303,-1.0449860359816572,1.0757300258420426,0.010018711822792317,1.0,0.0,0.0,1.0,0.0,0.0,1.0,0.0,1.0,0.0,1.0,0.0,0.0
-0.6511263387543964,-0.02979113605152129,-1.5589755802816336,1.4161537044953887,1.0,0.0,0.0,0.0,0.0,1.0,1.0,0.0,1.0,0.0,0.0,1.0,0.0
-0.9188592083080133,1.4204872924201013,-0.9630843925399274,-0.6930487845135059,0.0,1.0,0.0,1.0,0.0,0.0,1.0,0.0,1.0,0.0,0.0,0.0,1.0
-0.048727382258758375,-1.6250974073703062,1.5384282999861862,2.119221200831687,1.0,0.0,0.0,1.0,0.0,0.0,0.0,1.0,1.0,0.0,1.0,0.0,0.0
-1.3873917300268428,0.5986628496195152,1.2688330049935295,0.010018711822792317,1.0,0.0,0.0,1.0,0.0,0.0,1.0,0.0,1.0,0.0,0.0,0.0,1.0
1.6246030524513473,-0.8516155788521075,-0.2003008793265758,-0.6930487845135059,1.0,0.0,0.0,1.0,0.0,0.0,1.0,0.0,1.0,0.0,0.0,1.0,0.0
-0.24952703442397103,-1.1900138788288195,-1.6108619763417287,0.010018711822792317,0.0,1.0,0.0,0.0,1.0,0.0,0.0,1.0,1.0,0.0,0.0,0.0,1.0
-0.1156605996471626,-0.8516155788521075,-1.392885621759372,-1.3961162808498042,1.0,0.0,0.0,1.0,0.0,0.0,1.0,0.0,1.0,0.0,0.0,0.0,1.0
-0.7180595561428006,1.3238020638553265,-0.06791033267839586,0.010018711822792317,1.0,0.0,0.0,0.0,1.0,0.0,0.0,1.0,0.0,1.0,0.0,0.0,1.0
-1.2535252952500344,0.4536350067723529,0.39371811886657043,0.010018711822792317,0.0,1.0,0.0,0.0,0.0,1.0,1.0,0.0,0.0,1.0,0.0,1.0,0.0
-0.9188592083080133,-1.141671264546432,0.10058672669201481,0.7130862081590905,0.0,0.0,1.0,0.0,0.0,1.0,1.0,0.0,0.0,1.0,1.0,0.0,0.0
-0.9188592083080133,-0.4165320503106206,-0.9184192990242788,-0.6930487845135059,1.0,0.0,0.0,0.0,1.0,0.0,0.0,1.0,0.0,1.0,1.0,0.0,0.0
0.4198051394600712,-1.5767547930879187,0.6919311683872181,-0.6930487845135059,0.0,0.0,1.0,0.0,1.0,0.0,1.0,0.0,0.0,1.0,0.0,1.0,0.0
-0.31646025181237525,0.01855147823086613,-0.648289092732033,-0.6930487845135059,1.0,0.0,0.0,0.0,1.0,0.0,0.0,1.0,0.0,1.0,1.0,0.0,0.0
-0.048727382258758375,-1.4317269502407566,0.8529394695633883,-0.6930487845135059,0.0,0.0,1.0,0.0,0.0,1.0,1.0,0.0,1.0,0.0,0.0,0.0,1.0
-1.1865920778616301,1.3238020638553265,-1.4118749728947673,0.7130862081590905,1.0,0.0,0.0,0.0,1.0,0.0,0.0,1.0,0.0,1.0,1.0,0.0,0.0
0.21900548729485853,0.69534807818429,-1.225993296287727,1.4161537044953887,1.0,0.0,0.0,0.0,0.0,1.0,0.0,1.0,1.0,0.0,0.0,0.0,1.0
-0.3833934692007795,0.9370611495962271,-1.1248950606654804,1.4161537044953887,1.0,0.0,0.0,0.0,1.0,0.0,1.0,0.0,0.0,1.0,0.0,1.0,0.0
0.8214044437904965,-1.3350417216759816,-1.4792737966429317,2.8222886971679855,0.0,1.0,0.0,0.0,1.0,0.0,0.0,1.0,1.0,0.0,1.0,0.0,0.0
-1.3204585126384387,-1.383384335958369,1.3025324168676113,-0.6930487845135059,0.0,0.0,1.0,1.0,0.0,0.0,0.0,1.0,1.0,0.0,1.0,0.0,0.0
0.2859387046832627,0.8403759210314523,-0.19414939938130674,2.8222886971679855,0.0,0.0,1.0,0.0,1.0,0.0,0.0,1.0,1.0,0.0,0.0,1.0,0.0
0.4198051394600712,1.4204872924201013,-1.1540477264930595,0.010018711822792317,0.0,1.0,0.0,0.0,0.0,1.0,0.0,1.0,0.0,1.0,0.0,1.0,0.0
-0.7849927735312048,-0.5132172788753955,-0.6030890879167958,2.119221200831687,1.0,0.0,0.0,0.0,0.0,1.0,1.0,0.0,0.0,1.0,1.0,0.0,0.0
0.6206047916252838,-0.07813375033390871,-0.6892098071505612,-1.3961162808498042,1.0,0.0,0.0,0.0,1.0,0.0,1.0,0.0,0.0,1.0,0.0,1.0,0.0
-0.45032668658918373,0.06689409251325355,1.648887483351233,1.4161537044953887,0.0,0.0,1.0,0.0,0.0,1.0,1.0,0.0,1.0,0.0,0.0,0.0,1.0
-1.454324947415247,0.7436906924666774,-1.100556596534199,-1.3961162808498042,1.0,0.0,0.0,0.0,0.0,1.0,1.0,0.0,1.0,0.0,0.0,1.0,0.0
-1.1865920778616301,1.710542978114426,-1.6611436385030576,-0.6930487845135059,1.0,0.0,0.0,1.0,0.0,0.0,1.0,0.0,0.0,1.0,1.0,0.0,0.0
-1.5881913821920555,-0.2715042074634584,0.9112448012185466,0.7130862081590905,0.0,1.0,0.0,1.0,0.0,0.0,1.0,0.0,1.0,0.0,0.0,1.0,0.0
-0.9857924256964175,1.275459449572939,-0.26636242482576855,0.7130862081590905,0.0,1.0,0.0,0.0,1.0,0.0,1.0,0.0,1.0,0.0,1.0,0.0,0.0
1.223003748120922,-0.7065877360049452,-0.5354228085188372,0.010018711822792317,0.0,1.0,0.0,0.0,1.0,0.0,1.0,0.0,1.0,0.0,0.0,1.0,0.0
-0.18259381703556682,0.9854037638786145,1.2688330049935295,-0.6930487845135059,1.0,0.0,0.0,1.0,0.0,0.0,0.0,1.0,0.0,1.0,0.0,0.0,1.0
-0.048727382258758375,1.3238020638553265,0.4370459341332476,-0.6930487845135059,1.0,0.0,0.0,0.0,1.0,0.0,0.0,1.0,0.0,1.0,0.0,0.0,1.0
0.35287192207166695,0.5986628496195152,0.5560636982917124,0.010018711822792317,0.0,1.0,0.0,0.0,1.0,0.0,1.0,0.0,1.0,0.0,1.0,0.0,0.0
1.4907366176745387,0.5019776210547403,-0.7354796345649756,1.4161537044953887,0.0,1.0,0.0,0.0,0.0,1.0,1.0,0.0,1.0,0.0,0.0,0.0,1.0
-1.5881913821920555,-0.2715042074634584,-0.15563578581092719,-0.6930487845135059,1.0,0.0,0.0,0.0,1.0,0.0,0.0,1.0,1.0,0.0,0.0,1.0,0.0
0.5536715742368796,0.8887185353138397,-1.3040903460276634,0.7130862081590905,0.0,1.0,0.0,0.0,0.0,1.0,1.0,0.0,1.0,0.0,0.0,0.0,1.0
0.08513905251805007,0.11523670679564098,1.018761972435856,-0.6930487845135059,1.0,0.0,0.0,0.0,1.0,0.0,1.0,0.0,0.0,1.0,1.0,0.0,0.0
-0.9188592083080133,-0.6099025074401704,0.7924944927098762,-0.6930487845135059,1.0,0.0,0.0,0.0,1.0,0.0,0.0,1.0,0.0,1.0,0.0,0.0,1.0
-1.3873917300268428,-1.2866991073935943,-0.7306654328686781,-1.3961162808498042,0.0,1.0,0.0,0.0,1.0,0.0,0.0,1.0,1.0,0.0,0.0,0.0,1.0
0.7544712264020923,1.4204872924201013,-1.5167175876141339,0.010018711822792317,0.0,0.0,1.0,1.0,0.0,0.0,1.0,0.0,1.0,0.0,1.0,0.0,0.0
1.0222040959557093,1.4688299067024888,1.4212827253762816,2.119221200831687,1.0,0.0,0.0,0.0,1.0,0.0,0.0,1.0,1.0,0.0,1.0,0.0,0.0
-0.31646025181237525,-0.6099025074401704,0.8433110661707934,-0.6930487845135059,0.0,0.0,1.0,0.0,1.0,0.0,1.0,0.0,0.0,1.0,0.0,0.0,1.0
1.289936965509326,0.8403759210314523,1.1674673137214882,-1.3961162808498042,0.0,1.0,0.0,1.0,0.0,0.0,0.0,1.0,1.0,0.0,1.0,0.0,0.0
1.4238034002861346,-1.4800695645231439,1.3215217680030071,-0.6930487845135059,1.0,0.0,0.0,1.0,0.0,0.0,1.0,0.0,0.0,1.0,0.0,0.0,1.0
0.8883376611789008,0.2602645496428032,0.9631311972786412,0.7130862081590905,1.0,0.0,0.0,0.0,0.0,1.0,1.0,0.0,1.0,0.0,0.0,0.0,1.0
-0.5841931213659922,1.4688299067024888,-0.3415174624179677,-0.6930487845135059,1.0,0.0,0.0,0.0,1.0,0.0,1.0,0.0,0.0,1.0,1.0,0.0,0.0
0.2859387046832627,-0.8516155788521075,0.3025157422867133,0.010018711822792317,1.0,0.0,0.0,0.0,0.0,1.0,1.0,0.0,0.0,1.0,0.0,1.0,0.0
0.955270878567305,-0.31984682174584583,0.797041238756379,-0.6930487845135059,0.0,1.0,0.0,0.0,1.0,0.0,1.0,0.0,1.0,0.0,0.0,1.0,0.0
0.018205835129645846,-1.4317269502407566,1.5921868855948416,0.010018711822792317,1.0,0.0,0.0,1.0,0.0,0.0,0.0,1.0,0.0,1.0,1.0,0.0,0.0
-1.3204585126384387,-1.383384335958369,-1.1751767228268095,0.010018711822792317,1.0,0.0,0.0,0.0,1.0,0.0,0.0,1.0,1.0,0.0,0.0,1.0,0.0
0.8883376611789008,-0.80327296456972,1.2399477948157445,2.119221200831687,1.0,0.0,0.0,0.0,1.0,0.0,1.0,0.0,1.0,0.0,0.0,0.0,1.0
1.6246030524513473,-1.4317269502407566,-0.976189719379848,0.010018711822792317,0.0,1.0,0.0,1.0,0.0,0.0,0.0,1.0,0.0,1.0,0.0,1.0,0.0
-0.048727382258758375,-1.141671264546432,-0.18157898384097454,-0.6930487845135059,0.0,0.0,1.0,1.0,0.0,0.0,1.0,0.0,0.0,1.0,1.0,0.0,0.0
0.6875380090136881,0.7436906924666774,-0.24255887199407558,0.010018711822792317,0.0,1.0,0.0,0.0,1.0,0.0,1.0,0.0,0.0,1.0,0.0,0.0,1.0
-1.2535252952500344,0.30860716392519066,-1.0291459380391201,2.119221200831687,1.0,0.0,0.0,0.0,1.0,0.0,1.0,0.0,1.0,0.0,1.0,0.0,0.0
-0.9857924256964175,-0.8999581931344949,-0.5512026918567011,-1.3961162808498042,0.0,0.0,1.0,0.0,1.0,0.0,0.0,1.0,0.0,1.0,1.0,0.0,0.0
1.4238034002861346,0.5019776210547403,-0.7598180986962572,0.010018711822792317,0.0,1.0,0.0,0.0,0.0,1.0,1.0,0.0,1.0,0.0,0.0,1.0,0.0
1.6915362698397514,0.30860716392519066,-1.3557092864379638,0.7130862081590905,1.0,0.0,0.0,0.0,1.0,0.0,1.0,0.0,1.0,0.0,0.0,1.0,0.0
-1.3204585126384387,0.06689409251325355,0.9917489518066314,0.010018711822792317,1.0,0.0,0.0,1.0,0.0,0.0,1.0,0.0,1.0,0.0,0.0,1.0,0.0
1.4238034002861346,-0.8516155788521075,0.2803169233537862,0.7130862081590905,1.0,0.0,0.0,0.0,1.0,0.0,1.0,0.0,0.0,1.0,0.0,0.0,1.0
0.6206047916252838,-0.2715042074634584,1.2265750123260293,-0.6930487845135059,1.0,0.0,0.0,1.0,0.0,0.0,1.0,0.0,1.0,0.0,1.0,0.0,0.0
1.223003748120922,-1.141671264546432,-1.640549553468896,-0.6930487845135059,1.0,0.0,0.0,1.0,0.0,0.0,1.0,0.0,0.0,1.0,0.0,1.0,0.0
0.08513905251805007,-0.80327296456972,1.0936495543782607,0.010018711822792317,1.0,0.0,0.0,1.0,0.0,0.0,0.0,1.0,0.0,1.0,0.0,0.0,1.0
-1.5881913821920555,-0.22316159318107098,-1.4474465743174096,-0.6930487845135059,0.0,0.0,1.0,1.0,0.0,0.0,1.0,0.0,1.0,0.0,0.0,1.0,0.0
0.6875380090136881,1.5655151352672636,-1.448783852566381,0.010018711822792317,0.0,0.0,1.0,0.0,1.0,0.0,1.0,0.0,1.0,0.0,0.0,1.0,0.0
-1.5212581648036514,-0.31984682174584583,-1.6036406737972824,1.4161537044953887,0.0,0.0,1.0,1.0,0.0,0.0,1.0,0.0,0.0,1.0,1.0,0.0,0.0
1.6246030524513473,-0.17481897889868356,-1.2963341321836286,0.010018711822792317,0.0,0.0,1.0,1.0,0.0,0.0,0.0,1.0,1.0,0.0,0.0,0.0,1.0
-0.1156605996471626,-0.02979113605152129,-0.7887033088740418,-0.6930487845135059,0.0,1.0,0.0,0.0,1.0,0.0,1.0,0.0,0.0,1.0,0.0,0.0,1.0
-1.3204585126384387,-1.0449860359816572,-0.5683198534435363,3.5253561935042836,1.0,0.0,0.0,1.0,0.0,0.0,1.0,0.0,1.0,0.0,0.0,0.0,1.0
-1.722057816968864,-0.6582451217225578,-0.051862993690737845,0.7130862081590905,0.0,0.0,1.0,0.0,1.0,0.0,0.0,1.0,0.0,1.0,1.0,0.0,0.0
0.35287192207166695,0.5986628496195152,0.8344850297275815,0.010018711822792317,0.0,0.0,1.0,1.0,0.0,0.0,0.0,1.0,1.0,0.0,0.0,1.0,0.0
-0.8519259909196091,-1.6250974073703062,0.5544589643929465,1.4161537044953887,1.0,0.0,0.0,0.0,1.0,0.0,1.0,0.0,1.0,0.0,0.0,0.0,1.0
1.0891373133441133,-0.17481897889868356,1.3883856804515826,-0.6930487845135059,1.0,0.0,0.0,0.0,1.0,0.0,0.0,1.0,1.0,0.0,1.0,0.0,0.0
0.8883376611789008,-0.02979113605152129,1.6718886692335435,0.7130862081590905,0.0,1.0,0.0,0.0,1.0,0.0,1.0,0.0,0.0,1.0,1.0,0.0,0.0
0.35287192207166695,1.3238020638553265,-1.6408170091186904,-1.3961162808498042,1.0,0.0,0.0,1.0,0.0,0.0,1.0,0.0,1.0,0.0,1.0,0.0,0.0
0.018205835129645846,0.69534807818429,-0.3431221963167336,0.010018711822792317,1.0,0.0,0.0,0.0,1.0,0.0,1.0,0.0,1.0,0.0,0.0,0.0,1.0
0.955270878567305,1.3238020638553265,0.42688261944106426,0.7130862081590905,0.0,1.0,0.0,0.0,1.0,0.0,0.0,1.0,1.0,0.0,0.0,1.0,0.0
0.21900548729485853,-0.7065877360049452,1.6317703217643982,-0.6930487845135059,1.0,0.0,0.0,0.0,1.0,0.0,0.0,1.0,1.0,0.0,0.0,0.0,1.0
0.6875380090136881,0.8403759210314523,-1.1751767228268095,1.4161537044953887,1.0,0.0,0.0,0.0,1.0,0.0,1.0,0.0,0.0,1.0,0.0,1.0,0.0
-0.1156605996471626,-0.2715042074634584,1.272042472791061,0.7130862081590905,1.0,0.0,0.0,0.0,0.0,1.0,1.0,0.0,1.0,0.0,0.0,0.0,1.0
-1.5212581648036514,-0.5615598931577829,-1.4519933203639126,-1.3961162808498042,1.0,0.0,0.0,0.0,0.0,1.0,1.0,0.0,1.0,0.0,0.0,0.0,1.0
-0.7849927735312048,0.35694977820757806,-0.3005967479994393,0.010018711822792317,0.0,0.0,1.0,0.0,0.0,1.0,0.0,1.0,1.0,0.0,1.0,0.0,0.0
-0.7180595561428006,1.275459449572939,1.668144290136423,0.010018711822792317,1.0,0.0,0.0,0.0,1.0,0.0,1.0,0.0,0.0,1.0,0.0,1.0,0.0
1.289936965509326,1.2271168352905517,1.1757584388651117,-1.3961162808498042,0.0,0.0,1.0,1.0,0.0,0.0,1.0,0.0,1.0,0.0,0.0,0.0,1.0
0.2859387046832627,0.30860716392519066,-1.609524698092757,1.4161537044953887,1.0,0.0,0.0,0.0,1.0,0.0,0.0,1.0,1.0,0.0,1.0,0.0,0.0
0.2859387046832627,0.69534807818429,1.03454185577372,-0.6930487845135059,0.0,0.0,1.0,0.0,1.0,0.0,0.0,1.0,1.0,0.0,0.0,1.0,0.0
1.4907366176745387,1.6622003638320384,-1.2706583898033754,-0.6930487845135059,0.0,0.0,1.0,0.0,1.0,0.0,1.0,0.0,0.0,1.0,1.0,0.0,0.0
0.6206047916252838,-1.4800695645231439,1.0888353526819636,-0.6930487845135059,1.0,0.0,0.0,0.0,1.0,0.0,0.0,1.0,0.0,1.0,0.0,1.0,0.0
-1.0527256430848217,1.4688299067024888,-1.421235920637568,0.010018711822792317,1.0,0.0,0.0,0.0,1.0,0.0,1.0,0.0,1.0,0.0,0.0,0.0,1.0
-1.3204585126384387,-1.4317269502407566,-0.9226985894209875,0.010018711822792317,1.0,0.0,0.0,0.0,1.0,0.0,1.0,0.0,1.0,0.0,0.0,1.0,0.0
-0.048727382258758375,-0.5132172788753955,-0.7199672068769061,-1.3961162808498042,0.0,1.0,0.0,1.0,0.0,0.0,1.0,0.0,0.0,1.0,0.0,1.0,0.0
1.0222040959557093,0.06689409251325355,1.7360780251841763,0.7130862081590905,0.0,1.0,0.0,0.0,0.0,1.0,1.0,0.0,1.0,0.0,0.0,1.0,0.0
-0.31646025181237525,0.6470054639019026,0.9307690636535303,-0.6930487845135059,0.0,1.0,0.0,0.0,0.0,1.0,0.0,1.0,0.0,1.0,0.0,0.0,1.0
1.557669835062943,-0.7065877360049452,-0.6175316930056881,-0.6930487845135059,0.0,0.0,1.0,1.0,0.0,0.0,0.0,1.0,0.0,1.0,1.0,0.0,0.0
0.4198051394600712,0.06689409251325355,0.025164233450021226,-1.3961162808498042,1.0,0.0,0.0,0.0,1.0,0.0,0.0,1.0,1.0,0.0,0.0,1.0,0.0
1.0891373133441133,-0.31984682174584583,-0.7055246017880137,-0.6930487845135059,0.0,1.0,0.0,0.0,1.0,0.0,1.0,0.0,0.0,1.0,1.0,0.0,0.0
0.21900548729485853,0.21192193536041581,-0.6785115811587892,0.7130862081590905,1.0,0.0,0.0,0.0,1.0,0.0,1.0,0.0,1.0,0.0,0.0,0.0,1.0
0.21900548729485853,-1.4800695645231439,0.08534175465373935,0.010018711822792317,1.0,0.0,0.0,0.0,1.0,0.0,0.0,1.0,1.0,0.0,0.0,1.0,0.0
0.6875380090136881,1.6622003638320384,0.6734767285514114,0.010018711822792317,0.0,0.0,1.0,0.0,1.0,0.0,1.0,0.0,0.0,1.0,1.0,0.0,0.0
-1.0527256430848217,-0.7549303502873326,0.7288400480588318,-1.3961162808498042,0.0,1.0,0.0,0.0,1.0,0.0,1.0,0.0,0.0,1.0,0.0,0.0,1.0
0.8883376611789008,0.2602645496428032,0.8085418316975341,2.8222886971679855,1.0,0.0,0.0,0.0,1.0,0.0,0.0,1.0,0.0,1.0,0.0,0.0,1.0
-0.7849927735312048,-0.36818943602823323,0.5595406217390383,2.119221200831687,1.0,0.0,0.0,0.0,1.0,0.0,1.0,0.0,0.0,1.0,0.0,1.0,0.0
0.4198051394600712,-0.80327296456972,-0.5867742932793434,-0.6930487845135059,0.0,0.0,1.0,1.0,0.0,0.0,0.0,1.0,1.0,0.0,1.0,0.0,0.0
-0.3833934692007795,1.5655151352672636,-0.23186064600230372,-1.3961162808498042,0.0,1.0,0.0,0.0,1.0,0.0,0.0,1.0,0.0,1.0,0.0,0.0,1.0
0.6875380090136881,-0.31984682174584583,0.25089680187641306,1.4161537044953887,1.0,0.0,0.0,0.0,0.0,1.0,1.0,0.0,0.0,1.0,1.0,0.0,0.0
0.4867383568484754,-0.02979113605152129,-1.2530063169169514,2.119221200831687,0.0,1.0,0.0,0.0,1.0,0.0,0.0,1.0,0.0,1.0,0.0,0.0,1.0
-0.1156605996471626,1.2271168352905517,-0.23507011379983508,0.010018711822792317,0.0,1.0,0.0,1.0,0.0,0.0,1.0,0.0,1.0,0.0,0.0,0.0,1.0
1.4907366176745387,-1.4317269502407566,-0.5616334621986787,0.010018711822792317,0.0,0.0,1.0,0.0,1.0,0.0,1.0,0.0,1.0,0.0,0.0,1.0,0.0
1.557669835062943,-0.5132172788753955,0.6884542449398924,0.010018711822792317,1.0,0.0,0.0,0.0,0.0,1.0,1.0,0.0,1.0,0.0,1.0,0.0,0.0
-1.0527256430848217,-0.07813375033390871,-1.377105738421508,-1.3961162808498042,0.0,0.0,1.0,0.0,1.0,0.0,1.0,0.0,1.0,0.0,0.0,0.0,1.0
0.15207226990645428,-1.3350417216759816,1.5913845186454587,2.8222886971679855,1.0,0.0,0.0,0.0,1.0,0.0,1.0,0.0,1.0,0.0,0.0,1.0,0.0
0.35287192207166695,0.1635793210780284,-1.4864950991873778,-0.6930487845135059,0.0,1.0,0.0,0.0,1.0,0.0,1.0,0.0,1.0,0.0,1.0,0.0,0.0
0.15207226990645428,1.6622003638320384,-1.1901542392152902,-0.6930487845135059,1.0,0.0,0.0,0.0,1.0,0.0,1.0,0.0,1.0,0.0,0.0,1.0,0.0
0.4867383568484754,-0.2715042074634584,1.162385656375397,-1.3961162808498042,0.0,1.0,0.0,0.0,1.0,0.0,1.0,0.0,1.0,0.0,0.0,0.0,1.0
-1.0527256430848217,-0.9966434216992697,-0.47203581951758733,-1.3961162808498042,0.0,1.0,0.0,0.0,0.0,1.0,1.0,0.0,0.0,1.0,0.0,1.0,0.0
0.21900548729485853,0.8887185353138397,-0.7151530051806086,0.7130862081590905,0.0,0.0,1.0,0.0,1.0,0.0,1.0,0.0,1.0,0.0,1.0,0.0,0.0
-0.7849927735312048,0.8887185353138397,1.601815288987436,-0.6930487845135059,1.0,0.0,0.0,0.0,1.0,0.0,1.0,0.0,0.0,1.0,1.0,0.0,0.0
1.4907366176745387,1.2271168352905517,-1.1754441784766037,0.7130862081590905,0.0,0.0,1.0,0.0,1.0,0.0,1.0,0.0,1.0,0.0,0.0,1.0,0.0
0.4867383568484754,0.4536350067723529,-1.1283719841128064,0.7130862081590905,0.0,1.0,0.0,0.0,1.0,0.0,1.0,0.0,1.0,0.0,0.0,1.0,0.0
-0.9188592083080133,-0.9483008074168823,1.3934673377976745,0.7130862081590905,1.0,0.0,0.0,1.0,0.0,0.0,1.0,0.0,1.0,0.0,1.0,0.0,0.0
-0.5172599039775879,1.3721446781377138,0.2634672174167453,-1.3961162808498042,1.0,0.0,0.0,0.0,1.0,0.0,0.0,1.0,1.0,0.0,0.0,0.0,1.0
0.15207226990645428,0.6470054639019026,0.04415358458541693,1.4161537044953887,1.0,0.0,0.0,0.0,1.0,0.0,0.0,1.0,1.0,0.0,0.0,0.0,1.0
-1.5881913821920555,-0.4648746645930081,-0.07834110302037368,-0.6930487845135059,0.0,0.0,1.0,0.0,0.0,1.0,1.0,0.0,1.0,0.0,1.0,0.0,0.0
-1.3873917300268428,-0.2715042074634584,-0.3465991197640594,0.010018711822792317,1.0,0.0,0.0,0.0,0.0,1.0,1.0,0.0,1.0,0.0,1.0,0.0,0.0
-1.454324947415247,-0.5132172788753955,-0.359436990954186,-1.3961162808498042,1.0,0.0,0.0,1.0,0.0,0.0,1.0,0.0,1.0,0.0,1.0,0.0,0.0
0.6875380090136881,1.1787742210081642,1.154629442531362,0.010018711822792317,0.0,1.0,0.0,0.0,0.0,1.0,0.0,1.0,0.0,1.0,0.0,1.0,0.0
1.6246030524513473,-1.1900138788288195,1.1375122809445264,0.010018711822792317,0.0,1.0,0.0,0.0,1.0,0.0,0.0,1.0,1.0,0.0,1.0,0.0,0.0
0.15207226990645428,-0.9966434216992697,-0.9387459284086457,0.7130862081590905,0.0,0.0,1.0,1.0,0.0,0.0,1.0,0.0,1.0,0.0,0.0,1.0,0.0
0.4867383568484754,-1.3350417216759816,-1.2580879742630433,0.7130862081590905,1.0,0.0,0.0,0.0,1.0,0.0,1.0,0.0,0.0,1.0,1.0,0.0,0.0
-0.24952703442397103,-0.8999581931344949,1.3819667448565192,-0.6930487845135059,1.0,0.0,0.0,0.0,0.0,1.0,0.0,1.0,1.0,0.0,1.0,0.0,0.0
-0.6511263387543964,-1.6734400216526937,1.5325442756907115,-0.6930487845135059,1.0,0.0,0.0,0.0,1.0,0.0,1.0,0.0,1.0,0.0,0.0,1.0,0.0
-1.5881913821920555,0.5986628496195152,-0.25325709798584783,-1.3961162808498042,0.0,1.0,0.0,0.0,1.0,0.0,0.0,1.0,1.0,0.0,0.0,1.0,0.0
-0.048727382258758375,-0.5615598931577829,0.3386222550089444,-0.6930487845135059,0.0,1.0,0.0,0.0,1.0,0.0,0.0,1.0,1.0,0.0,0.0,1.0,0.0
-1.119658860473226,-0.8516155788521075,1.3231265019017728,0.010018711822792317,1.0,0.0,0.0,0.0,0.0,1.0,0.0,1.0,1.0,0.0,0.0,0.0,1.0
-0.7849927735312048,-1.4317269502407566,1.677772693529018,-0.6930487845135059,0.0,0.0,1.0,1.0,0.0,0.0,1.0,0.0,1.0,0.0,0.0,0.0,1.0
-0.24952703442397103,0.35694977820757806,0.9088377003703977,-0.6930487845135059,0.0,0.0,1.0,0.0,1.0,0.0,1.0,0.0,1.0,0.0,0.0,1.0,0.0
0.15207226990645428,-1.721782635935081,-1.1529779038938823,-1.3961162808498042,1.0,0.0,0.0,0.0,0.0,1.0,1.0,0.0,0.0,1.0,1.0,0.0,0.0
0.2859387046832627,0.9854037638786145,0.24394295498176105,-0.6930487845135059,1.0,0.0,0.0,0.0,0.0,1.0,0.0,1.0,0.0,1.0,0.0,1.0,0.0
0.4867383568484754,-0.6099025074401704,-0.01816358181665556,1.4161537044953887,0.0,0.0,1.0,0.0,1.0,0.0,1.0,0.0,1.0,0.0,0.0,0.0,1.0
-1.722057816968864,-0.9483008074168823,-1.6485732229627255,0.010018711822792317,0.0,1.0,0.0,0.0,1.0,0.0,1.0,0.0,1.0,0.0,0.0,1.0,0.0
-1.3873917300268428,-0.8516155788521075,-0.3027363931977937,0.7130862081590905,0.0,1.0,0.0,0.0,1.0,0.0,1.0,0.0,0.0,1.0,0.0,0.0,1.0
1.1560705307325176,1.2271168352905517,0.1246577351735022,0.010018711822792317,0.0,0.0,1.0,0.0,1.0,0.0,0.0,1.0,1.0,0.0,0.0,1.0,0.0
1.6246030524513473,1.4688299067024888,-1.1505708030457336,-0.6930487845135059,1.0,0.0,0.0,0.0,0.0,1.0,0.0,1.0,0.0,1.0,1.0,0.0,0.0
0.5536715742368796,1.517172520984876,0.4164518490990864,0.010018711822792317,1.0,0.0,0.0,0.0,0.0,1.0,1.0,0.0,1.0,0.0,0.0,0.0,1.0
0.8214044437904965,-0.6582451217225578,-0.04490914679608584,0.010018711822792317,1.0,0.0,0.0,0.0,1.0,0.0,1.0,0.0,1.0,0.0,1.0,0.0,0.0
0.7544712264020923,1.3238020638553265,0.021152398703106912,0.7130862081590905,1.0,0.0,0.0,1.0,0.0,0.0,1.0,0.0,1.0,0.0,0.0,1.0,0.0
-0.5841931213659922,1.0820889924433894,-0.6696855447155773,-0.6930487845135059,1.0,0.0,0.0,0.0,1.0,0.0,0.0,1.0,1.0,0.0,0.0,0.0,1.0
1.6246030524513473,1.6622003638320384,0.6622435912600506,0.010018711822792317,0.0,0.0,1.0,0.0,1.0,0.0,1.0,0.0,0.0,1.0,0.0,1.0,0.0
0.35287192207166695,-0.4648746645930081,0.6285441793859683,0.7130862081590905,0.0,0.0,1.0,1.0,0.0,0.0,0.0,1.0,1.0,0.0,1.0,0.0,0.0
-1.454324947415247,-0.9483008074168823,-1.593477359105099,-0.6930487845135059,1.0,0.0,0.0,0.0,1.0,0.0,1.0,0.0,1.0,0.0,0.0,0.0,1.0
-0.6511263387543964,1.6622003638320384,1.2348661374696528,0.010018711822792317,0.0,1.0,0.0,0.0,0.0,1.0,0.0,1.0,0.0,1.0,0.0,0.0,1.0
-1.6551245995804598,1.4688299067024888,1.4988448638166296,5.634558682513179,1.0,0.0,0.0,1.0,0.0,0.0,0.0,1.0,0.0,1.0,1.0,0.0,0.0
-0.18259381703556682,-1.6250974073703062,-0.8103672165073804,-1.3961162808498042,0.0,0.0,1.0,0.0,1.0,0.0,0.0,1.0,0.0,1.0,1.0,0.0,0.0
-1.6551245995804598,-1.5767547930879187,-0.4439529762891856,0.010018711822792317,1.0,0.0,0.0,0.0,1.0,0.0,1.0,0.0,0.0,1.0,0.0,0.0,1.0
0.5536715742368796,-0.17481897889868356,-1.0748808541539459,-0.6930487845135059,1.0,0.0,0.0,0.0,1.0,0.0,0.0,1.0,0.0,1.0,0.0,0.0,1.0
1.223003748120922,-0.36818943602823323,-0.7780050828822698,0.010018711822792317,1.0,0.0,0.0,1.0,0.0,0.0,1.0,0.0,1.0,0.0,1.0,0.0,0.0
0.08513905251805007,-0.7065877360049452,1.7136117506014548,0.010018711822792317,1.0,0.0,0.0,0.0,1.0,0.0,1.0,0.0,0.0,1.0,0.0,1.0,0.0
0.5536715742368796,-1.1900138788288195,1.0546010295082928,0.010018711822792317,1.0,0.0,0.0,1.0,0.0,0.0,1.0,0.0,1.0,0.0,0.0,1.0,0.0
-0.7180595561428006,1.0820889924433894,-1.6266418596795924,-0.6930487845135059,1.0,0.0,0.0,0.0,1.0,0.0,1.0,0.0,0.0,1.0,0.0,0.0,1.0
-1.6551245995804598,1.6622003638320384,-0.7210370294760833,1.4161537044953887,0.0,1.0,0.0,0.0,1.0,0.0,0.0,1.0,0.0,1.0,0.0,1.0,0.0
-1.2535252952500344,1.275459449572939,0.8903832605345908,-0.6930487845135059,1.0,0.0,0.0,1.0,0.0,0.0,1.0,0.0,0.0,1.0,0.0,1.0,0.0
0.15207226990645428,0.7436906924666774,0.7224211124637687,-0.6930487845135059,0.0,1.0,0.0,0.0,1.0,0.0,0.0,1.0,0.0,1.0,0.0,0.0,1.0
-1.454324947415247,-0.6582451217225578,-1.3220098745638815,1.4161537044953887,1.0,0.0,0.0,0.0,1.0,0.0,0.0,1.0,1.0,0.0,0.0,0.0,1.0
0.6875380090136881,-1.3350417216759816,-0.9553281786958926,1.4161537044953887,0.0,1.0,0.0,0.0,0.0,1.0,1.0,0.0,1.0,0.0,0.0,1.0,0.0
0.4867383568484754,0.9854037638786145,0.6756163737497657,-0.6930487845135059,1.0,0.0,0.0,0.0,0.0,1.0,0.0,1.0,0.0,1.0,0.0,0.0,1.0
-1.5212581648036514,-1.5284121788055314,-0.9218962224716047,-1.3961162808498042,0.0,0.0,1.0,0.0,1.0,0.0,0.0,1.0,1.0,0.0,1.0,0.0,0.0
-0.7180595561428006,1.5655151352672636,-1.4185613641396249,0.7130862081590905,1.0,0.0,0.0,1.0,0.0,0.0,1.0,0.0,1.0,0.0,1.0,0.0,0.0
1.6246030524513473,0.8887185353138397,1.0259832749803022,-1.3961162808498042,0.0,0.0,1.0,0.0,1.0,0.0,0.0,1.0,0.0,1.0,0.0,0.0,1.0
-0.6511263387543964,1.4204872924201013,0.5049796691810007,-1.3961162808498042,0.0,0.0,1.0,0.0,1.0,0.0,0.0,1.0,0.0,1.0,0.0,0.0,1.0
0.6875380090136881,-0.7065877360049452,-0.5001186627459894,0.7130862081590905,0.0,0.0,1.0,0.0,0.0,1.0,1.0,0.0,1.0,0.0,0.0,1.0,0.0
0.018205835129645846,-0.5132172788753955,-1.524741257107963,-1.3961162808498042,1.0,0.0,0.0,0.0,1.0,0.0,1.0,0.0,1.0,0.0,1.0,0.0,0.0
0.7544712264020923,0.9370611495962271,-0.06416595358127561,0.010018711822792317,1.0,0.0,0.0,1.0,0.0,0.0,1.0,0.0,1.0,0.0,1.0,0.0,0.0
0.8883376611789008,0.8403759210314523,1.5186365819014083,2.119221200831687,0.0,1.0,0.0,0.0,1.0,0.0,0.0,1.0,1.0,0.0,0.0,1.0,0.0
-1.0527256430848217,-1.5767547930879187,-1.5456027977919187,0.010018711822792317,0.0,0.0,1.0,0.0,1.0,0.0,1.0,0.0,1.0,0.0,1.0,0.0,0.0
1.1560705307325176,0.30860716392519066,-1.4533305986128842,-0.6930487845135059,1.0,0.0,0.0,0.0,1.0,0.0,1.0,0.0,1.0,0.0,0.0,0.0,1.0
1.4907366176745387,-1.0933286502640445,0.6892566118892753,0.010018711822792317,1.0,0.0,0.0,1.0,0.0,0.0,1.0,0.0,1.0,0.0,0.0,0.0,1.0
-0.3833934692007795,0.5986628496195152,-0.3281446799282525,-1.3961162808498042,1.0,0.0,0.0,0.0,1.0,0.0,0.0,1.0,1.0,0.0,1.0,0.0,0.0
1.0222040959557093,-1.5767547930879187,-0.2642227796274142,-0.6930487845135059,0.0,1.0,0.0,0.0,1.0,0.0,0.0,1.0,1.0,0.0,0.0,0.0,1.0
-0.31646025181237525,-0.8999581931344949,0.021152398703106912,-0.6930487845135059,0.0,1.0,0.0,1.0,0.0,0.0,0.0,1.0,1.0,0.0,1.0,0.0,0.0
-1.6551245995804598,-0.22316159318107098,-1.4367483483256376,-0.6930487845135059,1.0,0.0,0.0,1.0,0.0,0.0,1.0,0.0,0.0,1.0,0.0,1.0,0.0
-1.3204585126384387,1.517172520984876,1.153024708632596,2.119221200831687,0.0,1.0,0.0,0.0,1.0,0.0,1.0,0.0,1.0,0.0,0.0,0.0,1.0
-0.31646025181237525,0.11523670679564098,-1.2682512889552267,0.7130862081590905,1.0,0.0,0.0,0.0,0.0,1.0,1.0,0.0,0.0,1.0,0.0,0.0,1.0
-1.2535252952500344,-1.721782635935081,1.5170318480026423,0.010018711822792317,0.0,0.0,1.0,1.0,0.0,0.0,1.0,0.0,0.0,1.0,1.0,0.0,0.0
0.4198051394600712,-0.9966434216992697,-0.005058254976734863,0.7130862081590905,0.0,0.0,1.0,0.0,1.0,0.0,1.0,0.0,1.0,0.0,0.0,0.0,1.0
1.4907366176745387,-0.2715042074634584,1.1452684947885614,0.7130862081590905,0.0,1.0,0.0,1.0,0.0,0.0,0.0,1.0,0.0,1.0,0.0,0.0,1.0
0.2859387046832627,-0.22316159318107098,-1.3155909389688183,0.7130862081590905,1.0,0.0,0.0,0.0,1.0,0.0,0.0,1.0,1.0,0.0,0.0,1.0,0.0
0.7544712264020923,1.1787742210081642,1.3512093451301743,-0.6930487845135059,1.0,0.0,0.0,0.0,1.0,0.0,1.0,0.0,1.0,0.0,0.0,1.0,0.0
-0.1156605996471626,0.7920333067490648,0.27122343126077986,1.4161537044953887,1.0,0.0,0.0,0.0,1.0,0.0,0.0,1.0,0.0,1.0,0.0,1.0,0.0
1.223003748120922,-0.17481897889868356,-0.840054793634548,-0.6930487845135059,0.0,1.0,0.0,0.0,1.0,0.0,0.0,1.0,1.0,0.0,1.0,0.0,0.0
0.4198051394600712,-0.12647636461629613,-0.9777944532786139,-1.3961162808498042,0.0,1.0,0.0,0.0,0.0,1.0,1.0,0.0,1.0,0.0,0.0,0.0,1.0
1.557669835062943,1.1787742210081642,-0.41506776611140095,0.010018711822792317,0.0,0.0,1.0,0.0,0.0,1.0,1.0,0.0,0.0,1.0,0.0,0.0,1.0
0.4867383568484754,-0.8999581931344949,-0.39741569322497705,0.7130862081590905,1.0,0.0,0.0,0.0,1.0,0.0,1.0,0.0,0.0,1.0,0.0,0.0,1.0
-1.1865920778616301,-0.31984682174584583,1.1014057682222957,0.010018711822792317,1.0,0.0,0.0,0.0,1.0,0.0,1.0,0.0,1.0,0.0,0.0,1.0,0.0
0.2859387046832627,1.4204872924201013,-0.08288784906687688,1.4161537044953887,1.0,0.0,0.0,1.0,0.0,0.0,0.0,1.0,0.0,1.0,0.0,0.0,1.0
0.15207226990645428,1.6138577495496509,-0.3599719022537745,-0.6930487845135059,0.0,0.0,1.0,0.0,1.0,0.0,1.0,0.0,1.0,0.0,0.0,0.0,1.0
-0.9857924256964175,-0.22316159318107098,0.757190346937028,0.7130862081590905,0.0,0.0,1.0,1.0,0.0,0.0,1.0,0.0,0.0,1.0,0.0,0.0,1.0
0.5536715742368796,-1.141671264546432,-0.7796098167810357,-0.6930487845135059,0.0,1.0,0.0,0.0,1.0,0.0,1.0,0.0,1.0,0.0,1.0,0.0,0.0
1.4907366176745387,1.3238020638553265,-1.0302157606382973,0.7130862081590905,0.0,0.0,1.0,1.0,0.0,0.0,1.0,0.0,1.0,0.0,0.0,0.0,1.0
0.4198051394600712,-1.0449860359816572,-0.3415174624179677,-0.6930487845135059,1.0,0.0,0.0,1.0,0.0,0.0,1.0,0.0,0.0,1.0,0.0,0.0,1.0
0.4198051394600712,1.1787742210081642,-0.6365210441410837,-1.3961162808498042,1.0,0.0,0.0,0.0,0.0,1.0,1.0,0.0,0.0,1.0,0.0,1.0,0.0
0.4867383568484754,-0.4165320503106206,-0.6525683831287419,1.4161537044953887,1.0,0.0,0.0,0.0,1.0,0.0,0.0,1.0,0.0,1.0,1.0,0.0,0.0
-0.5841931213659922,0.11523670679564098,0.5127358830250353,1.4161537044953887,1.0,0.0,0.0,1.0,0.0,0.0,1.0,0.0,1.0,0.0,0.0,1.0,0.0
-1.2535252952500344,1.4688299067024888,-0.7844240184773331,0.010018711822792317,1.0,0.0,0.0,0.0,0.0,1.0,1.0,0.0,1.0,0.0,0.0,1.0,0.0
1.223003748120922,-0.5615598931577829,-1.3311033666568879,0.010018711822792317,0.0,1.0,0.0,1.0,0.0,0.0,1.0,0.0,1.0,0.0,0.0,1.0,0.0
0.08513905251805007,-0.02979113605152129,-1.2334820544819673,-0.6930487845135059,0.0,0.0,1.0,0.0,1.0,0.0,1.0,0.0,1.0,0.0,1.0,0.0,0.0
0.5536715742368796,-1.383384335958369,-0.5046654087924922,0.010018711822792317,0.0,1.0,0.0,1.0,0.0,0.0,1.0,0.0,0.0,1.0,0.0,1.0,0.0
0.4867383568484754,-0.6099025074401704,1.307079162914114,0.010018711822792317,1.0,0.0,0.0,0.0,1.0,0.0,0.0,1.0,1.0,0.0,1.0,0.0,0.0
-0.7180595561428006,1.6138577495496509,-1.5854536896112699,0.010018711822792317,0.0,1.0,0.0,0.0,1.0,0.0,1.0,0.0,1.0,0.0,1.0,0.0,0.0
-1.5212581648036514,0.7920333067490648,-1.125429971965069,-0.6930487845135059,1.0,0.0,0.0,0.0,1.0,0.0,1.0,0.0,1.0,0.0,0.0,0.0,1.0
-0.24952703442397103,0.9854037638786145,-0.30300384884758813,-0.6930487845135059,0.0,1.0,0.0,0.0,1.0,0.0,1.0,0.0,0.0,1.0,0.0,1.0,0.0
0.8214044437904965,-1.0449860359816572,1.6518294954989707,0.7130862081590905,0.0,1.0,0.0,0.0,1.0,0.0,0.0,1.0,0.0,1.0,1.0,0.0,0.0
-0.24952703442397103,1.4688299067024888,1.4509703025034497,-0.6930487845135059,1.0,0.0,0.0,0.0,1.0,0.0,1.0,0.0,0.0,1.0,1.0,0.0,0.0
-0.3833934692007795,-0.6099025074401704,1.660922987591977,0.010018711822792317,1.0,0.0,0.0,0.0,1.0,0.0,1.0,0.0,0.0,1.0,0.0,0.0,1.0
-0.8519259909196091,-0.12647636461629613,1.0206341619844164,1.4161537044953887,1.0,0.0,0.0,0.0,1.0,0.0,1.0,0.0,1.0,0.0,1.0,0.0,0.0
1.1560705307325176,1.6622003638320384,1.683924173474287,-1.3961162808498042,1.0,0.0,0.0,0.0,0.0,1.0,0.0,1.0,0.0,1.0,0.0,0.0,1.0
1.1560705307325176,-0.9966434216992697,-0.581960091583046,2.119221200831687,0.0,0.0,1.0,0.0,0.0,1.0,1.0,0.0,1.0,0.0,1.0,0.0,0.0
-1.5212581648036514,-0.22316159318107098,-0.28535177596116423,1.4161537044953887,1.0,0.0,0.0,0.0,1.0,0.0,1.0,0.0,1.0,0.0,0.0,0.0,1.0
-1.6551245995804598,-0.31984682174584583,-0.4113233870142807,0.7130862081590905,0.0,0.0,1.0,0.0,1.0,0.0,0.0,1.0,0.0,1.0,0.0,0.0,1.0
1.223003748120922,0.01855147823086613,1.3164401106569152,1.4161537044953887,1.0,0.0,0.0,0.0,1.0,0.0,0.0,1.0,1.0,0.0,0.0,0.0,1.0
-1.454324947415247,-1.2383564931112068,1.2271099236256182,0.010018711822792317,0.0,0.0,1.0,0.0,1.0,0.0,1.0,0.0,1.0,0.0,0.0,0.0,1.0
-1.722057816968864,-0.17481897889868356,-1.4739246836470457,-1.3961162808498042,0.0,1.0,0.0,1.0,0.0,0.0,1.0,0.0,1.0,0.0,1.0,0.0,0.0
0.35287192207166695,-1.0449860359816572,0.8280660941325184,-0.6930487845135059,0.0,0.0,1.0,0.0,1.0,0.0,1.0,0.0,1.0,0.0,1.0,0.0,0.0
1.0891373133441133,-0.6582451217225578,-1.222516372840401,1.4161537044953887,0.0,1.0,0.0,0.0,1.0,0.0,1.0,0.0,1.0,0.0,0.0,0.0,1.0
-1.1865920778616301,1.5655151352672636,-0.33777308332084743,1.4161537044953887,1.0,0.0,0.0,0.0,1.0,0.0,0.0,1.0,0.0,1.0,0.0,1.0,0.0
-0.3833934692007795,1.3238020638553265,0.031315713395290296,-0.6930487845135059,1.0,0.0,0.0,1.0,0.0,0.0,1.0,0.0,1.0,0.0,0.0,1.0,0.0
-0.18259381703556682,1.710542978114426,1.587907595198132,-1.3961162808498042,0.0,0.0,1.0,0.0,0.0,1.0,0.0,1.0,1.0,0.0,0.0,1.0,0.0
0.955270878567305,-0.36818943602823323,-0.7892382201736305,-0.6930487845135059,0.0,1.0,0.0,0.0,0.0,1.0,0.0,1.0,0.0,1.0,1.0,0.0,0.0
0.08513905251805007,0.9854037638786145,0.9010814865263628,0.010018711822792317,0.0,1.0,0.0,0.0,1.0,0.0,1.0,0.0,1.0,0.0,1.0,0.0,0.0
-1.454324947415247,-0.9966434216992697,-1.522869067559403,-0.6930487845135059,0.0,0.0,1.0,1.0,0.0,0.0,1.0,0.0,0.0,1.0,0.0,0.0,1.0
1.6915362698397514,-1.2866991073935943,-0.4498370005846602,-1.3961162808498042,0.0,0.0,1.0,0.0,1.0,0.0,1.0,0.0,1.0,0.0,1.0,0.0,0.0
0.2859387046832627,-1.0449860359816572,0.7277702254596549,-0.6930487845135059,0.0,1.0,0.0,1.0,0.0,0.0,0.0,1.0,1.0,0.0,0.0,1.0,0.0
1.0891373133441133,0.9854037638786145,-0.5105494330879669,0.010018711822792317,1.0,0.0,0.0,0.0,1.0,0.0,0.0,1.0,0.0,1.0,0.0,1.0,0.0
0.4198051394600712,-0.9483008074168823,-1.0058772965070157,2.8222886971679855,0.0,0.0,1.0,0.0,1.0,0.0,0.0,1.0,0.0,1.0,1.0,0.0,0.0
1.0891373133441133,1.5655151352672636,1.5047288881121044,0.010018711822792317,1.0,0.0,0.0,1.0,0.0,0.0,0.0,1.0,1.0,0.0,0.0,1.0,0.0
-1.6551245995804598,0.06689409251325355,-0.44662753278712886,0.010018711822792317,0.0,1.0,0.0,0.0,1.0,0.0,0.0,1.0,1.0,0.0,1.0,0.0,0.0
-1.6551245995804598,1.033746378161002,-1.3752335488729477,0.010018711822792317,1.0,0.0,0.0,0.0,1.0,0.0,1.0,0.0,1.0,0.0,1.0,0.0,0.0
-0.8519259909196091,-0.8516155788521075,-0.4664192508719071,-0.6930487845135059,1.0,0.0,0.0,0.0,1.0,0.0,1.0,0.0,1.0,0.0,1.0,0.0,0.0
0.35287192207166695,0.5986628496195152,0.07624826256073335,0.7130862081590905,1.0,0.0,0.0,0.0,1.0,0.0,1.0,0.0,0.0,1.0,0.0,0.0,1.0
0.8883376611789008,-1.2866991073935943,-1.154582637792648,-0.6930487845135059,0.0,0.0,1.0,0.0,1.0,0.0,0.0,1.0,0.0,1.0,0.0,1.0,0.0
-1.3204585126384387,0.5503202353371277,0.20088259536487835,-0.6930487845135059,0.0,1.0,0.0,0.0,0.0,1.0,1.0,0.0,1.0,0.0,1.0,0.0,0.0
1.6915362698397514,1.3721446781377138,-1.2035270217050054,-0.6930487845135059,1.0,0.0,0.0,0.0,0.0,1.0,1.0,0.0,0.0,1.0,0.0,1.0,0.0
-1.3873917300268428,0.2602645496428032,0.16183407049490992,-1.3961162808498042,1.0,0.0,0.0,0.0,0.0,1.0,1.0,0.0,0.0,1.0,1.0,0.0,0.0
0.4867383568484754,1.4204872924201013,1.1902010439540045,0.010018711822792317,1.0,0.0,0.0,1.0,0.0,0.0,1.0,0.0,1.0,0.0,0.0,1.0,0.0
-0.3833934692007795,-1.0933286502640445,-1.036902151883155,-1.3961162808498042,1.0,0.0,0.0,1.0,0.0,0.0,1.0,0.0,1.0,0.0,0.0,1.0,0.0
1.4907366176745387,1.710542978114426,-1.1166039355218569,-0.6930487845135059,0.0,1.0,0.0,0.0,0.0,1.0,1.0,0.0,1.0,0.0,0.0,0.0,1.0
-0.45032668658918373,1.2271168352905517,-0.8322985797905132,0.010018711822792317,1.0,0.0,0.0,1.0,0.0,0.0,0.0,1.0,0.0,1.0,0.0,1.0,0.0
0.4198051394600712,0.8403759210314523,0.5841465415201141,2.119221200831687,1.0,0.0,0.0,0.0,1.0,0.0,1.0,0.0,0.0,1.0,1.0,0.0,0.0
-1.2535252952500344,-0.5615598931577829,-1.0010630948107182,-1.3961162808498042,0.0,0.0,1.0,0.0,1.0,0.0,1.0,0.0,1.0,0.0,0.0,0.0,1.0
1.6246030524513473,0.7436906924666774,1.3496046112314084,0.7130862081590905,0.0,1.0,0.0,1.0,0.0,0.0,1.0,0.0,1.0,0.0,0.0,1.0,0.0
-0.048727382258758375,0.35694977820757806,-1.5913377139067446,-0.6930487845135059,0.0,0.0,1.0,0.0,0.0,1.0,0.0,1.0,0.0,1.0,0.0,0.0,1.0
0.5536715742368796,-0.02979113605152129,-0.13985590247306323,0.010018711822792317,1.0,0.0,0.0,1.0,0.0,0.0,1.0,0.0,1.0,0.0,1.0,0.0,0.0
1.6246030524513473,0.8887185353138397,0.354402138346808,0.010018711822792317,1.0,0.0,0.0,0.0,0.0,1.0,1.0,0.0,1.0,0.0,1.0,0.0,0.0
-0.9188592083080133,-0.4648746645930081,-1.6017684842487223,-0.6930487845135059,0.0,1.0,0.0,0.0,1.0,0.0,1.0,0.0,1.0,0.0,0.0,0.0,1.0
-0.45032668658918373,-0.07813375033390871,0.06688731481793252,-0.6930487845135059,1.0,0.0,0.0,0.0,1.0,0.0,0.0,1.0,0.0,1.0,0.0,1.0,0.0
0.7544712264020923,1.2271168352905517,-0.8440666283814625,0.7130862081590905,0.0,0.0,1.0,0.0,1.0,0.0,1.0,0.0,0.0,1.0,0.0,1.0,0.0
0.35287192207166695,0.1635793210780284,-0.6103103904612419,-0.6930487845135059,0.0,0.0,1.0,0.0,1.0,0.0,0.0,1.0,0.0,1.0,0.0,0.0,1.0
0.08513905251805007,1.033746378161002,0.45255836182131715,0.010018711822792317,1.0,0.0,0.0,0.0,1.0,0.0,1.0,0.0,0.0,1.0,0.0,1.0,0.0
1.557669835062943,0.2602645496428032,0.22388378124718836,-0.6930487845135059,1.0,0.0,0.0,0.0,1.0,0.0,0.0,1.0,0.0,1.0,0.0,1.0,0.0
0.08513905251805007,-1.4317269502407566,0.4782341042015704,1.4161537044953887,1.0,0.0,0.0,0.0,1.0,0.0,0.0,1.0,1.0,0.0,0.0,0.0,1.0
0.6875380090136881,1.4204872924201013,0.7422128305485469,-1.3961162808498042,0.0,1.0,0.0,0.0,0.0,1.0,1.0,0.0,0.0,1.0,1.0,0.0,0.0
1.0891373133441133,0.11523670679564098,0.9529678825864578,0.7130862081590905,1.0,0.0,0.0,1.0,0.0,0.0,1.0,0.0,0.0,1.0,0.0,0.0,1.0
-0.9188592083080133,1.4204872924201013,-1.2390986231276477,0.010018711822792317,1.0,0.0,0.0,1.0,0.0,0.0,0.0,1.0,1.0,0.0,0.0,1.0,0.0
0.35287192207166695,0.2602645496428032,1.6060945793841448,-1.3961162808498042,1.0,0.0,0.0,1.0,0.0,0.0,0.0,1.0,0.0,1.0,0.0,1.0,0.0
1.289936965509326,0.5986628496195152,0.05618908882616064,-0.6930487845135059,0.0,1.0,0.0,0.0,1.0,0.0,0.0,1.0,0.0,1.0,0.0,1.0,0.0
-0.6511263387543964,-0.07813375033390871,-0.8347056806386619,1.4161537044953887,1.0,0.0,0.0,1.0,0.0,0.0,0.0,1.0,1.0,0.0,0.0,0.0,1.0
0.4198051394600712,-1.6734400216526937,1.160780922476631,-1.3961162808498042,0.0,1.0,0.0,0.0,1.0,0.0,1.0,0.0,1.0,0.0,0.0,0.0,1.0
0.6206047916252838,-0.02979113605152129,-0.38725237853279326,-0.6930487845135059,1.0,0.0,0.0,1.0,0.0,0.0,1.0,0.0,1.0,0.0,1.0,0.0,0.0
1.6246030524513473,-1.2866991073935943,0.4094980022044344,0.7130862081590905,0.0,0.0,1.0,0.0,1.0,0.0,1.0,0.0,1.0,0.0,0.0,1.0,0.0
0.8214044437904965,-0.7549303502873326,0.6472660748715696,0.010018711822792317,0.0,0.0,1.0,0.0,1.0,0.0,0.0,1.0,1.0,0.0,1.0,0.0,0.0
-1.1865920778616301,1.6622003638320384,-1.6549921585577885,-1.3961162808498042,0.0,0.0,1.0,0.0,1.0,0.0,0.0,1.0,0.0,1.0,0.0,1.0,0.0
0.6875380090136881,1.517172520984876,0.01152399531051203,-0.6930487845135059,1.0,0.0,0.0,0.0,1.0,0.0,0.0,1.0,1.0,0.0,1.0,0.0,0.0
0.8883376611789008,0.06689409251325355,0.9890743953086886,-0.6930487845135059,0.0,0.0,1.0,1.0,0.0,0.0,1.0,0.0,1.0,0.0,0.0,1.0,0.0
0.4198051394600712,1.6138577495496509,-1.0585660595164934,0.7130862081590905,1.0,0.0,0.0,0.0,0.0,1.0,1.0,0.0,0.0,1.0,0.0,1.0,0.0
0.08513905251805007,-1.3350417216759816,0.6831051319440062,0.010018711822792317,0.0,1.0,0.0,0.0,1.0,0.0,1.0,0.0,0.0,1.0,0.0,0.0,1.0
1.289936965509326,1.0820889924433894,-0.44315060933980266,0.010018711822792317,0.0,1.0,0.0,1.0,0.0,0.0,1.0,0.0,1.0,0.0,1.0,0.0,0.0
-1.5881913821920555,1.4688299067024888,1.3006602273190513,-1.3961162808498042,0.0,0.0,1.0,0.0,1.0,0.0,0.0,1.0,1.0,0.0,0.0,1.0,0.0
-0.6511263387543964,0.9854037638786145,1.4718318431874053,0.010018711822792317,1.0,0.0,0.0,1.0,0.0,0.0,1.0,0.0,0.0,1.0,0.0,1.0,0.0
-1.6551245995804598,1.275459449572939,-0.7405612919110675,0.010018711822792317,1.0,0.0,0.0,0.0,1.0,0.0,0.0,1.0,1.0,0.0,0.0,1.0,0.0
-1.5212581648036514,-1.721782635935081,1.4212827253762816,0.7130862081590905,0.0,1.0,0.0,0.0,0.0,1.0,0.0,1.0,1.0,0.0,0.0,1.0,0.0
-1.3204585126384387,-0.7065877360049452,0.4148471152003205,0.010018711822792317,0.0,0.0,1.0,1.0,0.0,0.0,0.0,1.0,0.0,1.0,0.0,0.0,1.0
-1.3873917300268428,-1.0449860359816572,1.6012803776878473,1.4161537044953887,0.0,0.0,1.0,0.0,1.0,0.0,0.0,1.0,1.0,0.0,0.0,1.0,0.0
-0.31646025181237525,-0.9483008074168823,-0.6394630562888209,0.7130862081590905,1.0,0.0,0.0,0.0,1.0,0.0,0.0,1.0,1.0,0.0,0.0,0.0,1.0
-0.3833934692007795,-0.02979113605152129,-0.1992310567273988,1.4161537044953887,1.0,0.0,0.0,0.0,0.0,1.0,1.0,0.0,0.0,1.0,1.0,0.0,0.0
0.08513905251805007,0.1635793210780284,-0.19307957678212972,-0.6930487845135059,1.0,0.0,0.0,1.0,0.0,0.0,1.0,0.0,1.0,0.0,0.0,1.0,0.0
0.5536715742368796,0.9854037638786145,0.36135598524146,0.7130862081590905,1.0,0.0,0.0,0.0,1.0,0.0,0.0,1.0,0.0,1.0,0.0,1.0,0.0
-0.048727382258758375,1.5655151352672636,-1.0243317363428226,0.7130862081590905,1.0,0.0,0.0,0.0,1.0,0.0,0.0,1.0,1.0,0.0,0.0,1.0,0.0
0.08513905251805007,-0.4165320503106206,-1.0954749391881071,0.7130862081590905,1.0,0.0,0.0,0.0,1.0,0.0,1.0,0.0,1.0,0.0,0.0,1.0,0.0
0.8214044437904965,-0.7065877360049452,-1.0267388371909714,1.4161537044953887,1.0,0.0,0.0,0.0,1.0,0.0,1.0,0.0,0.0,1.0,0.0,0.0,1.0
1.3568701828977303,-1.141671264546432,0.6344282036814429,0.010018711822792317,1.0,0.0,0.0,0.0,0.0,1.0,0.0,1.0,1.0,0.0,0.0,1.0,0.0
0.21900548729485853,0.5503202353371277,-0.8491482857275542,-0.6930487845135059,1.0,0.0,0.0,1.0,0.0,0.0,0.0,1.0,0.0,1.0,1.0,0.0,0.0
0.8214044437904965,0.5503202353371277,1.5009845090149836,0.010018711822792317,1.0,0.0,0.0,0.0,1.0,0.0,0.0,1.0,1.0,0.0,0.0,0.0,1.0
-1.3873917300268428,1.1304316067257767,-0.43405711724679624,0.7130862081590905,0.0,1.0,0.0,0.0,1.0,0.0,1.0,0.0,1.0,0.0,0.0,0.0,1.0
-0.7180595561428006,1.710542978114426,0.19285892587104933,0.010018711822792317,0.0,1.0,0.0,1.0,0.0,0.0,1.0,0.0,1.0,0.0,0.0,1.0,0.0
0.6875380090136881,-0.8516155788521075,-1.6092572424429628,0.010018711822792317,1.0,0.0,0.0,1.0,0.0,0.0,0.0,1.0,1.0,0.0,0.0,0.0,1.0
1.223003748120922,1.6622003638320384,1.3089513524626748,1.4161537044953887,0.0,1.0,0.0,0.0,1.0,0.0,0.0,1.0,1.0,0.0,0.0,0.0,1.0
0.15207226990645428,0.01855147823086613,-1.6143388997890546,-0.6930487845135059,0.0,0.0,1.0,0.0,0.0,1.0,1.0,0.0,1.0,0.0,0.0,0.0,1.0
0.5536715742368796,-1.0933286502640445,-1.152710448244088,0.010018711822792317,1.0,0.0,0.0,0.0,0.0,1.0,1.0,0.0,1.0,0.0,0.0,1.0,0.0
0.7544712264020923,-0.4648746645930081,-0.22303460955909138,-0.6930487845135059,1.0,0.0,0.0,1.0,0.0,0.0,1.0,0.0,1.0,0.0,1.0,0.0,0.0
0.8214044437904965,1.710542978114426,1.0471122713140522,0.7130862081590905,0.0,1.0,0.0,1.0,0.0,0.0,0.0,1.0,0.0,1.0,0.0,0.0,1.0
0.21900548729485853,-0.22316159318107098,1.3156377437075324,1.4161537044953887,1.0,0.0,0.0,1.0,0.0,0.0,1.0,0.0,0.0,1.0,0.0,0.0,1.0
0.7544712264020923,0.9370611495962271,0.03639737074138199,0.010018711822792317,0.0,1.0,0.0,0.0,0.0,1.0,1.0,0.0,1.0,0.0,1.0,0.0,0.0
1.4907366176745387,0.4536350067723529,-0.2393494041965442,-1.3961162808498042,1.0,0.0,0.0,1.0,0.0,0.0,1.0,0.0,1.0,0.0,1.0,0.0,0.0
1.6246030524513473,0.8403759210314523,-1.3196027737157328,-0.6930487845135059,1.0,0.0,0.0,0.0,1.0,0.0,1.0,0.0,1.0,0.0,0.0,1.0,0.0
0.21900548729485853,0.5019776210547403,0.5402838149538485,1.4161537044953887,0.0,0.0,1.0,0.0,1.0,0.0,1.0,0.0,0.0,1.0,0.0,1.0,0.0
-0.9188592083080133,0.06689409251325355,0.9441418461432455,0.7130862081590905,1.0,0.0,0.0,1.0,0.0,0.0,0.0,1.0,1.0,0.0,1.0,0.0,0.0
-1.2535252952500344,-0.22316159318107098,-0.6065660113641216,-0.6930487845135059,0.0,1.0,0.0,1.0,0.0,0.0,1.0,0.0,0.0,1.0,0.0,1.0,0.0
0.2859387046832627,-0.2715042074634584,0.6718719946526455,0.010018711822792317,1.0,0.0,0.0,0.0,0.0,1.0,1.0,0.0,0.0,1.0,1.0,0.0,0.0
1.223003748120922,-0.5615598931577829,0.9679453989749385,-0.6930487845135059,0.0,0.0,1.0,0.0,1.0,0.0,1.0,0.0,1.0,0.0,0.0,1.0,0.0
1.6915362698397514,-1.0449860359816572,1.0505891947613781,0.7130862081590905,0.0,1.0,0.0,0.0,1.0,0.0,1.0,0.0,0.0,1.0,0.0,0.0,1.0
0.8214044437904965,0.4052923924899655,1.1928756004519474,-1.3961162808498042,0.0,1.0,0.0,0.0,1.0,0.0,1.0,0.0,0.0,1.0,1.0,0.0,0.0
1.6915362698397514,0.4052923924899655,-1.4207010093379793,0.010018711822792317,0.0,1.0,0.0,0.0,0.0,1.0,1.0,0.0,1.0,0.0,1.0,0.0,0.0
-1.5212581648036514,1.1787742210081642,1.4397371652120885,-1.3961162808498042,0.0,0.0,1.0,0.0,1.0,0.0,1.0,0.0,1.0,0.0,1.0,0.0,0.0
0.35287192207166695,-1.6734400216526937,-0.16740383440187645,1.4161537044953887,0.0,0.0,1.0,0.0,1.0,0.0,1.0,0.0,1.0,0.0,1.0,0.0,0.0
-0.9857924256964175,0.5019776210547403,-1.2292027640852585,0.010018711822792317,1.0,0.0,0.0,0.0,0.0,1.0,1.0,0.0,1.0,0.0,1.0,0.0,0.0
-0.5172599039775879,-1.2383564931112068,-0.6346488545925235,0.7130862081590905,1.0,0.0,0.0,0.0,1.0,0.0,1.0,0.0,1.0,0.0,1.0,0.0,0.0
1.0891373133441133,-1.4317269502407566,-1.0390417970815091,-0.6930487845135059,1.0,0.0,0.0,0.0,1.0,0.0,1.0,0.0,1.0,0.0,0.0,1.0,0.0
0.35287192207166695,-0.36818943602823323,1.3399762078388138,0.7130862081590905,0.0,0.0,1.0,0.0,1.0,0.0,1.0,0.0,0.0,1.0,1.0,0.0,0.0
-0.1156605996471626,0.4536350067723529,0.4763619146530101,2.119221200831687,0.0,0.0,1.0,1.0,0.0,0.0,1.0,0.0,0.0,1.0,1.0,0.0,0.0
-0.24952703442397103,1.517172520984876,-0.6258228181493116,0.010018711822792317,1.0,0.0,0.0,0.0,1.0,0.0,1.0,0.0,1.0,0.0,0.0,0.0,1.0
1.6246030524513473,0.8887185353138397,0.601798614406538,0.010018711822792317,1.0,0.0,0.0,0.0,0.0,1.0,0.0,1.0,0.0,1.0,1.0,0.0,0.0
0.8214044437904965,0.11523670679564098,-0.7608879212954344,-1.3961162808498042,1.0,0.0,0.0,1.0,0.0,0.0,0.0,1.0,1.0,0.0,0.0,0.0,1.0
1.4907366176745387,0.9370611495962271,0.32631929511840624,1.4161537044953887,1.0,0.0,0.0,1.0,0.0,0.0,0.0,1.0,1.0,0.0,1.0,0.0,0.0
1.6246030524513473,1.4204872924201013,0.038537015939736366,-0.6930487845135059,1.0,0.0,0.0,1.0,0.0,0.0,1.0,0.0,1.0,0.0,1.0,0.0,0.0
0.6206047916252838,1.517172520984876,-0.18452099598871186,2.119221200831687,1.0,0.0,0.0,0.0,1.0,0.0,1.0,0.0,0.0,1.0,0.0,0.0,1.0
-0.1156605996471626,-0.4648746645930081,-0.25673402143317364,-1.3961162808498042,0.0,1.0,0.0,0.0,1.0,0.0,1.0,0.0,1.0,0.0,0.0,0.0,1.0
-0.31646025181237525,1.5655151352672636,0.29315479454391286,1.4161537044953887,1.0,0.0,0.0,1.0,0.0,0.0,1.0,0.0,0.0,1.0,1.0,0.0,0.0
1.223003748120922,-1.0449860359816572,-0.18425354033891778,-0.6930487845135059,1.0,0.0,0.0,0.0,1.0,0.0,0.0,1.0,0.0,1.0,0.0,1.0,0.0
-1.2535252952500344,-1.3350417216759816,0.8820921353909674,0.7130862081590905,1.0,0.0,0.0,0.0,1.0,0.0,0.0,1.0,0.0,1.0,0.0,1.0,0.0
1.4238034002861346,1.275459449572939,1.0067264681951125,-1.3961162808498042,1.0,0.0,0.0,0.0,1.0,0.0,1.0,0.0,0.0,1.0,0.0,0.0,1.0
-1.5881913821920555,0.21192193536041581,1.2362034157186246,-0.6930487845135059,1.0,0.0,0.0,0.0,1.0,0.0,0.0,1.0,1.0,0.0,0.0,1.0,0.0
-1.2535252952500344,-0.4648746645930081,0.5057820361303836,-0.6930487845135059,0.0,1.0,0.0,0.0,1.0,0.0,1.0,0.0,0.0,1.0,0.0,0.0,1.0
-1.3873917300268428,1.0820889924433894,1.4670176414911076,0.7130862081590905,1.0,0.0,0.0,0.0,1.0,0.0,1.0,0.0,1.0,0.0,0.0,0.0,1.0
-1.454324947415247,-0.7065877360049452,1.588442506497721,0.7130862081590905,1.0,0.0,0.0,0.0,1.0,0.0,0.0,1.0,0.0,1.0,1.0,0.0,0.0
-1.0527256430848217,-0.6582451217225578,-0.7876334862748646,-0.6930487845135059,1.0,0.0,0.0,1.0,0.0,0.0,1.0,0.0,0.0,1.0,1.0,0.0,0.0
-0.1156605996471626,-0.7549303502873326,-1.1556524603918252,0.7130862081590905,0.0,1.0,0.0,0.0,1.0,0.0,1.0,0.0,0.0,1.0,0.0,0.0,1.0
0.35287192207166695,-1.4317269502407566,-0.67048791166496,1.4161537044953887,1.0,0.0,0.0,0.0,1.0,0.0,0.0,1.0,1.0,0.0,1.0,0.0,0.0
-1.6551245995804598,-0.22316159318107098,-1.2468548369716825,-1.3961162808498042,1.0,0.0,0.0,0.0,1.0,0.0,1.0,0.0,1.0,0.0,1.0,0.0,0.0
1.6246030524513473,-1.6250974073703062,-1.5886631574088013,0.010018711822792317,1.0,0.0,0.0,0.0,1.0,0.0,1.0,0.0,1.0,0.0,0.0,0.0,1.0
-1.5881913821920555,1.2271168352905517,-0.2741186386698035,-0.6930487845135059,1.0,0.0,0.0,0.0,1.0,0.0,0.0,1.0,1.0,0.0,0.0,0.0,1.0
-0.6511263387543964,0.8887185353138397,0.19901040581631801,-0.6930487845135059,1.0,0.0,0.0,0.0,1.0,0.0,1.0,0.0,0.0,1.0,0.0,0.0,1.0
1.557669835062943,-0.4165320503106206,0.5202246412192758,-1.3961162808498042,0.0,0.0,1.0,0.0,1.0,0.0,1.0,0.0,0.0,1.0,0.0,1.0,0.0
-1.6551245995804598,-1.4317269502407566,1.2680306380441464,0.010018711822792317,1.0,0.0,0.0,1.0,0.0,0.0,1.0,0.0,0.0,1.0,0.0,1.0,0.0
-0.5172599039775879,-0.80327296456972,-0.016558847917889682,0.010018711822792317,1.0,0.0,0.0,0.0,1.0,0.0,0.0,1.0,0.0,1.0,0.0,1.0,0.0
-1.5881913821920555,-1.6734400216526937,0.8762081110954928,3.5253561935042836,0.0,1.0,0.0,0.0,0.0,1.0,1.0,0.0,1.0,0.0,1.0,0.0,0.0
-0.5172599039775879,-0.8999581931344949,-0.19762632282863293,-1.3961162808498042,0.0,1.0,0.0,1.0,0.0,0.0,0.0,1.0,0.0,1.0,0.0,0.0,1.0
0.08513905251805007,0.8887185353138397,1.2995904047198743,2.8222886971679855,0.0,1.0,0.0,0.0,1.0,0.0,1.0,0.0,1.0,0.0,1.0,0.0,0.0
-0.5172599039775879,-0.7549303502873326,-1.1938986183124105,2.119221200831687,1.0,0.0,0.0,1.0,0.0,0.0,1.0,0.0,1.0,0.0,0.0,1.0,0.0
-0.31646025181237525,0.30860716392519066,0.7293749593584207,0.7130862081590905,1.0,0.0,0.0,1.0,0.0,0.0,1.0,0.0,0.0,1.0,0.0,1.0,0.0
-1.454324947415247,1.517172520984876,-0.22463934345785727,-0.6930487845135059,0.0,0.0,1.0,0.0,1.0,0.0,0.0,1.0,1.0,0.0,0.0,0.0,1.0
-0.7180595561428006,1.6622003638320384,0.9486885921897487,0.010018711822792317,1.0,0.0,0.0,0.0,1.0,0.0,1.0,0.0,1.0,0.0,0.0,0.0,1.0
-1.1865920778616301,1.710542978114426,-1.0558915030185503,2.8222886971679855,0.0,0.0,1.0,0.0,1.0,0.0,0.0,1.0,0.0,1.0,0.0,0.0,1.0
0.35287192207166695,1.033746378161002,-0.7721210585867951,-0.6930487845135059,1.0,0.0,0.0,0.0,1.0,0.0,1.0,0.0,1.0,0.0,0.0,0.0,1.0
0.4198051394600712,-0.5132172788753955,0.20409206316241008,0.7130862081590905,1.0,0.0,0.0,0.0,1.0,0.0,1.0,0.0,1.0,0.0,0.0,1.0,0.0
1.0222040959557093,0.21192193536041581,0.9259548619572331,-0.6930487845135059,1.0,0.0,0.0,0.0,0.0,1.0,1.0,0.0,0.0,1.0,0.0,0.0,1.0
-0.24952703442397103,1.4688299067024888,0.09710980324468899,2.8222886971679855,1.0,0.0,0.0,0.0,0.0,1.0,0.0,1.0,1.0,0.0,0.0,1.0,0.0
0.6206047916252838,1.275459449572939,-0.9192216659736617,-1.3961162808498042,0.0,0.0,1.0,0.0,1.0,0.0,0.0,1.0,1.0,0.0,0.0,1.0,0.0
-0.3833934692007795,0.35694977820757806,1.428771483570522,0.010018711822792317,0.0,0.0,1.0,0.0,1.0,0.0,0.0,1.0,1.0,0.0,0.0,1.0,0.0
-0.45032668658918373,-0.5132172788753955,1.1701418702194317,0.7130862081590905,1.0,0.0,0.0,0.0,1.0,0.0,1.0,0.0,0.0,1.0,0.0,1.0,0.0
-0.24952703442397103,-1.383384335958369,-1.0088193086547532,0.7130862081590905,0.0,0.0,1.0,0.0,1.0,0.0,0.0,1.0,0.0,1.0,0.0,1.0,0.0
-0.45032668658918373,-0.6099025074401704,0.44506960362707665,-1.3961162808498042,0.0,0.0,1.0,0.0,1.0,0.0,1.0,0.0,0.0,1.0,0.0,1.0,0.0
0.4867383568484754,-1.721782635935081,0.02168731000269541,0.7130862081590905,1.0,0.0,0.0,0.0,1.0,0.0,0.0,1.0,1.0,0.0,0.0,0.0,1.0
-1.0527256430848217,1.275459449572939,0.8665797077028979,0.7130862081590905,1.0,0.0,0.0,0.0,1.0,0.0,1.0,0.0,1.0,0.0,0.0,1.0,0.0
0.2859387046832627,0.1635793210780284,0.1337512272665082,0.7130862081590905,0.0,1.0,0.0,1.0,0.0,0.0,1.0,0.0,1.0,0.0,0.0,0.0,1.0
-0.31646025181237525,-0.22316159318107098,-0.5479932240591694,0.010018711822792317,1.0,0.0,0.0,0.0,1.0,0.0,0.0,1.0,1.0,0.0,1.0,0.0,0.0
-0.3833934692007795,-0.7549303502873326,1.0422980696177546,-0.6930487845135059,0.0,0.0,1.0,0.0,1.0,0.0,1.0,0.0,0.0,1.0,1.0,0.0,0.0
-1.1865920778616301,0.35694977820757806,0.9770388910679448,-0.6930487845135059,1.0,0.0,0.0,1.0,0.0,0.0,1.0,0.0,1.0,0.0,0.0,0.0,1.0
0.018205835129645846,-0.31984682174584583,-0.9387459284086457,-0.6930487845135059,0.0,0.0,1.0,0.0,1.0,0.0,1.0,0.0,0.0,1.0,0.0,1.0,0.0
-0.31646025181237525,1.4204872924201013,-1.5407885960956214,-1.3961162808498042,1.0,0.0,0.0,0.0,1.0,0.0,1.0,0.0,0.0,1.0,1.0,0.0,0.0
-1.2535252952500344,-1.5767547930879187,-0.1952192219804841,0.010018711822792317,1.0,0.0,0.0,0.0,1.0,0.0,1.0,0.0,1.0,0.0,1.0,0.0,0.0
0.5536715742368796,-1.141671264546432,1.5622318528178796,0.010018711822792317,1.0,0.0,0.0,1.0,0.0,0.0,1.0,0.0,1.0,0.0,0.0,1.0,0.0
0.15207226990645428,0.9370611495962271,0.03559500379199905,0.010018711822792317,1.0,0.0,0.0,0.0,1.0,0.0,1.0,0.0,1.0,0.0,0.0,0.0,1.0
-0.7849927735312048,0.11523670679564098,-0.8847198871501967,0.010018711822792317,0.0,1.0,0.0,0.0,0.0,1.0,0.0,1.0,1.0,0.0,1.0,0.0,0.0
0.08513905251805007,-0.31984682174584583,-1.3097069146733438,-0.6930487845135059,1.0,0.0,0.0,0.0,0.0,1.0,1.0,0.0,1.0,0.0,1.0,0.0,0.0
-0.6511263387543964,0.35694977820757806,0.7384684514514267,0.010018711822792317,0.0,0.0,1.0,0.0,1.0,0.0,1.0,0.0,1.0,0.0,0.0,0.0,1.0
1.6246030524513473,-0.9483008074168823,1.6095715028314705,0.010018711822792317,1.0,0.0,0.0,1.0,0.0,0.0,1.0,0.0,1.0,0.0,0.0,0.0,1.0
1.0222040959557093,0.4052923924899655,1.6737608587821033,0.010018711822792317,1.0,0.0,0.0,1.0,0.0,0.0,1.0,0.0,1.0,0.0,0.0,1.0,0.0
-0.9857924256964175,-0.6582451217225578,-1.3027530677786918,-0.6930487845135059,0.0,0.0,1.0,1.0,0.0,0.0,0.0,1.0,1.0,0.0,0.0,1.0,0.0
-0.9857924256964175,0.5019776210547403,1.2995904047198743,-0.6930487845135059,1.0,0.0,0.0,0.0,1.0,0.0,0.0,1.0,1.0,0.0,1.0,0.0,0.0
-1.3204585126384387,0.21192193536041581,0.41056782480361176,0.010018711822792317,0.0,1.0,0.0,0.0,1.0,0.0,1.0,0.0,0.0,1.0,0.0,1.0,0.0
1.3568701828977303,1.3238020638553265,1.5729300788096519,0.010018711822792317,1.0,0.0,0.0,0.0,0.0,1.0,0.0,1.0,1.0,0.0,0.0,0.0,1.0
-1.2535252952500344,-1.721782635935081,-0.38671746723320477,-0.6930487845135059,1.0,0.0,0.0,0.0,0.0,1.0,1.0,0.0,0.0,1.0,0.0,0.0,1.0
1.4907366176745387,1.4688299067024888,1.6542365963471195,-1.3961162808498042,1.0,0.0,0.0,0.0,1.0,0.0,1.0,0.0,1.0,0.0,0.0,0.0,1.0
0.7544712264020923,-0.5615598931577829,0.8861039701378821,0.010018711822792317,1.0,0.0,0.0,1.0,0.0,0.0,1.0,0.0,1.0,0.0,0.0,1.0,0.0
1.3568701828977303,-1.6250974073703062,1.5945939864429897,-0.6930487845135059,1.0,0.0,0.0,0.0,0.0,1.0,0.0,1.0,0.0,1.0,1.0,0.0,0.0
-0.9188592083080133,1.5655151352672636,1.6542365963471195,0.7130862081590905,1.0,0.0,0.0,0.0,0.0,1.0,0.0,1.0,0.0,1.0,0.0,0.0,1.0
-0.6511263387543964,-0.6582451217225578,-0.5239222155776819,-0.6930487845135059,0.0,1.0,0.0,0.0,1.0,0.0,0.0,1.0,0.0,1.0,0.0,1.0,0.0
1.0222040959557093,0.4052923924899655,0.5603429886884211,2.119221200831687,0.0,1.0,0.0,1.0,0.0,0.0,1.0,0.0,0.0,1.0,0.0,1.0,0.0
-1.3873917300268428,-1.1900138788288195,-1.2995435999811602,0.7130862081590905,0.0,1.0,0.0,0.0,1.0,0.0,1.0,0.0,1.0,0.0,0.0,0.0,1.0
-0.5172599039775879,0.7436906924666774,1.1784329953630552,-0.6930487845135059,0.0,1.0,0.0,0.0,0.0,1.0,1.0,0.0,1.0,0.0,0.0,1.0,0.0
1.557669835062943,-0.5132172788753955,0.2698861530118084,-0.6930487845135059,1.0,0.0,0.0,0.0,1.0,0.0,1.0,0.0,0.0,1.0,1.0,0.0,0.0
-0.048727382258758375,-0.22316159318107098,-0.8331009467398962,-0.6930487845135059,1.0,0.0,0.0,0.0,0.0,1.0,1.0,0.0,1.0,0.0,0.0,0.0,1.0
-0.18259381703556682,-0.5615598931577829,1.2105276733383712,1.4161537044953887,0.0,1.0,0.0,0.0,1.0,0.0,0.0,1.0,0.0,1.0,1.0,0.0,0.0
0.2859387046832627,-1.0449860359816572,1.7109371941035119,-1.3961162808498042,1.0,0.0,0.0,0.0,1.0,0.0,1.0,0.0,1.0,0.0,0.0,1.0,0.0
-1.0527256430848217,-1.5284121788055314,-0.96014238039219,-0.6930487845135059,1.0,0.0,0.0,0.0,1.0,0.0,1.0,0.0,1.0,0.0,0.0,1.0,0.0
0.4198051394600712,0.21192193536041581,-1.0895909148926324,-1.3961162808498042,0.0,1.0,0.0,0.0,0.0,1.0,1.0,0.0,0.0,1.0,0.0,1.0,0.0
-0.3833934692007795,-0.9483008074168823,-1.545870253441713,-1.3961162808498042,0.0,0.0,1.0,1.0,0.0,0.0,1.0,0.0,0.0,1.0,1.0,0.0,0.0
-1.119658860473226,0.35694977820757806,-1.257820518613249,2.119221200831687,0.0,0.0,1.0,0.0,1.0,0.0,1.0,0.0,0.0,1.0,0.0,0.0,1.0
-0.6511263387543964,0.8403759210314523,-1.2024571991058282,-0.6930487845135059,0.0,1.0,0.0,0.0,1.0,0.0,1.0,0.0,1.0,0.0,0.0,1.0,0.0
1.0222040959557093,0.7920333067490648,-1.0216571798448797,0.010018711822792317,0.0,0.0,1.0,0.0,0.0,1.0,1.0,0.0,0.0,1.0,0.0,1.0,0.0
-1.119658860473226,1.033746378161002,0.4787690155011589,-0.6930487845135059,1.0,0.0,0.0,0.0,1.0,0.0,1.0,0.0,1.0,0.0,0.0,0.0,1.0
0.15207226990645428,-1.721782635935081,0.3089346778817764,1.4161537044953887,1.0,0.0,0.0,1.0,0.0,0.0,1.0,0.0,0.0,1.0,1.0,0.0,0.0
-0.24952703442397103,1.0820889924433894,-1.2645069098581065,-1.3961162808498042,1.0,0.0,0.0,0.0,1.0,0.0,1.0,0.0,0.0,1.0,0.0,1.0,0.0
-1.3204585126384387,-1.383384335958369,-1.3776406497210967,-0.6930487845135059,1.0,0.0,0.0,0.0,0.0,1.0,1.0,0.0,1.0,0.0,0.0,0.0,1.0
-0.9188592083080133,-0.2715042074634584,0.2270932490447201,0.010018711822792317,1.0,0.0,0.0,0.0,0.0,1.0,1.0,0.0,0.0,1.0,1.0,0.0,0.0
1.289936965509326,0.8887185353138397,-1.3760359158223308,1.4161537044953887,1.0,0.0,0.0,1.0,0.0,0.0,0.0,1.0,0.0,1.0,0.0,1.0,0.0
1.6915362698397514,-0.7065877360049452,0.2407334871842293,2.8222886971679855,1.0,0.0,0.0,0.0,0.0,1.0,0.0,1.0,1.0,0.0,0.0,0.0,1.0
-0.5841931213659922,-0.7549303502873326,0.44159268017975084,0.7130862081590905,0.0,0.0,1.0,1.0,0.0,0.0,0.0,1.0,0.0,1.0,0.0,0.0,1.0
0.955270878567305,0.30860716392519066,1.276589218837564,0.010018711822792317,1.0,0.0,0.0,1.0,0.0,0.0,1.0,0.0,0.0,1.0,0.0,1.0,0.0
1.6246030524513473,0.69534807818429,-0.3645186483002777,0.010018711822792317,1.0,0.0,0.0,0.0,0.0,1.0,1.0,0.0,0.0,1.0,0.0,0.0,1.0
0.7544712264020923,0.06689409251325355,-0.7919127766715736,0.010018711822792317,1.0,0.0,0.0,0.0,1.0,0.0,1.0,0.0,1.0,0.0,0.0,0.0,1.0
-0.1156605996471626,-1.6734400216526937,-0.477117476863679,0.7130862081590905,1.0,0.0,0.0,0.0,1.0,0.0,0.0,1.0,1.0,0.0,0.0,0.0,1.0
0.08513905251805007,1.5655151352672636,-1.265844188107078,0.7130862081590905,1.0,0.0,0.0,1.0,0.0,0.0,0.0,1.0,0.0,1.0,0.0,1.0,0.0
0.5536715742368796,-1.5767547930879187,0.12091335607638194,1.4161537044953887,1.0,0.0,0.0,1.0,0.0,0.0,1.0,0.0,0.0,1.0,1.0,0.0,0.0
-0.24952703442397103,-1.2866991073935943,0.19874295016652396,-0.6930487845135059,1.0,0.0,0.0,0.0,1.0,0.0,1.0,0.0,0.0,1.0,1.0,0.0,0.0
-0.8519259909196091,0.5986628496195152,1.5646389536660283,-0.6930487845135059,1.0,0.0,0.0,0.0,0.0,1.0,0.0,1.0,0.0,1.0,0.0,0.0,1.0
-0.45032668658918373,-0.12647636461629613,0.9358507209996224,-0.6930487845135059,1.0,0.0,0.0,0.0,0.0,1.0,1.0,0.0,1.0,0.0,1.0,0.0,0.0
0.8214044437904965,-1.5767547930879187,-1.3193353180659386,1.4161537044953887,1.0,0.0,0.0,0.0,1.0,0.0,0.0,1.0,0.0,1.0,1.0,0.0,0.0
-0.5172599039775879,1.2271168352905517,-0.6493589153312102,1.4161537044953887,0.0,1.0,0.0,1.0,0.0,0.0,1.0,0.0,0.0,1.0,0.0,1.0,0.0
1.0891373133441133,1.275459449572939,1.4087123098359495,0.010018711822792317,1.0,0.0,0.0,0.0,0.0,1.0,0.0,1.0,1.0,0.0,1.0,0.0,0.0
-1.3873917300268428,1.1304316067257767,1.7275194443907589,2.119221200831687,1.0,0.0,0.0,0.0,1.0,0.0,1.0,0.0,0.0,1.0,1.0,0.0,0.0
-0.7180595561428006,0.6470054639019026,1.2268424679758234,-0.6930487845135059,1.0,0.0,0.0,1.0,0.0,0.0,1.0,0.0,0.0,1.0,0.0,1.0,0.0
0.6875380090136881,1.6138577495496509,1.6221419183718029,1.4161537044953887,0.0,0.0,1.0,0.0,0.0,1.0,1.0,0.0,1.0,0.0,1.0,0.0,0.0
-1.5212581648036514,-1.0449860359816572,-1.6196880127849405,0.7130862081590905,1.0,0.0,0.0,0.0,1.0,0.0,0.0,1.0,0.0,1.0,0.0,1.0,0.0
-0.6511263387543964,0.6470054639019026,-1.3781755610206852,-0.6930487845135059,0.0,1.0,0.0,0.0,0.0,1.0,0.0,1.0,0.0,1.0,1.0,0.0,0.0
0.5536715742368796,0.8403759210314523,1.4357253304651738,-1.3961162808498042,0.0,0.0,1.0,0.0,1.0,0.0,0.0,1.0,1.0,0.0,0.0,0.0,1.0
-1.722057816968864,-1.0933286502640445,-0.6956287427456246,0.7130862081590905,1.0,0.0,0.0,0.0,1.0,0.0,1.0,0.0,0.0,1.0,0.0,1.0,0.0
0.35287192207166695,0.30860716392519066,-0.5881115715283148,-0.6930487845135059,1.0,0.0,0.0,0.0,0.0,1.0,1.0,0.0,0.0,1.0,0.0,0.0,1.0
1.4907366176745387,-0.17481897889868356,-0.6143222252081566,0.7130862081590905,1.0,0.0,0.0,1.0,0.0,0.0,1.0,0.0,1.0,0.0,1.0,0.0,0.0
0.8214044437904965,0.7436906924666774,-0.3706701282455468,-0.6930487845135059,1.0,0.0,0.0,1.0,0.0,0.0,0.0,1.0,0.0,1.0,0.0,0.0,1.0
1.1560705307325176,-0.2715042074634584,-0.20591744797225636,0.7130862081590905,0.0,0.0,1.0,0.0,0.0,1.0,1.0,0.0,1.0,0.0,1.0,0.0,0.0
-0.24952703442397103,-1.4317269502407566,-0.3637162813508948,0.010018711822792317,1.0,0.0,0.0,0.0,1.0,0.0,0.0,1.0,0.0,1.0,1.0,0.0,0.0
-0.5172599039775879,0.21192193536041581,-0.9550607230460981,0.7130862081590905,1.0,0.0,0.0,0.0,1.0,0.0,0.0,1.0,1.0,0.0,0.0,1.0,0.0
1.4907366176745387,-1.6250974073703062,0.7545157904390851,0.7130862081590905,0.0,1.0,0.0,0.0,1.0,0.0,1.0,0.0,0.0,1.0,0.0,0.0,1.0
0.08513905251805007,-1.1900138788288195,-0.12514584173437665,0.010018711822792317,0.0,0.0,1.0,0.0,0.0,1.0,0.0,1.0,1.0,0.0,0.0,0.0,1.0
0.6206047916252838,1.033746378161002,0.3265867507682007,-1.3961162808498042,0.0,0.0,1.0,0.0,0.0,1.0,1.0,0.0,1.0,0.0,0.0,0.0,1.0
-0.9188592083080133,-1.141671264546432,1.0147501376889414,-0.6930487845135059,1.0,0.0,0.0,1.0,0.0,0.0,1.0,0.0,0.0,1.0,0.0,1.0,0.0
0.8883376611789008,0.5986628496195152,0.9730270563210305,-0.6930487845135059,1.0,0.0,0.0,0.0,1.0,0.0,0.0,1.0,1.0,0.0,1.0,0.0,0.0
1.4907366176745387,-0.2715042074634584,0.625602167238231,1.4161537044953887,0.0,1.0,0.0,0.0,0.0,1.0,1.0,0.0,0.0,1.0,1.0,0.0,0.0
0.6875380090136881,-0.7065877360049452,1.2206909880305545,-0.6930487845135059,1.0,0.0,0.0,1.0,0.0,0.0,1.0,0.0,1.0,0.0,0.0,1.0,0.0
0.6875380090136881,-0.8516155788521075,0.787412835363784,1.4161537044953887,0.0,1.0,0.0,0.0,0.0,1.0,1.0,0.0,1.0,0.0,0.0,1.0,0.0
-0.3833934692007795,-1.721782635935081,-0.09251625245947176,1.4161537044953887,1.0,0.0,0.0,0.0,1.0,0.0,1.0,0.0,0.0,1.0,1.0,0.0,0.0
-0.45032668658918373,-0.6099025074401704,-0.4562559361797237,-1.3961162808498042,0.0,1.0,0.0,0.0,1.0,0.0,0.0,1.0,0.0,1.0,0.0,0.0,1.0
0.7544712264020923,0.6470054639019026,0.1126222309327585,1.4161537044953887,0.0,0.0,1.0,0.0,1.0,0.0,1.0,0.0,1.0,0.0,0.0,0.0,1.0
1.289936965509326,-1.5767547930879187,-0.059886663184566855,0.7130862081590905,0.0,1.0,0.0,0.0,1.0,0.0,1.0,0.0,0.0,1.0,0.0,1.0,0.0
-0.24952703442397103,1.0820889924433894,-1.0484027448243098,-0.6930487845135059,0.0,1.0,0.0,1.0,0.0,0.0,1.0,0.0,0.0,1.0,0.0,1.0,0.0
0.8214044437904965,0.1635793210780284,-0.9013021374374434,0.010018711822792317,0.0,1.0,0.0,0.0,0.0,1.0,1.0,0.0,0.0,1.0,0.0,1.0,0.0
-0.7180595561428006,-1.2383564931112068,1.6890058308203786,-0.6930487845135059,0.0,1.0,0.0,0.0,1.0,0.0,1.0,0.0,1.0,0.0,0.0,1.0,0.0
-0.5172599039775879,-1.2383564931112068,1.5662436875647943,-0.6930487845135059,0.0,0.0,1.0,0.0,1.0,0.0,1.0,0.0,0.0,1.0,1.0,0.0,0.0
-0.6511263387543964,0.8887185353138397,-0.9630843925399274,0.010018711822792317,1.0,0.0,0.0,0.0,1.0,0.0,1.0,0.0,1.0,0.0,0.0,1.0,0.0
1.223003748120922,1.033746378161002,-0.2802701186150722,1.4161537044953887,1.0,0.0,0.0,0.0,1.0,0.0,0.0,1.0,1.0,0.0,0.0,0.0,1.0
-0.8519259909196091,1.033746378161002,1.1487454182358872,0.010018711822792317,1.0,0.0,0.0,0.0,1.0,0.0,0.0,1.0,1.0,0.0,0.0,1.0,0.0
-0.7180595561428006,-1.1900138788288195,-0.8387175153855766,0.010018711822792317,0.0,0.0,1.0,0.0,1.0,0.0,1.0,0.0,1.0,0.0,0.0,1.0,0.0
-0.1156605996471626,1.3238020638553265,0.4908045197419026,1.4161537044953887,0.0,0.0,1.0,0.0,1.0,0.0,0.0,1.0,1.0,0.0,0.0,1.0,0.0
0.8883376611789008,0.7920333067490648,1.444551366908386,-1.3961162808498042,1.0,0.0,0.0,0.0,0.0,1.0,0.0,1.0,1.0,0.0,0.0,1.0,0.0
-1.1865920778616301,0.30860716392519066,1.5172993036524365,2.8222886971679855,0.0,1.0,0.0,0.0,0.0,1.0,0.0,1.0,0.0,1.0,1.0,0.0,0.0
0.4198051394600712,-1.4800695645231439,0.18537016767680883,0.010018711822792317,0.0,1.0,0.0,0.0,1.0,0.0,1.0,0.0,1.0,0.0,0.0,0.0,1.0
1.289936965509326,-1.2866991073935943,-1.61407144413926,-0.6930487845135059,1.0,0.0,0.0,0.0,0.0,1.0,0.0,1.0,1.0,0.0,0.0,0.0,1.0
-1.454324947415247,0.06689409251325355,0.4790364711509533,0.010018711822792317,1.0,0.0,0.0,0.0,1.0,0.0,0.0,1.0,1.0,0.0,0.0,1.0,0.0
-0.048727382258758375,0.5019776210547403,-0.16098489880681333,0.010018711822792317,1.0,0.0,0.0,1.0,0.0,0.0,1.0,0.0,0.0,1.0,1.0,0.0,0.0
-0.8519259909196091,-1.0933286502640445,-1.1409423996531387,0.010018711822792317,1.0,0.0,0.0,1.0,0.0,0.0,1.0,0.0,1.0,0.0,0.0,1.0,0.0
0.4867383568484754,0.4052923924899655,-1.6485732229627255,-0.6930487845135059,0.0,1.0,0.0,0.0,1.0,0.0,0.0,1.0,1.0,0.0,0.0,0.0,1.0
1.1560705307325176,-0.8999581931344949,1.196887435198862,-1.3961162808498042,1.0,0.0,0.0,1.0,0.0,0.0,0.0,1.0,1.0,0.0,0.0,1.0,0.0
-1.722057816968864,-1.141671264546432,1.479053145731851,2.119221200831687,1.0,0.0,0.0,1.0,0.0,0.0,1.0,0.0,0.0,1.0,0.0,1.0,0.0
-0.24952703442397103,-1.4800695645231439,-1.1149992016230914,0.7130862081590905,1.0,0.0,0.0,1.0,0.0,0.0,1.0,0.0,0.0,1.0,1.0,0.0,0.0
-0.1156605996471626,-1.6250974073703062,-1.4089329607470298,-0.6930487845135059,0.0,1.0,0.0,0.0,0.0,1.0,0.0,1.0,0.0,1.0,1.0,0.0,0.0
-0.5172599039775879,-0.5132172788753955,0.8478578122172966,0.7130862081590905,0.0,1.0,0.0,1.0,0.0,0.0,1.0,0.0,1.0,0.0,0.0,1.0,0.0
0.7544712264020923,0.5986628496195152,0.34584355755339047,0.010018711822792317,0.0,1.0,0.0,1.0,0.0,0.0,1.0,0.0,1.0,0.0,0.0,0.0,1.0
1.557669835062943,0.5986628496195152,0.7205489229152084,1.4161537044953887,1.0,0.0,0.0,0.0,1.0,0.0,1.0,0.0,1.0,0.0,0.0,1.0,0.0
-0.1156605996471626,1.033746378161002,1.4544472259507755,-1.3961162808498042,1.0,0.0,0.0,0.0,1.0,0.0,1.0,0.0,0.0,1.0,1.0,0.0,0.0
-1.6551245995804598,0.8887185353138397,0.25865301572044763,-1.3961162808498042,0.0,1.0,0.0,1.0,0.0,0.0,1.0,0.0,0.0,1.0,1.0,0.0,0.0
-0.048727382258758375,-0.6582451217225578,0.8933252726823282,0.7130862081590905,0.0,0.0,1.0,0.0,1.0,0.0,1.0,0.0,1.0,0.0,0.0,1.0,0.0
-0.3833934692007795,-1.0449860359816572,-0.7731908811859723,0.010018711822792317,0.0,0.0,1.0,1.0,0.0,0.0,1.0,0.0,0.0,1.0,0.0,1.0,0.0
0.7544712264020923,-0.07813375033390871,-1.1690252428815404,-1.3961162808498042,0.0,0.0,1.0,0.0,1.0,0.0,1.0,0.0,1.0,0.0,0.0,1.0,0.0
1.4907366176745387,-0.22316159318107098,1.5881750508479269,-1.3961162808498042,0.0,1.0,0.0,0.0,1.0,0.0,0.0,1.0,0.0,1.0,0.0,0.0,1.0
-0.3833934692007795,0.1635793210780284,0.6590341234625189,0.7130862081590905,1.0,0.0,0.0,0.0,0.0,1.0,1.0,0.0,1.0,0.0,1.0,0.0,0.0
-1.454324947415247,1.1304316067257767,-0.37601924124143293,0.010018711822792317,0.0,1.0,0.0,0.0,0.0,1.0,1.0,0.0,0.0,1.0,0.0,0.0,1.0
-0.24952703442397103,-1.5767547930879187,-1.5801045766153838,-1.3961162808498042,0.0,1.0,0.0,0.0,0.0,1.0,1.0,0.0,0.0,1.0,0.0,1.0,0.0
0.8214044437904965,-0.6099025074401704,1.1717466041181976,0.7130862081590905,0.0,0.0,1.0,1.0,0.0,0.0,1.0,0.0,1.0,0.0,0.0,1.0,0.0
-0.8519259909196091,0.8403759210314523,1.4980424968672468,0.010018711822792317,1.0,0.0,0.0,0.0,0.0,1.0,0.0,1.0,1.0,0.0,0.0,0.0,1.0
-1.5881913821920555,-0.2715042074634584,0.3185630812743717,-0.6930487845135059,0.0,1.0,0.0,1.0,0.0,0.0,1.0,0.0,1.0,0.0,1.0,0.0,0.0
0.6206047916252838,-0.8516155788521075,0.8171004124909517,-0.6930487845135059,1.0,0.0,0.0,0.0,1.0,0.0,1.0,0.0,1.0,0.0,1.0,0.0,0.0
1.6915362698397514,-1.4800695645231439,0.7665512946798289,-0.6930487845135059,0.0,0.0,1.0,0.0,0.0,1.0,1.0,0.0,1.0,0.0,0.0,1.0,0.0
0.35287192207166695,-0.22316159318107098,-0.5709944099414794,0.010018711822792317,0.0,1.0,0.0,0.0,0.0,1.0,1.0,0.0,1.0,0.0,1.0,0.0,0.0
1.4238034002861346,-0.6582451217225578,-0.4701636299690274,0.010018711822792317,0.0,1.0,0.0,1.0,0.0,0.0,0.0,1.0,0.0,1.0,1.0,0.0,0.0
0.4867383568484754,-0.4165320503106206,-0.5212476590797391,0.7130862081590905,0.0,1.0,0.0,0.0,1.0,0.0,0.0,1.0,1.0,0.0,0.0,0.0,1.0
0.35287192207166695,1.4688299067024888,-0.6793139481081721,1.4161537044953887,0.0,1.0,0.0,0.0,1.0,0.0,1.0,0.0,1.0,0.0,0.0,1.0,0.0
-1.119658860473226,-0.9483008074168823,-1.6247696701310324,0.7130862081590905,0.0,0.0,1.0,1.0,0.0,0.0,1.0,0.0,0.0,1.0,1.0,0.0,0.0
0.6875380090136881,-0.5132172788753955,0.5793323398238169,-0.6930487845135059,0.0,1.0,0.0,0.0,0.0,1.0,1.0,0.0,1.0,0.0,0.0,1.0,0.0
0.6206047916252838,-0.8999581931344949,1.7465087955261538,-0.6930487845135059,0.0,0.0,1.0,0.0,1.0,0.0,1.0,0.0,0.0,1.0,0.0,0.0,1.0
-1.2535252952500344,1.3721446781377138,0.8088092873473286,2.8222886971679855,0.0,1.0,0.0,0.0,0.0,1.0,1.0,0.0,1.0,0.0,0.0,1.0,0.0
0.08513905251805007,1.3238020638553265,-1.4092004163968244,-1.3961162808498042,1.0,0.0,0.0,0.0,0.0,1.0,0.0,1.0,1.0,0.0,0.0,1.0,0.0
0.6875380090136881,-0.80327296456972,1.5552780059232272,-0.6930487845135059,0.0,0.0,1.0,1.0,0.0,0.0,0.0,1.0,1.0,0.0,0.0,0.0,1.0
-0.31646025181237525,1.710542978114426,-0.9970512600638037,-0.6930487845135059,0.0,1.0,0.0,0.0,1.0,0.0,1.0,0.0,1.0,0.0,1.0,0.0,0.0
1.4238034002861346,1.6622003638320384,1.1356400913959666,-0.6930487845135059,0.0,0.0,1.0,0.0,0.0,1.0,1.0,0.0,0.0,1.0,0.0,1.0,0.0
1.4907366176745387,0.7436906924666774,0.3792755137776783,0.010018711822792317,1.0,0.0,0.0,0.0,1.0,0.0,1.0,0.0,0.0,1.0,0.0,1.0,0.0
0.4867383568484754,1.3721446781377138,1.169874414569637,-1.3961162808498042,1.0,0.0,0.0,0.0,1.0,0.0,1.0,0.0,1.0,0.0,0.0,1.0,0.0
-0.6511263387543964,-1.2866991073935943,0.7908897588111102,0.010018711822792317,0.0,0.0,1.0,1.0,0.0,0.0,1.0,0.0,0.0,1.0,0.0,0.0,1.0
-0.45032668658918373,0.8403759210314523,-1.6274442266289753,2.119221200831687,0.0,1.0,0.0,1.0,0.0,0.0,1.0,0.0,1.0,0.0,1.0,0.0,0.0
-0.45032668658918373,-0.7065877360049452,1.6558413302458854,-0.6930487845135059,1.0,0.0,0.0,1.0,0.0,0.0,1.0,0.0,1.0,0.0,0.0,1.0,0.0
0.018205835129645846,0.7920333067490648,1.2391454278663614,4.228423689840582,0.0,0.0,1.0,0.0,0.0,1.0,1.0,0.0,0.0,1.0,0.0,0.0,1.0
0.955270878567305,0.06689409251325355,-1.6453637551651936,-0.6930487845135059,1.0,0.0,0.0,1.0,0.0,0.0,1.0,0.0,1.0,0.0,0.0,0.0,1.0
0.4198051394600712,0.4052923924899655,-0.14172809202162356,2.119221200831687,0.0,1.0,0.0,1.0,0.0,0.0,0.0,1.0,1.0,0.0,1.0,0.0,0.0
0.955270878567305,-0.22316159318107098,1.1663974911223112,-1.3961162808498042,0.0,0.0,1.0,0.0,1.0,0.0,1.0,0.0,1.0,0.0,1.0,0.0,0.0
-1.722057816968864,1.4688299067024888,-1.4835530870396405,0.7130862081590905,1.0,0.0,0.0,0.0,1.0,0.0,1.0,0.0,1.0,0.0,0.0,0.0,1.0
-0.18259381703556682,-1.721782635935081,-0.4907577150031886,-0.6930487845135059,0.0,1.0,0.0,1.0,0.0,0.0,1.0,0.0,0.0,1.0,0.0,0.0,1.0
1.223003748120922,-0.8999581931344949,-1.2230512841399896,0.7130862081590905,1.0,0.0,0.0,0.0,1.0,0.0,1.0,0.0,1.0,0.0,1.0,0.0,0.0
0.8214044437904965,-0.9966434216992697,-0.40035770537271437,0.010018711822792317,0.0,1.0,0.0,1.0,0.0,0.0,1.0,0.0,1.0,0.0,0.0,1.0,0.0
1.3568701828977303,0.9854037638786145,-1.4097353276964129,1.4161537044953887,0.0,1.0,0.0,1.0,0.0,0.0,0.0,1.0,0.0,1.0,1.0,0.0,0.0
0.7544712264020923,0.5986628496195152,0.461919309564118,0.7130862081590905,0.0,0.0,1.0,1.0,0.0,0.0,1.0,0.0,1.0,0.0,1.0,0.0,0.0
-0.24952703442397103,1.517172520984876,-1.7071460102676776,-0.6930487845135059,0.0,0.0,1.0,0.0,0.0,1.0,1.0,0.0,1.0,0.0,0.0,0.0,1.0
0.08513905251805007,1.6138577495496509,0.32150509342210903,0.010018711822792317,1.0,0.0,0.0,1.0,0.0,0.0,0.0,1.0,0.0,1.0,0.0,1.0,0.0
-0.5172599039775879,-1.4800695645231439,0.8684518972514579,-0.6930487845135059,0.0,0.0,1.0,0.0,1.0,0.0,1.0,0.0,1.0,0.0,0.0,1.0,0.0
-0.8519259909196091,1.275459449572939,0.4827808502480732,0.010018711822792317,1.0,0.0,0.0,0.0,1.0,0.0,1.0,0.0,0.0,1.0,0.0,0.0,1.0
-0.6511263387543964,1.1304316067257767,0.23912875328546343,-0.6930487845135059,1.0,0.0,0.0,0.0,1.0,0.0,1.0,0.0,1.0,0.0,0.0,1.0,0.0
0.8883376611789008,1.033746378161002,-0.34472693021549944,-0.6930487845135059,1.0,0.0,0.0,0.0,1.0,0.0,0.0,1.0,1.0,0.0,0.0,1.0,0.0
-0.5841931213659922,-0.9966434216992697,1.5007170533651897,0.010018711822792317,1.0,0.0,0.0,0.0,1.0,0.0,0.0,1.0,1.0,0.0,1.0,0.0,0.0
0.35287192207166695,-0.17481897889868356,-0.16954347960023083,-1.3961162808498042,1.0,0.0,0.0,1.0,0.0,0.0,1.0,0.0,1.0,0.0,1.0,0.0,0.0
-1.6551245995804598,0.1635793210780284,-0.5782157124859256,-0.6930487845135059,1.0,0.0,0.0,0.0,1.0,0.0,1.0,0.0,0.0,1.0,0.0,1.0,0.0
0.955270878567305,0.2602645496428032,1.4563194154993353,0.7130862081590905,1.0,0.0,0.0,0.0,1.0,0.0,1.0,0.0,0.0,1.0,0.0,1.0,0.0
-0.9188592083080133,-1.4800695645231439,1.6197348175236548,-1.3961162808498042,0.0,0.0,1.0,1.0,0.0,0.0,1.0,0.0,1.0,0.0,0.0,1.0,0.0
-1.2535252952500344,1.3721446781377138,1.5004495977153955,-0.6930487845135059,0.0,0.0,1.0,1.0,0.0,0.0,1.0,0.0,1.0,0.0,0.0,0.0,1.0
0.08513905251805007,-0.07813375033390871,1.5132874689055218,0.7130862081590905,0.0,1.0,0.0,0.0,1.0,0.0,1.0,0.0,1.0,0.0,0.0,1.0,0.0
-1.5881913821920555,0.9854037638786145,-1.3677447906787072,0.7130862081590905,1.0,0.0,0.0,0.0,1.0,0.0,1.0,0.0,0.0,1.0,0.0,0.0,1.0
1.4238034002861346,1.033746378161002,-1.5790347540162064,0.7130862081590905,1.0,0.0,0.0,1.0,0.0,0.0,0.0,1.0,1.0,0.0,0.0,0.0,1.0
-0.1156605996471626,-0.22316159318107098,1.306276795964732,-1.3961162808498042,1.0,0.0,0.0,0.0,1.0,0.0,0.0,1.0,1.0,0.0,0.0,0.0,1.0
1.289936965509326,-0.9966434216992697,-0.4549186579307519,1.4161537044953887,0.0,1.0,0.0,0.0,1.0,0.0,0.0,1.0,1.0,0.0,0.0,0.0,1.0
0.4198051394600712,0.2602645496428032,0.7071761404254933,0.7130862081590905,1.0,0.0,0.0,1.0,0.0,0.0,1.0,0.0,1.0,0.0,0.0,0.0,1.0
-0.6511263387543964,0.2602645496428032,-0.9341991823621425,-0.6930487845135059,1.0,0.0,0.0,0.0,1.0,0.0,1.0,0.0,0.0,1.0,1.0,0.0,0.0
-0.45032668658918373,1.5655151352672636,1.0562057634070587,-0.6930487845135059,0.0,1.0,0.0,0.0,1.0,0.0,1.0,0.0,1.0,0.0,0.0,0.0,1.0
1.3568701828977303,0.8887185353138397,-0.8277518337440101,0.7130862081590905,1.0,0.0,0.0,0.0,0.0,1.0,1.0,0.0,0.0,1.0,0.0,0.0,1.0
-0.8519259909196091,1.517172520984876,-0.07165471177551612,0.010018711822792317,1.0,0.0,0.0,1.0,0.0,0.0,1.0,0.0,1.0,0.0,0.0,0.0,1.0
0.4867383568484754,1.3238020638553265,-0.9879577679707975,-1.3961162808498042,0.0,1.0,0.0,0.0,0.0,1.0,0.0,1.0,0.0,1.0,0.0,0.0,1.0
0.15207226990645428,0.01855147823086613,0.7178743664172655,0.010018711822792317,1.0,0.0,0.0,1.0,0.0,0.0,1.0,0.0,1.0,0.0,0.0,1.0,0.0
-0.31646025181237525,0.69534807818429,-0.5867742932793434,0.010018711822792317,1.0,0.0,0.0,0.0,1.0,0.0,0.0,1.0,1.0,0.0,1.0,0.0,0.0
1.6915362698397514,-1.383384335958369,0.00537251536524296,-0.6930487845135059,0.0,1.0,0.0,0.0,1.0,0.0,1.0,0.0,1.0,0.0,0.0,0.0,1.0
-0.31646025181237525,1.5655151352672636,0.14097252981095465,-0.6930487845135059,1.0,0.0,0.0,0.0,0.0,1.0,1.0,0.0,0.0,1.0,0.0,1.0,0.0
-0.3833934692007795,-0.7065877360049452,-1.2449826474231225,1.4161537044953887,1.0,0.0,0.0,0.0,1.0,0.0,0.0,1.0,0.0,1.0,0.0,0.0,1.0
1.1560705307325176,0.21192193536041581,-1.6092572424429628,-0.6930487845135059,0.0,1.0,0.0,0.0,1.0,0.0,1.0,0.0,1.0,0.0,0.0,0.0,1.0
0.08513905251805007,-1.6250974073703062,1.5028566985635443,-1.3961162808498042,1.0,0.0,0.0,0.0,1.0,0.0,1.0,0.0,1.0,0.0,1.0,0.0,0.0
0.08513905251805007,1.4688299067024888,0.5592731660892442,0.7130862081590905,1.0,0.0,0.0,0.0,1.0,0.0,0.0,1.0,1.0,0.0,1.0,0.0,0.0
-0.9188592083080133,1.3238020638553265,0.4648613217118553,-0.6930487845135059,0.0,0.0,1.0,0.0,1.0,0.0,1.0,0.0,1.0,0.0,0.0,0.0,1.0
0.15207226990645428,0.6470054639019026,-0.9494441544004177,0.010018711822792317,1.0,0.0,0.0,0.0,1.0,0.0,0.0,1.0,1.0,0.0,0.0,1.0,0.0
1.1560705307325176,0.06689409251325355,-1.5116359302680422,-0.6930487845135059,0.0,1.0,0.0,0.0,1.0,0.0,1.0,0.0,0.0,1.0,1.0,0.0,0.0
-1.5212581648036514,1.3721446781377138,0.37472876773117514,0.7130862081590905,1.0,0.0,0.0,0.0,1.0,0.0,1.0,0.0,1.0,0.0,0.0,0.0,1.0
-1.3204585126384387,0.5986628496195152,1.3865134909030228,1.4161537044953887,0.0,0.0,1.0,0.0,1.0,0.0,1.0,0.0,1.0,0.0,1.0,0.0,0.0
1.6246030524513473,1.1787742210081642,-0.2642227796274142,0.010018711822792317,0.0,0.0,1.0,1.0,0.0,0.0,1.0,0.0,1.0,0.0,1.0,0.0,0.0
0.955270878567305,-1.141671264546432,0.779121710220161,0.010018711822792317,0.0,1.0,0.0,1.0,0.0,0.0,1.0,0.0,0.0,1.0,1.0,0.0,0.0
1.289936965509326,-0.4165320503106206,-0.6948263757962416,0.010018711822792317,0.0,0.0,1.0,1.0,0.0,0.0,1.0,0.0,1.0,0.0,1.0,0.0,0.0
0.4867383568484754,-1.721782635935081,-0.07646891347181374,0.010018711822792317,1.0,0.0,0.0,0.0,1.0,0.0,1.0,0.0,1.0,0.0,0.0,0.0,1.0
0.35287192207166695,0.7920333067490648,-1.280821704495559,2.119221200831687,1.0,0.0,0.0,0.0,1.0,0.0,1.0,0.0,0.0,1.0,1.0,0.0,0.0
-1.5212581648036514,0.69534807818429,-0.3252026677805152,0.7130862081590905,0.0,1.0,0.0,0.0,0.0,1.0,0.0,1.0,0.0,1.0,0.0,1.0,0.0
-0.6511263387543964,0.8887185353138397,-0.25539674318420225,-1.3961162808498042,1.0,0.0,0.0,0.0,1.0,0.0,1.0,0.0,1.0,0.0,0.0,1.0,0.0
-0.6511263387543964,-1.4800695645231439,-1.3257542536610016,-1.3961162808498042,0.0,1.0,0.0,0.0,1.0,0.0,1.0,0.0,0.0,1.0,0.0,0.0,1.0
-0.8519259909196091,0.2602645496428032,0.3362151541607956,-1.3961162808498042,0.0,0.0,1.0,0.0,1.0,0.0,1.0,0.0,0.0,1.0,0.0,0.0,1.0
1.1560705307325176,1.710542978114426,1.2640188032972317,0.7130862081590905,1.0,0.0,0.0,1.0,0.0,0.0,1.0,0.0,0.0,1.0,0.0,0.0,1.0
1.223003748120922,-1.3350417216759816,0.4094980022044344,0.010018711822792317,1.0,0.0,0.0,0.0,1.0,0.0,1.0,0.0,1.0,0.0,0.0,1.0,0.0
-0.1156605996471626,-1.4317269502407566,-0.7948547888193109,0.010018711822792317,1.0,0.0,0.0,1.0,0.0,0.0,1.0,0.0,0.0,1.0,1.0,0.0,0.0
1.223003748120922,1.5655151352672636,0.21131336570685616,-0.6930487845135059,1.0,0.0,0.0,0.0,1.0,0.0,0.0,1.0,1.0,0.0,0.0,0.0,1.0
0.955270878567305,-0.80327296456972,0.3014459196875363,0.010018711822792317,0.0,1.0,0.0,0.0,0.0,1.0,1.0,0.0,0.0,1.0,0.0,1.0,0.0
-1.5881913821920555,-1.0449860359816572,-1.331370822306682,0.010018711822792317,0.0,1.0,0.0,0.0,1.0,0.0,1.0,0.0,1.0,0.0,0.0,0.0,1.0
-1.5881913821920555,-0.9966434216992697,1.5146247471544936,-0.6930487845135059,0.0,1.0,0.0,0.0,0.0,1.0,1.0,0.0,1.0,0.0,0.0,0.0,1.0
0.15207226990645428,1.3238020638553265,-1.1682228759321573,0.010018711822792317,0.0,1.0,0.0,0.0,1.0,0.0,1.0,0.0,1.0,0.0,0.0,1.0,0.0
0.8883376611789008,-1.4800695645231439,0.37018202168467196,2.119221200831687,1.0,0.0,0.0,1.0,0.0,0.0,0.0,1.0,1.0,0.0,0.0,0.0,1.0
0.018205835129645846,-1.2383564931112068,0.7365962619028668,1.4161537044953887,0.0,0.0,1.0,0.0,0.0,1.0,0.0,1.0,1.0,0.0,0.0,1.0,0.0
0.6875380090136881,0.7920333067490648,1.60208274463723,0.010018711822792317,0.0,1.0,0.0,0.0,1.0,0.0,1.0,0.0,0.0,1.0,0.0,0.0,1.0
0.8214044437904965,-0.7065877360049452,-1.5747554636194976,0.010018711822792317,0.0,1.0,0.0,0.0,0.0,1.0,0.0,1.0,1.0,0.0,1.0,0.0,0.0
-0.9188592083080133,1.1304316067257767,-0.07085234482613317,0.010018711822792317,1.0,0.0,0.0,0.0,1.0,0.0,0.0,1.0,0.0,1.0,0.0,0.0,1.0
1.4907366176745387,-1.1900138788288195,-1.3621282220330269,1.4161537044953887,1.0,0.0,0.0,0.0,1.0,0.0,1.0,0.0,1.0,0.0,0.0,1.0,0.0
-0.3833934692007795,0.21192193536041581,-1.4271199449330427,0.010018711822792317,0.0,1.0,0.0,1.0,0.0,0.0,0.0,1.0,0.0,1.0,1.0,0.0,0.0
-0.3833934692007795,-1.4800695645231439,-0.344459474565705,-1.3961162808498042,1.0,0.0,0.0,1.0,0.0,0.0,0.0,1.0,0.0,1.0,1.0,0.0,0.0
0.8883376611789008,-1.2383564931112068,-0.29391035675458177,0.010018711822792317,1.0,0.0,0.0,0.0,0.0,1.0,0.0,1.0,1.0,0.0,0.0,1.0,0.0
-0.1156605996471626,-1.141671264546432,1.1000684899733244,0.7130862081590905,1.0,0.0,0.0,1.0,0.0,0.0,1.0,0.0,1.0,0.0,0.0,1.0,0.0
-0.7180595561428006,-1.0933286502640445,-0.37628669689122696,0.7130862081590905,1.0,0.0,0.0,0.0,1.0,0.0,0.0,1.0,1.0,0.0,0.0,0.0,1.0
0.08513905251805007,0.69534807818429,0.4661985999608267,-1.3961162808498042,0.0,0.0,1.0,1.0,0.0,0.0,1.0,0.0,0.0,1.0,1.0,0.0,0.0
-1.1865920778616301,0.5503202353371277,-0.4851411463575084,0.010018711822792317,1.0,0.0,0.0,0.0,1.0,0.0,1.0,0.0,1.0,0.0,1.0,0.0,0.0
1.3568701828977303,1.3238020638553265,0.8243217150353981,0.010018711822792317,1.0,0.0,0.0,0.0,1.0,0.0,1.0,0.0,1.0,0.0,0.0,0.0,1.0
1.4907366176745387,-0.5615598931577829,0.9489560478395431,0.7130862081590905,0.0,0.0,1.0,0.0,1.0,0.0,0.0,1.0,0.0,1.0,1.0,0.0,0.0
-1.5212581648036514,0.1635793210780284,0.29609680669165017,0.7130862081590905,1.0,0.0,0.0,1.0,0.0,0.0,1.0,0.0,1.0,0.0,0.0,0.0,1.0
-1.119658860473226,0.9854037638786145,0.6930009909863956,-0.6930487845135059,0.0,0.0,1.0,1.0,0.0,0.0,1.0,0.0,0.0,1.0,0.0,1.0,0.0
0.955270878567305,-0.9483008074168823,-1.0973471287366672,-0.6930487845135059,0.0,0.0,1.0,0.0,0.0,1.0,0.0,1.0,0.0,1.0,1.0,0.0,0.0
-0.5841931213659922,1.6138577495496509,-0.8742891168082189,0.010018711822792317,0.0,1.0,0.0,1.0,0.0,0.0,0.0,1.0,1.0,0.0,1.0,0.0,0.0
-1.5212581648036514,-1.4317269502407566,-0.5164334573834418,-0.6930487845135059,1.0,0.0,0.0,1.0,0.0,0.0,0.0,1.0,1.0,0.0,0.0,1.0,0.0
0.4198051394600712,0.5503202353371277,1.7039833472088595,0.7130862081590905,0.0,1.0,0.0,1.0,0.0,0.0,1.0,0.0,0.0,1.0,0.0,1.0,0.0
-0.3833934692007795,0.9854037638786145,-1.5116359302680422,-0.6930487845135059,1.0,0.0,0.0,0.0,0.0,1.0,1.0,0.0,1.0,0.0,0.0,0.0,1.0
-0.6511263387543964,0.11523670679564098,1.4913561056223892,0.7130862081590905,0.0,1.0,0.0,0.0,1.0,0.0,0.0,1.0,1.0,0.0,0.0,1.0,0.0
1.3568701828977303,1.517172520984876,-1.0521471239214302,0.7130862081590905,1.0,0.0,0.0,0.0,0.0,1.0,0.0,1.0,1.0,0.0,0.0,1.0,0.0
-1.0527256430848217,0.4536350067723529,1.6063620350339396,2.119221200831687,1.0,0.0,0.0,0.0,1.0,0.0,0.0,1.0,0.0,1.0,1.0,0.0,0.0
0.6875380090136881,1.4204872924201013,-0.6036239992163843,-0.6930487845135059,0.0,1.0,0.0,0.0,0.0,1.0,1.0,0.0,0.0,1.0,1.0,0.0,0.0
-0.7180595561428006,1.2271168352905517,-1.467238292402188,-0.6930487845135059,0.0,1.0,0.0,1.0,0.0,0.0,0.0,1.0,1.0,0.0,1.0,0.0,0.0
-0.9188592083080133,0.4052923924899655,1.1417915713412352,-0.6930487845135059,1.0,0.0,0.0,0.0,1.0,0.0,0.0,1.0,0.0,1.0,1.0,0.0,0.0
0.955270878567305,-1.3350417216759816,-0.8117044947563519,-0.6930487845135059,0.0,1.0,0.0,0.0,0.0,1.0,1.0,0.0,0.0,1.0,0.0,1.0,0.0
0.6206047916252838,-1.0933286502640445,-0.5715293212410681,1.4161537044953887,1.0,0.0,0.0,0.0,1.0,0.0,1.0,0.0,1.0,0.0,0.0,1.0,0.0
0.7544712264020923,0.7920333067490648,1.1048826916696215,0.7130862081590905,0.0,1.0,0.0,0.0,1.0,0.0,1.0,0.0,1.0,0.0,0.0,1.0,0.0
0.4198051394600712,0.4052923924899655,-0.29818964715129054,1.4161537044953887,0.0,0.0,1.0,0.0,1.0,0.0,1.0,0.0,1.0,0.0,0.0,0.0,1.0
1.3568701828977303,1.710542978114426,-0.06791033267839586,-0.6930487845135059,1.0,0.0,0.0,0.0,0.0,1.0,0.0,1.0,1.0,0.0,1.0,0.0,0.0
1.3568701828977303,0.01855147823086613,1.0706483684959507,-1.3961162808498042,1.0,0.0,0.0,0.0,1.0,0.0,1.0,0.0,1.0,0.0,0.0,1.0,0.0
-1.0527256430848217,0.8887185353138397,0.04415358458541693,-0.6930487845135059,0.0,1.0,0.0,0.0,0.0,1.0,0.0,1.0,1.0,0.0,0.0,1.0,0.0
0.8214044437904965,0.7920333067490648,-0.8740216611584244,0.010018711822792317,0.0,1.0,0.0,0.0,1.0,0.0,1.0,0.0,0.0,1.0,0.0,0.0,1.0
-1.0527256430848217,0.9854037638786145,1.555010550273433,-1.3961162808498042,1.0,0.0,0.0,0.0,1.0,0.0,0.0,1.0,1.0,0.0,1.0,0.0,0.0
-0.5841931213659922,0.8403759210314523,-0.29043343330725596,0.7130862081590905,1.0,0.0,0.0,0.0,0.0,1.0,1.0,0.0,1.0,0.0,1.0,0.0,0.0
0.8214044437904965,0.5986628496195152,-1.0002607278613354,-1.3961162808498042,0.0,1.0,0.0,0.0,1.0,0.0,0.0,1.0,1.0,0.0,0.0,1.0,0.0
-1.1865920778616301,-0.6582451217225578,-1.4744595949466341,0.7130862081590905,1.0,0.0,0.0,0.0,1.0,0.0,0.0,1.0,1.0,0.0,1.0,0.0,0.0
0.6206047916252838,0.35694977820757806,-0.8566370439217947,0.010018711822792317,0.0,1.0,0.0,0.0,0.0,1.0,1.0,0.0,1.0,0.0,1.0,0.0,0.0
1.289936965509326,0.06689409251325355,1.5146247471544936,0.010018711822792317,0.0,0.0,1.0,0.0,1.0,0.0,0.0,1.0,1.0,0.0,0.0,0.0,1.0
-1.3204585126384387,-1.6734400216526937,-0.24389615024304703,-0.6930487845135059,0.0,1.0,0.0,1.0,0.0,0.0,1.0,0.0,0.0,1.0,0.0,1.0,0.0
-0.1156605996471626,1.6622003638320384,-0.12380856348540523,-0.6930487845135059,1.0,0.0,0.0,0.0,1.0,0.0,1.0,0.0,1.0,0.0,1.0,0.0,0.0
1.3568701828977303,0.4052923924899655,-0.9788642758777911,0.7130862081590905,1.0,0.0,0.0,0.0,1.0,0.0,1.0,0.0,0.0,1.0,0.0,1.0,0.0
-0.9857924256964175,-1.141671264546432,-0.07218962307510499,-0.6930487845135059,1.0,0.0,0.0,0.0,0.0,1.0,0.0,1.0,1.0,0.0,0.0,0.0,1.0
-0.7849927735312048,0.01855147823086613,1.742764416429034,0.010018711822792317,1.0,0.0,0.0,0.0,1.0,0.0,0.0,1.0,1.0,0.0,0.0,1.0,0.0
0.5536715742368796,-0.80327296456972,-1.4774016070943714,1.4161537044953887,0.0,1.0,0.0,1.0,0.0,0.0,0.0,1.0,0.0,1.0,0.0,1.0,0.0
1.3568701828977303,0.7920333067490648,-0.740293836261273,-0.6930487845135059,0.0,1.0,0.0,0.0,1.0,0.0,1.0,0.0,1.0,0.0,0.0,0.0,1.0
1.0222040959557093,-1.1900138788288195,1.3859785796034338,0.7130862081590905,0.0,1.0,0.0,0.0,1.0,0.0,0.0,1.0,1.0,0.0,0.0,1.0,0.0
1.0222040959557093,-1.721782635935081,-0.6143222252081566,-0.6930487845135059,0.0,1.0,0.0,0.0,1.0,0.0,1.0,0.0,1.0,0.0,0.0,0.0,1.0
1.289936965509326,0.8403759210314523,-0.03447837645410801,-0.6930487845135059,1.0,0.0,0.0,1.0,0.0,0.0,1.0,0.0,1.0,0.0,0.0,0.0,1.0
-1.3873917300268428,1.0820889924433894,-0.004255888027351925,0.7130862081590905,0.0,1.0,0.0,0.0,1.0,0.0,1.0,0.0,0.0,1.0,0.0,1.0,0.0
-0.7849927735312048,-0.07813375033390871,0.7724353189753035,-0.6930487845135059,1.0,0.0,0.0,1.0,0.0,0.0,0.0,1.0,1.0,0.0,1.0,0.0,0.0
0.08513905251805007,-0.6099025074401704,0.7443524757469013,0.010018711822792317,1.0,0.0,0.0,0.0,1.0,0.0,1.0,0.0,0.0,1.0,1.0,0.0,0.0
-0.8519259909196091,1.6138577495496509,1.7465087955261538,-1.3961162808498042,1.0,0.0,0.0,0.0,1.0,0.0,0.0,1.0,1.0,0.0,0.0,0.0,1.0
-1.3873917300268428,-0.12647636461629613,0.8483927235168851,0.010018711822792317,1.0,0.0,0.0,0.0,1.0,0.0,1.0,0.0,1.0,0.0,0.0,1.0,0.0
0.955270878567305,1.4204872924201013,-1.5520217333869821,-1.3961162808498042,0.0,0.0,1.0,0.0,1.0,0.0,0.0,1.0,1.0,0.0,0.0,0.0,1.0
0.8883376611789008,-0.4165320503106206,1.681517072626138,-0.6930487845135059,1.0,0.0,0.0,0.0,0.0,1.0,1.0,0.0,0.0,1.0,0.0,1.0,0.0
0.08513905251805007,-0.5615598931577829,1.2407501617651273,-1.3961162808498042,1.0,0.0,0.0,0.0,0.0,1.0,1.0,0.0,0.0,1.0,0.0,1.0,0.0
-0.7849927735312048,0.2602645496428032,-1.1305116293111608,2.119221200831687,1.0,0.0,0.0,0.0,1.0,0.0,0.0,1.0,0.0,1.0,0.0,1.0,0.0
-0.5841931213659922,-0.80327296456972,-1.2824264383943247,-1.3961162808498042,1.0,0.0,0.0,1.0,0.0,0.0,1.0,0.0,0.0,1.0,1.0,0.0,0.0
-1.0527256430848217,-1.4317269502407566,1.5044614324623102,-0.6930487845135059,1.0,0.0,0.0,0.0,1.0,0.0,1.0,0.0,1.0,0.0,1.0,0.0,0.0
-0.6511263387543964,0.1635793210780284,-0.3273423129788696,-0.6930487845135059,1.0,0.0,0.0,0.0,1.0,0.0,0.0,1.0,0.0,1.0,0.0,0.0,1.0
0.8214044437904965,-1.2866991073935943,-1.3500927177922835,-1.3961162808498042,1.0,0.0,0.0,0.0,1.0,0.0,0.0,1.0,0.0,1.0,0.0,1.0,0.0
0.08513905251805007,0.8403759210314523,-0.7156879164801973,0.7130862081590905,1.0,0.0,0.0,0.0,1.0,0.0,0.0,1.0,1.0,0.0,0.0,0.0,1.0
-1.1865920778616301,1.4688299067024888,1.6713537579339546,-1.3961162808498042,1.0,0.0,0.0,0.0,1.0,0.0,0.0,1.0,1.0,0.0,1.0,0.0,0.0
1.6246030524513473,0.30860716392519066,1.0765323927914254,-0.6930487845135059,0.0,1.0,0.0,1.0,0.0,0.0,1.0,0.0,0.0,1.0,0.0,1.0,0.0
0.5536715742368796,0.11523670679564098,1.0647643442004762,-0.6930487845135059,1.0,0.0,0.0,0.0,0.0,1.0,0.0,1.0,0.0,1.0,1.0,0.0,0.0
-0.31646025181237525,0.9854037638786145,-1.5635223263281368,-1.3961162808498042,1.0,0.0,0.0,0.0,1.0,0.0,0.0,1.0,0.0,1.0,0.0,1.0,0.0
-1.5881913821920555,-1.2383564931112068,0.5346672463081683,2.8222886971679855,0.0,1.0,0.0,1.0,0.0,0.0,0.0,1.0,1.0,0.0,1.0,0.0,0.0
-1.3873917300268428,0.7920333067490648,-0.5589589057007359,0.010018711822792317,0.0,1.0,0.0,0.0,0.0,1.0,0.0,1.0,1.0,0.0,1.0,0.0,0.0
1.0891373133441133,0.2602645496428032,-0.8464737292296114,0.010018711822792317,1.0,0.0,0.0,1.0,0.0,0.0,0.0,1.0,1.0,0.0,1.0,0.0,0.0
1.0222040959557093,1.033746378161002,-0.48246658985956514,0.010018711822792317,1.0,0.0,0.0,0.0,1.0,0.0,1.0,0.0,0.0,1.0,1.0,0.0,0.0
1.289936965509326,-0.5615598931577829,-0.3062133166451199,1.4161537044953887,1.0,0.0,0.0,1.0,0.0,0.0,1.0,0.0,1.0,0.0,0.0,1.0,0.0
-1.0527256430848217,0.6470054639019026,-0.635986132841495,1.4161537044953887,0.0,1.0,0.0,1.0,0.0,0.0,1.0,0.0,1.0,0.0,0.0,1.0,0.0
1.557669835062943,1.275459449572939,-0.515631090434059,1.4161537044953887,1.0,0.0,0.0,1.0,0.0,0.0,0.0,1.0,1.0,0.0,0.0,0.0,1.0
-1.1865920778616301,1.6622003638320384,1.2739146623396211,-0.6930487845135059,1.0,0.0,0.0,0.0,1.0,0.0,0.0,1.0,1.0,0.0,1.0,0.0,0.0
1.3568701828977303,-0.7065877360049452,-0.5461210345106094,0.010018711822792317,0.0,0.0,1.0,1.0,0.0,0.0,1.0,0.0,1.0,0.0,1.0,0.0,0.0
0.6875380090136881,1.4204872924201013,0.8724637319983726,0.7130862081590905,0.0,1.0,0.0,1.0,0.0,0.0,1.0,0.0,1.0,0.0,0.0,1.0,0.0
-0.31646025181237525,-1.4317269502407566,-1.0074820304057814,-1.3961162808498042,1.0,0.0,0.0,1.0,0.0,0.0,1.0,0.0,0.0,1.0,0.0,0.0,1.0
0.5536715742368796,-1.5284121788055314,0.43517374458468766,-0.6930487845135059,0.0,1.0,0.0,0.0,1.0,0.0,1.0,0.0,1.0,0.0,0.0,1.0,0.0
0.15207226990645428,1.5655151352672636,-1.354104552539198,-1.3961162808498042,0.0,1.0,0.0,1.0,0.0,0.0,1.0,0.0,1.0,0.0,0.0,0.0,1.0
-0.7180595561428006,0.9854037638786145,0.9345134427506506,0.7130862081590905,1.0,0.0,0.0,0.0,0.0,1.0,1.0,0.0,0.0,1.0,0.0,0.0,1.0
0.7544712264020923,-0.7065877360049452,0.6758838293995602,0.010018711822792317,1.0,0.0,0.0,1.0,0.0,0.0,0.0,1.0,1.0,0.0,0.0,0.0,1.0
-0.3833934692007795,0.5019776210547403,-0.6319742980945805,0.010018711822792317,1.0,0.0,0.0,0.0,1.0,0.0,0.0,1.0,1.0,0.0,0.0,1.0,0.0
-0.5172599039775879,-0.9966434216992697,-1.47793651839396,0.7130862081590905,1.0,0.0,0.0,0.0,1.0,0.0,0.0,1.0,1.0,0.0,0.0,1.0,0.0
-1.119658860473226,0.2602645496428032,1.1966199795490673,0.010018711822792317,0.0,1.0,0.0,0.0,1.0,0.0,0.0,1.0,1.0,0.0,0.0,0.0,1.0
1.0891373133441133,-0.7065877360049452,0.3546695939966024,0.010018711822792317,1.0,0.0,0.0,0.0,1.0,0.0,0.0,1.0,1.0,0.0,0.0,0.0,1.0
-0.9857924256964175,-1.6734400216526937,1.183247197059352,0.7130862081590905,1.0,0.0,0.0,0.0,1.0,0.0,1.0,0.0,0.0,1.0,1.0,0.0,0.0
-1.1865920778616301,1.0820889924433894,-0.46026777092663806,0.010018711822792317,0.0,0.0,1.0,0.0,0.0,1.0,0.0,1.0,1.0,0.0,0.0,1.0,0.0
1.0891373133441133,0.5986628496195152,0.7258980359110945,-1.3961162808498042,1.0,0.0,0.0,0.0,1.0,0.0,1.0,0.0,1.0,0.0,0.0,0.0,1.0
-0.18259381703556682,0.5503202353371277,0.9580495399325495,2.8222886971679855,1.0,0.0,0.0,0.0,0.0,1.0,1.0,0.0,0.0,1.0,0.0,1.0,0.0
0.4198051394600712,-0.4165320503106206,-1.7170418693100669,-1.3961162808498042,1.0,0.0,0.0,0.0,0.0,1.0,1.0,0.0,1.0,0.0,1.0,0.0,0.0
-0.6511263387543964,0.35694977820757806,0.7930294040094646,0.7130862081590905,0.0,0.0,1.0,1.0,0.0,0.0,1.0,0.0,1.0,0.0,0.0,0.0,1.0
1.1560705307325176,-0.07813375033390871,1.369128873666393,3.5253561935042836,1.0,0.0,0.0,1.0,0.0,0.0,1.0,0.0,1.0,0.0,0.0,0.0,1.0
0.7544712264020923,0.11523670679564098,-0.445290254538157,1.4161537044953887,0.0,0.0,1.0,1.0,0.0,0.0,0.0,1.0,0.0,1.0,1.0,0.0,0.0
1.0222040959557093,1.1787742210081642,-1.560045402880811,2.119221200831687,0.0,1.0,0.0,0.0,1.0,0.0,1.0,0.0,0.0,1.0,1.0,0.0,0.0
-0.5841931213659922,-1.2383564931112068,-0.9759222637300538,-1.3961162808498042,1.0,0.0,0.0,1.0,0.0,0.0,0.0,1.0,1.0,0.0,0.0,0.0,1.0
0.8883376611789008,0.21192193536041581,0.0059074266648314585,0.010018711822792317,0.0,1.0,0.0,0.0,1.0,0.0,1.0,0.0,1.0,0.0,0.0,0.0,1.0
-0.3833934692007795,1.517172520984876,-0.8437991727316683,-0.6930487845135059,1.0,0.0,0.0,1.0,0.0,0.0,0.0,1.0,0.0,1.0,0.0,1.0,0.0
-0.7849927735312048,-0.22316159318107098,0.600728791807361,0.010018711822792317,0.0,1.0,0.0,0.0,1.0,0.0,0.0,1.0,1.0,0.0,1.0,0.0,0.0
-1.454324947415247,-1.1900138788288195,-1.6004312059997508,-1.3961162808498042,1.0,0.0,0.0,0.0,0.0,1.0,1.0,0.0,1.0,0.0,0.0,0.0,1.0
-1.1865920778616301,1.4688299067024888,0.423138240343944,0.010018711822792317,0.0,0.0,1.0,0.0,0.0,1.0,1.0,0.0,1.0,0.0,0.0,1.0,0.0
-1.0527256430848217,0.7436906924666774,-1.1626063072864772,-1.3961162808498042,1.0,0.0,0.0,0.0,1.0,0.0,0.0,1.0,1.0,0.0,0.0,0.0,1.0
-1.2535252952500344,-0.22316159318107098,-0.3038062157969711,0.010018711822792317,1.0,0.0,0.0,1.0,0.0,0.0,1.0,0.0,0.0,1.0,0.0,0.0,1.0
-1.0527256430848217,-0.5615598931577829,0.7649465607810629,-1.3961162808498042,0.0,1.0,0.0,1.0,0.0,0.0,0.0,1.0,0.0,1.0,0.0,0.0,1.0
-1.3873917300268428,0.4052923924899655,1.0310649323263938,2.8222886971679855,0.0,1.0,0.0,0.0,1.0,0.0,0.0,1.0,1.0,0.0,1.0,0.0,0.0
-1.6551245995804598,0.2602645496428032,1.7039833472088595,0.010018711822792317,1.0,0.0,0.0,0.0,1.0,0.0,1.0,0.0,1.0,0.0,1.0,0.0,0.0
0.4867383568484754,0.5986628496195152,-0.9863530340720316,-0.6930487845135059,1.0,0.0,0.0,1.0,0.0,0.0,1.0,0.0,0.0,1.0,0.0,0.0,1.0
-0.3833934692007795,0.8403759210314523,-1.1821305697214612,-1.3961162808498042,0.0,0.0,1.0,0.0,1.0,0.0,0.0,1.0,0.0,1.0,1.0,0.0,0.0
-0.048727382258758375,-0.6099025074401704,-0.7073967913365738,-1.3961162808498042,1.0,0.0,0.0,0.0,1.0,0.0,1.0,0.0,0.0,1.0,1.0,0.0,0.0
0.21900548729485853,-0.4165320503106206,-0.5560168935529985,-1.3961162808498042,0.0,1.0,0.0,0.0,1.0,0.0,0.0,1.0,1.0,0.0,0.0,1.0,0.0
1.289936965509326,-1.721782635935081,-0.15563578581092719,-0.6930487845135059,1.0,0.0,0.0,0.0,1.0,0.0,1.0,0.0,1.0,0.0,0.0,1.0,0.0
1.3568701828977303,0.2602645496428032,0.4980258222863487,0.7130862081590905,1.0,0.0,0.0,1.0,0.0,0.0,1.0,0.0,1.0,0.0,0.0,0.0,1.0
0.5536715742368796,-1.0449860359816572,0.2813867459529636,0.010018711822792317,1.0,0.0,0.0,0.0,1.0,0.0,1.0,0.0,1.0,0.0,1.0,0.0,0.0
-1.2535252952500344,0.11523670679564098,-0.9350015493115255,0.7130862081590905,0.0,0.0,1.0,0.0,0.0,1.0,0.0,1.0,1.0,0.0,0.0,1.0,0.0
-1.2535252952500344,-0.9483008074168823,-1.3696169802272675,-0.6930487845135059,0.0,0.0,1.0,0.0,0.0,1.0,0.0,1.0,1.0,0.0,0.0,1.0,0.0
1.1560705307325176,0.35694977820757806,1.6678768344866288,-0.6930487845135059,1.0,0.0,0.0,1.0,0.0,0.0,0.0,1.0,0.0,1.0,0.0,0.0,1.0
1.557669835062943,-1.4800695645231439,-1.27467022455029,-1.3961162808498042,1.0,0.0,0.0,1.0,0.0,0.0,0.0,1.0,1.0,0.0,0.0,0.0,1.0
-0.5841931213659922,-0.9483008074168823,1.6890058308203786,2.119221200831687,1.0,0.0,0.0,0.0,0.0,1.0,1.0,0.0,0.0,1.0,0.0,1.0,0.0
0.6206047916252838,-0.8999581931344949,1.1294886114506975,1.4161537044953887,1.0,0.0,0.0,1.0,0.0,0.0,1.0,0.0,1.0,0.0,0.0,0.0,1.0
-0.5841931213659922,-0.8516155788521075,-0.7715861472872064,-0.6930487845135059,0.0,0.0,1.0,0.0,1.0,0.0,0.0,1.0,0.0,1.0,1.0,0.0,0.0
-0.8519259909196091,-0.80327296456972,-0.9617471142909557,-0.6930487845135059,0.0,0.0,1.0,1.0,0.0,0.0,0.0,1.0,0.0,1.0,0.0,1.0,0.0
-0.5841931213659922,1.1787742210081642,1.0899051752811406,0.010018711822792317,0.0,0.0,1.0,1.0,0.0,0.0,0.0,1.0,1.0,0.0,0.0,1.0,0.0
-1.1865920778616301,-0.9966434216992697,-1.0339601397354174,-0.6930487845135059,1.0,0.0,0.0,0.0,1.0,0.0,1.0,0.0,1.0,0.0,0.0,0.0,1.0
-0.6511263387543964,0.11523670679564098,1.3116259089606177,0.010018711822792317,1.0,0.0,0.0,1.0,0.0,0.0,0.0,1.0,1.0,0.0,0.0,0.0,1.0
-0.3833934692007795,-0.9483008074168823,-0.9111979964798325,-0.6930487845135059,1.0,0.0,0.0,0.0,0.0,1.0,1.0,0.0,1.0,0.0,1.0,0.0,0.0
-0.9188592083080133,0.9370611495962271,-0.3645186483002777,-0.6930487845135059,0.0,0.0,1.0,0.0,1.0,0.0,1.0,0.0,1.0,0.0,0.0,1.0,0.0
0.15207226990645428,1.033746378161002,0.9315714306029133,0.7130862081590905,0.0,0.0,1.0,0.0,1.0,0.0,1.0,0.0,1.0,0.0,0.0,1.0,0.0
1.223003748120922,1.0820889924433894,1.4426791773598262,1.4161537044953887,0.0,0.0,1.0,0.0,0.0,1.0,1.0,0.0,1.0,0.0,0.0,1.0,0.0
0.08513905251805007,-1.3350417216759816,-0.583832281131606,1.4161537044953887,1.0,0.0,0.0,0.0,0.0,1.0,1.0,0.0,0.0,1.0,1.0,0.0,0.0
-0.18259381703556682,-0.31984682174584583,-1.3238820641124416,-0.6930487845135059,1.0,0.0,0.0,0.0,1.0,0.0,1.0,0.0,1.0,0.0,1.0,0.0,0.0
-0.9188592083080133,-0.7065877360049452,-1.358651298585701,-0.6930487845135059,0.0,0.0,1.0,0.0,0.0,1.0,0.0,1.0,1.0,0.0,1.0,0.0,0.0
-1.454324947415247,-1.5767547930879187,-1.6047104963964598,0.7130862081590905,1.0,0.0,0.0,0.0,1.0,0.0,1.0,0.0,0.0,1.0,0.0,0.0,1.0
-0.7849927735312048,-1.6250974073703062,-0.7515269735526338,2.119221200831687,1.0,0.0,0.0,0.0,1.0,0.0,1.0,0.0,0.0,1.0,0.0,1.0,0.0
-0.5841931213659922,-1.721782635935081,-0.32680740167928113,0.010018711822792317,0.0,0.0,1.0,0.0,1.0,0.0,0.0,1.0,0.0,1.0,1.0,0.0,0.0
-1.1865920778616301,-0.31984682174584583,0.08293465380559091,0.010018711822792317,0.0,0.0,1.0,1.0,0.0,0.0,0.0,1.0,1.0,0.0,0.0,1.0,0.0
0.35287192207166695,1.5655151352672636,-0.47631510991429643,-0.6930487845135059,1.0,0.0,0.0,0.0,0.0,1.0,0.0,1.0,1.0,0.0,0.0,0.0,1.0
-1.454324947415247,-0.6099025074401704,1.6454105599039073,0.010018711822792317,1.0,0.0,0.0,1.0,0.0,0.0,0.0,1.0,0.0,1.0,0.0,1.0,0.0
1.289936965509326,-0.36818943602823323,1.2586696903013461,2.8222886971679855,0.0,0.0,1.0,0.0,1.0,0.0,0.0,1.0,1.0,0.0,0.0,1.0,0.0
-0.31646025181237525,-0.8999581931344949,-0.07085234482613317,0.010018711822792317,1.0,0.0,0.0,1.0,0.0,0.0,0.0,1.0,1.0,0.0,0.0,0.0,1.0
-1.454324947415247,-1.5767547930879187,-0.6961636540452131,0.7130862081590905,0.0,0.0,1.0,0.0,0.0,1.0,0.0,1.0,1.0,0.0,0.0,0.0,1.0
1.0222040959557093,-1.141671264546432,-0.7994015348658139,2.119221200831687,1.0,0.0,0.0,0.0,0.0,1.0,1.0,0.0,0.0,1.0,0.0,1.0,0.0
1.4907366176745387,0.4052923924899655,0.38221752592541564,0.7130862081590905,0.0,0.0,1.0,0.0,1.0,0.0,1.0,0.0,0.0,1.0,1.0,0.0,0.0
1.6246030524513473,0.69534807818429,-1.6424217430174564,-0.6930487845135059,0.0,1.0,0.0,0.0,0.0,1.0,1.0,0.0,0.0,1.0,0.0,0.0,1.0
1.4907366176745387,-0.4648746645930081,1.2166791532836398,0.010018711822792317,1.0,0.0,0.0,0.0,1.0,0.0,1.0,0.0,1.0,0.0,0.0,0.0,1.0
-0.45032668658918373,0.21192193536041581,-1.7138324015125352,-0.6930487845135059,1.0,0.0,0.0,0.0,0.0,1.0,0.0,1.0,0.0,1.0,0.0,1.0,0.0
-1.6551245995804598,1.5655151352672636,-1.6680974853977093,1.4161537044953887,1.0,0.0,0.0,1.0,0.0,0.0,0.0,1.0,0.0,1.0,1.0,0.0,0.0
1.289936965509326,-0.7065877360049452,1.3760827205610446,-1.3961162808498042,1.0,0.0,0.0,1.0,0.0,0.0,1.0,0.0,1.0,0.0,0.0,0.0,1.0
-1.3204585126384387,1.1304316067257767,-0.6913494523489156,-1.3961162808498042,0.0,0.0,1.0,0.0,1.0,0.0,0.0,1.0,0.0,1.0,1.0,0.0,0.0
-0.9188592083080133,-0.17481897889868356,0.21586011175335934,-0.6930487845135059,1.0,0.0,0.0,1.0,0.0,0.0,0.0,1.0,0.0,1.0,0.0,0.0,1.0
1.223003748120922,-0.12647636461629613,0.31802816997478284,-0.6930487845135059,0.0,1.0,0.0,0.0,0.0,1.0,1.0,0.0,0.0,1.0,0.0,1.0,0.0
1.223003748120922,1.033746378161002,0.686582055391332,-1.3961162808498042,0.0,0.0,1.0,1.0,0.0,0.0,1.0,0.0,1.0,0.0,0.0,0.0,1.0
-1.1865920778616301,-0.12647636461629613,1.03641404532228,0.7130862081590905,1.0,0.0,0.0,0.0,0.0,1.0,0.0,1.0,1.0,0.0,0.0,0.0,1.0
-0.5841931213659922,0.06689409251325355,-1.6779933444400985,-0.6930487845135059,0.0,0.0,1.0,0.0,1.0,0.0,1.0,0.0,1.0,0.0,0.0,0.0,1.0
-1.119658860473226,1.5655151352672636,-1.4966584138795613,-1.3961162808498042,1.0,0.0,0.0,0.0,1.0,0.0,0.0,1.0,1.0,0.0,0.0,0.0,1.0
-0.7180595561428006,-0.5615598931577829,-0.43058019379947043,2.119221200831687,1.0,0.0,0.0,0.0,1.0,0.0,0.0,1.0,1.0,0.0,0.0,1.0,0.0
1.3568701828977303,0.2602645496428032,-1.152710448244088,-0.6930487845135059,1.0,0.0,0.0,0.0,1.0,0.0,1.0,0.0,1.0,0.0,1.0,0.0,0.0
-0.6511263387543964,0.11523670679564098,-0.9023719600366206,-0.6930487845135059,0.0,1.0,0.0,0.0,0.0,1.0,1.0,0.0,0.0,1.0,0.0,1.0,0.0
1.1560705307325176,-1.6734400216526937,-0.5760760672875713,0.010018711822792317,1.0,0.0,0.0,1.0,0.0,0.0,1.0,0.0,0.0,1.0,0.0,0.0,1.0
0.955270878567305,-0.7065877360049452,-1.6552596142075828,-0.6930487845135059,1.0,0.0,0.0,0.0,1.0,0.0,0.0,1.0,1.0,0.0,1.0,0.0,0.0
-0.3833934692007795,-1.6250974073703062,-0.009605001023238056,-1.3961162808498042,0.0,1.0,0.0,0.0,1.0,0.0,1.0,0.0,1.0,0.0,0.0,0.0,1.0
0.6875380090136881,-0.12647636461629613,-1.1321163632099267,0.010018711822792317,1.0,0.0,0.0,1.0,0.0,0.0,1.0,0.0,0.0,1.0,0.0,1.0,0.0
1.6915362698397514,1.3238020638553265,0.670802172053468,-1.3961162808498042,1.0,0.0,0.0,0.0,1.0,0.0,1.0,0.0,1.0,0.0,0.0,1.0,0.0
-0.9857924256964175,-0.4648746645930081,1.199829447346599,-0.6930487845135059,1.0,0.0,0.0,0.0,0.0,1.0,1.0,0.0,0.0,1.0,0.0,0.0,1.0
-0.18259381703556682,1.3721446781377138,-0.7210370294760833,-1.3961162808498042,0.0,1.0,0.0,0.0,1.0,0.0,1.0,0.0,1.0,0.0,0.0,0.0,1.0
1.1560705307325176,1.5655151352672636,0.5269110324641333,2.119221200831687,0.0,0.0,1.0,1.0,0.0,0.0,1.0,0.0,0.0,1.0,0.0,0.0,1.0
-0.7180595561428006,-1.6734400216526937,0.025966600399404165,-0.6930487845135059,1.0,0.0,0.0,0.0,1.0,0.0,0.0,1.0,0.0,1.0,0.0,0.0,1.0
0.21900548729485853,-0.4648746645930081,-1.0845092575465407,-0.6930487845135059,1.0,0.0,0.0,0.0,0.0,1.0,1.0,0.0,1.0,0.0,0.0,1.0,0.0
-0.18259381703556682,0.4536350067723529,1.4239572818742245,1.4161537044953887,1.0,0.0,0.0,0.0,1.0,0.0,1.0,0.0,1.0,0.0,0.0,1.0,0.0
-1.3873917300268428,1.1787742210081642,-0.6964311096950075,-1.3961162808498042,1.0,0.0,0.0,0.0,1.0,0.0,1.0,0.0,0.0,1.0,1.0,0.0,0.0
-0.5841931213659922,1.6622003638320384,0.22147668039903953,-1.3961162808498042,0.0,0.0,1.0,0.0,0.0,1.0,1.0,0.0,0.0,1.0,0.0,1.0,0.0
1.1560705307325176,0.9370611495962271,-1.5153803093651625,0.7130862081590905,1.0,0.0,0.0,0.0,0.0,1.0,0.0,1.0,1.0,0.0,1.0,0.0,0.0
-0.5841931213659922,-0.31984682174584583,0.17707904253318538,-0.6930487845135059,0.0,1.0,0.0,0.0,1.0,0.0,0.0,1.0,1.0,0.0,0.0,0.0,1.0
0.5536715742368796,-1.383384335958369,-1.696180328626111,0.010018711822792317,0.0,1.0,0.0,0.0,1.0,0.0,0.0,1.0,1.0,0.0,0.0,0.0,1.0
1.223003748120922,-0.5615598931577829,0.1246577351735022,-0.6930487845135059,1.0,0.0,0.0,0.0,1.0,0.0,0.0,1.0,0.0,1.0,1.0,0.0,0.0
1.223003748120922,0.5503202353371277,-0.9563980012950698,0.7130862081590905,1.0,0.0,0.0,0.0,1.0,0.0,1.0,0.0,1.0,0.0,1.0,0.0,0.0
1.223003748120922,-1.0933286502640445,-1.649108134262314,1.4161537044953887,0.0,1.0,0.0,0.0,0.0,1.0,0.0,1.0,0.0,1.0,0.0,0.0,1.0
0.15207226990645428,-0.8516155788521075,0.31776071432498876,0.010018711822792317,1.0,0.0,0.0,1.0,0.0,0.0,0.0,1.0,0.0,1.0,0.0,0.0,1.0
-0.3833934692007795,0.2602645496428032,-0.20163815757554723,1.4161537044953887,0.0,1.0,0.0,0.0,0.0,1.0,1.0,0.0,1.0,0.0,0.0,0.0,1.0
1.557669835062943,-0.02979113605152129,-0.6004145314188527,-0.6930487845135059,0.0,1.0,0.0,0.0,1.0,0.0,0.0,1.0,1.0,0.0,1.0,0.0,0.0
-0.7849927735312048,-1.141671264546432,-0.568854764743125,-0.6930487845135059,0.0,1.0,0.0,0.0,0.0,1.0,1.0,0.0,0.0,1.0,0.0,1.0,0.0
-1.0527256430848217,-0.8516155788521075,1.121197486307074,0.010018711822792317,1.0,0.0,0.0,0.0,1.0,0.0,0.0,1.0,0.0,1.0,0.0,1.0,0.0
-0.5172599039775879,1.5655151352672636,-0.42656835905255613,-1.3961162808498042,1.0,0.0,0.0,0.0,1.0,0.0,0.0,1.0,1.0,0.0,1.0,0.0,0.0
-0.8519259909196091,-1.1900138788288195,-1.6472359447137537,0.7130862081590905,0.0,0.0,1.0,0.0,0.0,1.0,1.0,0.0,1.0,0.0,1.0,0.0,0.0
1.0891373133441133,0.7436906924666774,0.7868779240641955,-1.3961162808498042,1.0,0.0,0.0,1.0,0.0,0.0,1.0,0.0,1.0,0.0,1.0,0.0,0.0
-0.7180595561428006,-1.5284121788055314,-0.37976362033855315,-0.6930487845135059,0.0,1.0,0.0,1.0,0.0,0.0,1.0,0.0,1.0,0.0,0.0,1.0,0.0
1.6915362698397514,-0.8516155788521075,0.0628754800710182,-0.6930487845135059,1.0,0.0,0.0,0.0,0.0,1.0,0.0,1.0,1.0,0.0,1.0,0.0,0.0
-0.5841931213659922,-1.6250974073703062,-0.2936429011047873,1.4161537044953887,1.0,0.0,0.0,0.0,1.0,0.0,1.0,0.0,0.0,1.0,1.0,0.0,0.0
0.15207226990645428,-1.1900138788288195,1.570790433611297,0.7130862081590905,1.0,0.0,0.0,0.0,1.0,0.0,1.0,0.0,0.0,1.0,1.0,0.0,0.0
-0.048727382258758375,1.5655151352672636,-0.21099910531834806,0.010018711822792317,1.0,0.0,0.0,0.0,0.0,1.0,1.0,0.0,0.0,1.0,1.0,0.0,0.0
-1.6551245995804598,-0.12647636461629613,0.2011500510146728,0.7130862081590905,1.0,0.0,0.0,1.0,0.0,0.0,1.0,0.0,1.0,0.0,1.0,0.0,0.0
-1.2535252952500344,-0.7549303502873326,-1.1706299767803061,0.010018711822792317,1.0,0.0,0.0,0.0,0.0,1.0,1.0,0.0,1.0,0.0,0.0,1.0,0.0
-0.5841931213659922,1.275459449572939,1.5432425016824838,-0.6930487845135059,1.0,0.0,0.0,0.0,0.0,1.0,1.0,0.0,0.0,1.0,1.0,0.0,0.0
0.15207226990645428,-1.1900138788288195,-0.24683816239078435,0.010018711822792317,0.0,0.0,1.0,1.0,0.0,0.0,0.0,1.0,1.0,0.0,1.0,0.0,0.0
-0.6511263387543964,0.7436906924666774,1.0455075374152865,-1.3961162808498042,1.0,0.0,0.0,0.0,0.0,1.0,0.0,1.0,1.0,0.0,0.0,1.0,0.0
1.557669835062943,-1.1900138788288195,-0.29818964715129054,0.010018711822792317,0.0,1.0,0.0,0.0,0.0,1.0,0.0,1.0,1.0,0.0,0.0,1.0,0.0
-0.6511263387543964,-0.36818943602823323,1.464343084993165,1.4161537044953887,0.0,0.0,1.0,0.0,1.0,0.0,0.0,1.0,1.0,0.0,1.0,0.0,0.0
0.955270878567305,1.1304316067257767,-1.311044192922315,0.010018711822792317,1.0,0.0,0.0,1.0,0.0,0.0,0.0,1.0,1.0,0.0,1.0,0.0,0.0
-0.18259381703556682,0.06689409251325355,-0.3736121403932841,-0.6930487845135059,1.0,0.0,0.0,1.0,0.0,0.0,1.0,0.0,0.0,1.0,1.0,0.0,0.0
0.8214044437904965,-0.2715042074634584,-0.1465422937179208,-0.6930487845135059,0.0,1.0,0.0,0.0,0.0,1.0,1.0,0.0,0.0,1.0,0.0,0.0,1.0
0.4198051394600712,0.8887185353138397,-0.46107013787602097,0.7130862081590905,0.0,1.0,0.0,1.0,0.0,0.0,0.0,1.0,1.0,0.0,0.0,0.0,1.0
0.5536715742368796,-0.9483008074168823,1.5314744530915345,1.4161537044953887,0.0,1.0,0.0,1.0,0.0,0.0,1.0,0.0,1.0,0.0,0.0,1.0,0.0
1.4907366176745387,0.06689409251325355,0.19874295016652396,0.7130862081590905,0.0,0.0,1.0,0.0,1.0,0.0,1.0,0.0,1.0,0.0,0.0,0.0,1.0
1.1560705307325176,-0.4165320503106206,0.8002507065539107,0.010018711822792317,1.0,0.0,0.0,0.0,1.0,0.0,1.0,0.0,1.0,0.0,0.0,1.0,0.0
-0.18259381703556682,0.9854037638786145,0.2947595284426787,-1.3961162808498042,1.0,0.0,0.0,0.0,1.0,0.0,1.0,0.0,1.0,0.0,1.0,0.0,0.0
0.6206047916252838,1.4688299067024888,0.6590341234625189,0.010018711822792317,1.0,0.0,0.0,1.0,0.0,0.0,0.0,1.0,1.0,0.0,0.0,0.0,1.0
-1.6551245995804598,1.4204872924201013,-1.3886063313626629,0.010018711822792317,0.0,1.0,0.0,1.0,0.0,0.0,1.0,0.0,1.0,0.0,1.0,0.0,0.0
-0.3833934692007795,0.5019776210547403,-1.4075956824980584,0.010018711822792317,1.0,0.0,0.0,1.0,0.0,0.0,1.0,0.0,0.0,1.0,0.0,0.0,1.0
1.6915362698397514,1.4204872924201013,0.5020376570332634,-0.6930487845135059,0.0,0.0,1.0,0.0,1.0,0.0,0.0,1.0,1.0,0.0,0.0,0.0,1.0
-1.5881913821920555,0.4052923924899655,1.2455643634614249,-1.3961162808498042,1.0,0.0,0.0,0.0,1.0,0.0,0.0,1.0,0.0,1.0,0.0,0.0,1.0
0.08513905251805007,0.5503202353371277,1.3362318287416932,1.4161537044953887,0.0,1.0,0.0,1.0,0.0,0.0,1.0,0.0,1.0,0.0,1.0,0.0,0.0
-0.6511263387543964,1.1304316067257767,-0.9740500741814937,1.4161537044953887,1.0,0.0,0.0,1.0,0.0,0.0,0.0,1.0,0.0,1.0,0.0,0.0,1.0
-0.45032668658918373,-1.141671264546432,-0.3110275183414172,-1.3961162808498042,0.0,1.0,0.0,1.0,0.0,0.0,1.0,0.0,0.0,1.0,0.0,0.0,1.0
0.15207226990645428,-1.0449860359816572,-0.015756480968506747,0.010018711822792317,1.0,0.0,0.0,1.0,0.0,0.0,1.0,0.0,1.0,0.0,0.0,0.0,1.0
0.5536715742368796,1.1787742210081642,0.42447551859291544,1.4161537044953887,0.0,0.0,1.0,0.0,1.0,0.0,0.0,1.0,0.0,1.0,1.0,0.0,0.0
0.35287192207166695,-0.7065877360049452,0.16664827219120756,-1.3961162808498042,1.0,0.0,0.0,0.0,0.0,1.0,1.0,0.0,1.0,0.0,0.0,0.0,1.0
0.955270878567305,1.5655151352672636,0.2332447289899888,-0.6930487845135059,0.0,0.0,1.0,0.0,1.0,0.0,0.0,1.0,1.0,0.0,0.0,1.0,0.0
0.5536715742368796,-1.4317269502407566,0.7724353189753035,0.010018711822792317,0.0,1.0,0.0,0.0,1.0,0.0,1.0,0.0,0.0,1.0,0.0,1.0,0.0
-1.0527256430848217,0.6470054639019026,1.7457064285767707,0.7130862081590905,1.0,0.0,0.0,0.0,1.0,0.0,1.0,0.0,0.0,1.0,0.0,1.0,0.0
1.4907366176745387,-0.02979113605152129,0.9545726164852233,0.7130862081590905,0.0,0.0,1.0,1.0,0.0,0.0,1.0,0.0,1.0,0.0,0.0,1.0,0.0
-1.3204585126384387,0.2602645496428032,-1.5707436288725831,0.010018711822792317,1.0,0.0,0.0,0.0,1.0,0.0,1.0,0.0,1.0,0.0,0.0,1.0,0.0
0.8214044437904965,-0.36818943602823323,0.3586814287435171,3.5253561935042836,1.0,0.0,0.0,1.0,0.0,0.0,1.0,0.0,0.0,1.0,0.0,0.0,1.0
-1.5212581648036514,-1.2866991073935943,1.0315998436259828,-0.6930487845135059,0.0,1.0,0.0,0.0,1.0,0.0,1.0,0.0,1.0,0.0,1.0,0.0,0.0
0.8883376611789008,0.35694977820757806,0.8885110709860305,-1.3961162808498042,0.0,1.0,0.0,0.0,1.0,0.0,0.0,1.0,0.0,1.0,0.0,1.0,0.0
-0.45032668658918373,-1.4317269502407566,-0.9366062832102913,2.119221200831687,1.0,0.0,0.0,0.0,1.0,0.0,1.0,0.0,1.0,0.0,0.0,1.0,0.0
0.35287192207166695,-1.0933286502640445,-1.5153803093651625,-0.6930487845135059,1.0,0.0,0.0,1.0,0.0,0.0,1.0,0.0,1.0,0.0,0.0,1.0,0.0
-0.5841931213659922,0.9370611495962271,1.2573324120523741,0.010018711822792317,1.0,0.0,0.0,1.0,0.0,0.0,1.0,0.0,1.0,0.0,0.0,1.0,0.0
0.8883376611789008,-0.4165320503106206,1.443481544309209,-0.6930487845135059,1.0,0.0,0.0,1.0,0.0,0.0,1.0,0.0,1.0,0.0,0.0,0.0,1.0
1.0222040959557093,-1.6734400216526937,1.6571786084948565,0.7130862081590905,0.0,1.0,0.0,1.0,0.0,0.0,1.0,0.0,0.0,1.0,1.0,0.0,0.0
1.1560705307325176,0.4536350067723529,1.5440448686318666,0.010018711822792317,0.0,0.0,1.0,0.0,0.0,1.0,1.0,0.0,0.0,1.0,0.0,1.0,0.0
0.08513905251805007,-1.4317269502407566,1.649957305950411,-0.6930487845135059,1.0,0.0,0.0,0.0,0.0,1.0,0.0,1.0,1.0,0.0,0.0,1.0,0.0
-0.1156605996471626,0.35694977820757806,1.230854302722738,0.010018711822792317,1.0,0.0,0.0,0.0,1.0,0.0,0.0,1.0,1.0,0.0,1.0,0.0,0.0
-0.8519259909196091,-1.2866991073935943,-0.922163678121399,0.7130862081590905,1.0,0.0,0.0,0.0,1.0,0.0,0.0,1.0,0.0,1.0,0.0,0.0,1.0
-1.1865920778616301,-0.8516155788521075,-1.0136335103510505,1.4161537044953887,0.0,1.0,0.0,1.0,0.0,0.0,1.0,0.0,1.0,0.0,0.0,1.0,0.0
-0.048727382258758375,-0.22316159318107098,-0.9978536270131866,0.7130862081590905,1.0,0.0,0.0,1.0,0.0,0.0,0.0,1.0,0.0,1.0,1.0,0.0,0.0
-1.6551245995804598,-1.383384335958369,-1.3503601734420776,0.7130862081590905,1.0,0.0,0.0,0.0,1.0,0.0,0.0,1.0,0.0,1.0,0.0,0.0,1.0
-0.8519259909196091,-1.2866991073935943,-0.33804053897064185,1.4161537044953887,1.0,0.0,0.0,0.0,1.0,0.0,1.0,0.0,1.0,0.0,0.0,1.0,0.0
-1.2535252952500344,0.11523670679564098,0.9508282373881031,0.7130862081590905,1.0,0.0,0.0,1.0,0.0,0.0,1.0,0.0,1.0,0.0,0.0,1.0,0.0
-1.722057816968864,-1.2383564931112068,-0.45866303702787214,0.010018711822792317,1.0,0.0,0.0,0.0,1.0,0.0,1.0,0.0,0.0,1.0,0.0,0.0,1.0
-1.1865920778616301,0.9370611495962271,1.4028282855404748,0.010018711822792317,0.0,0.0,1.0,1.0,0.0,0.0,0.0,1.0,1.0,0.0,0.0,1.0,0.0
-1.1865920778616301,0.4052923924899655,-1.16340867423586,0.7130862081590905,1.0,0.0,0.0,1.0,0.0,0.0,0.0,1.0,0.0,1.0,0.0,0.0,1.0
-1.6551245995804598,1.0820889924433894,-0.48728079155586274,0.010018711822792317,1.0,0.0,0.0,0.0,1.0,0.0,1.0,0.0,0.0,1.0,0.0,1.0,0.0
0.4867383568484754,-0.7065877360049452,-1.538916406547061,-0.6930487845135059,1.0,0.0,0.0,0.0,0.0,1.0,1.0,0.0,1.0,0.0,0.0,1.0,0.0
-0.9857924256964175,-0.80327296456972,1.3134980985091775,0.7130862081590905,1.0,0.0,0.0,0.0,1.0,0.0,1.0,0.0,0.0,1.0,0.0,1.0,0.0
0.15207226990645428,1.3238020638553265,0.7654814720806514,-1.3961162808498042,1.0,0.0,0.0,0.0,0.0,1.0,1.0,0.0,0.0,1.0,1.0,0.0,0.0
-0.048727382258758375,1.1787742210081642,-0.6143222252081566,2.119221200831687,1.0,0.0,0.0,0.0,1.0,0.0,1.0,0.0,1.0,0.0,0.0,1.0,0.0
0.7544712264020923,1.2271168352905517,-0.49022280370360005,-0.6930487845135059,1.0,0.0,0.0,0.0,0.0,1.0,1.0,0.0,0.0,1.0,1.0,0.0,0.0
-1.1865920778616301,0.69534807818429,-0.11016832534589564,0.7130862081590905,0.0,0.0,1.0,0.0,1.0,0.0,1.0,0.0,0.0,1.0,1.0,0.0,0.0
-0.24952703442397103,-0.4165320503106206,1.2902294569770731,1.4161537044953887,0.0,1.0,0.0,0.0,1.0,0.0,1.0,0.0,0.0,1.0,0.0,0.0,1.0
-0.7180595561428006,1.2271168352905517,0.25865301572044763,0.7130862081590905,0.0,1.0,0.0,0.0,0.0,1.0,0.0,1.0,1.0,0.0,1.0,0.0,0.0
-1.722057816968864,1.4688299067024888,-1.3688146132778845,1.4161537044953887,0.0,0.0,1.0,0.0,1.0,0.0,1.0,0.0,1.0,0.0,1.0,0.0,0.0
-1.454324947415247,-0.6099025074401704,0.030513346445907356,0.7130862081590905,1.0,0.0,0.0,0.0,1.0,0.0,1.0,0.0,1.0,0.0,0.0,1.0,0.0
0.4867383568484754,1.6622003638320384,0.5432258271015857,-0.6930487845135059,0.0,1.0,0.0,0.0,0.0,1.0,1.0,0.0,1.0,0.0,0.0,0.0,1.0
-1.1865920778616301,-0.5615598931577829,1.4036306524898579,0.010018711822792317,0.0,1.0,0.0,0.0,1.0,0.0,1.0,0.0,1.0,0.0,0.0,0.0,1.0
1.6246030524513473,0.01855147823086613,-0.5504003249073182,0.010018711822792317,1.0,0.0,0.0,0.0,1.0,0.0,1.0,0.0,0.0,1.0,0.0,0.0,1.0
-0.1156605996471626,1.1304316067257767,-1.7103554780652093,0.010018711822792317,0.0,0.0,1.0,1.0,0.0,0.0,1.0,0.0,0.0,1.0,1.0,0.0,0.0
1.6246030524513473,-0.5132172788753955,1.2241679114778805,-0.6930487845135059,0.0,1.0,0.0,0.0,1.0,0.0,0.0,1.0,1.0,0.0,1.0,0.0,0.0
-1.0527256430848217,-0.7065877360049452,0.5766577833258736,0.010018711822792317,0.0,1.0,0.0,0.0,1.0,0.0,1.0,0.0,1.0,0.0,0.0,0.0,1.0
0.15207226990645428,-0.4648746645930081,0.8323453845292271,0.7130862081590905,1.0,0.0,0.0,0.0,0.0,1.0,1.0,0.0,1.0,0.0,1.0,0.0,0.0
0.35287192207166695,-0.6099025074401704,-1.2851009948922678,-1.3961162808498042,0.0,1.0,0.0,0.0,1.0,0.0,0.0,1.0,1.0,0.0,1.0,0.0,0.0
-1.6551245995804598,-0.7065877360049452,-0.5635056517472389,-1.3961162808498042,1.0,0.0,0.0,0.0,0.0,1.0,1.0,0.0,1.0,0.0,0.0,0.0,1.0
-0.048727382258758375,0.11523670679564098,-0.7616902882448173,-0.6930487845135059,1.0,0.0,0.0,0.0,0.0,1.0,1.0,0.0,1.0,0.0,1.0,0.0,0.0
1.4238034002861346,-0.17481897889868356,-0.7961920670682824,0.010018711822792317,0.0,0.0,1.0,0.0,1.0,0.0,1.0,0.0,1.0,0.0,0.0,1.0,0.0
-1.119658860473226,-1.6250974073703062,0.6897915231888638,0.010018711822792317,1.0,0.0,0.0,1.0,0.0,0.0,0.0,1.0,0.0,1.0,0.0,1.0,0.0
-0.31646025181237525,0.5019776210547403,-1.340999225699277,-0.6930487845135059,1.0,0.0,0.0,0.0,1.0,0.0,1.0,0.0,1.0,0.0,0.0,1.0,0.0
0.6206047916252838,-1.4317269502407566,0.5365394358567283,-0.6930487845135059,1.0,0.0,0.0,0.0,1.0,0.0,1.0,0.0,0.0,1.0,0.0,1.0,0.0
1.289936965509326,-0.9966434216992697,-1.1355932866572525,-0.6930487845135059,0.0,1.0,0.0,0.0,0.0,1.0,1.0,0.0,0.0,1.0,1.0,0.0,0.0
0.5536715742368796,-0.9966434216992697,1.3220566793025952,0.010018711822792317,1.0,0.0,0.0,0.0,1.0,0.0,1.0,0.0,1.0,0.0,0.0,0.0,1.0
0.2859387046832627,1.1787742210081642,1.431446040068465,-1.3961162808498042,0.0,1.0,0.0,0.0,1.0,0.0,1.0,0.0,0.0,1.0,0.0,0.0,1.0
-0.6511263387543964,-0.9966434216992697,0.44961634967357983,2.119221200831687,0.0,1.0,0.0,0.0,1.0,0.0,1.0,0.0,1.0,0.0,0.0,1.0,0.0
0.8883376611789008,-1.2866991073935943,-0.2374772146479839,0.7130862081590905,1.0,0.0,0.0,0.0,1.0,0.0,1.0,0.0,0.0,1.0,0.0,0.0,1.0
1.0891373133441133,-1.721782635935081,1.0064590125453183,1.4161537044953887,1.0,0.0,0.0,0.0,1.0,0.0,1.0,0.0,0.0,1.0,1.0,0.0,0.0
-1.5212581648036514,0.4052923924899655,-0.5469234014599924,-0.6930487845135059,0.0,1.0,0.0,0.0,0.0,1.0,1.0,0.0,1.0,0.0,1.0,0.0,0.0
0.955270878567305,0.8887185353138397,0.5469702061987061,1.4161537044953887,1.0,0.0,0.0,1.0,0.0,0.0,0.0,1.0,1.0,0.0,0.0,0.0,1.0
-0.5841931213659922,0.5986628496195152,0.9922838631062203,0.010018711822792317,1.0,0.0,0.0,0.0,1.0,0.0,0.0,1.0,1.0,0.0,0.0,0.0,1.0
0.2859387046832627,0.8403759210314523,-1.6472359447137537,0.7130862081590905,1.0,0.0,0.0,0.0,1.0,0.0,1.0,0.0,1.0,0.0,0.0,1.0,0.0
-1.722057816968864,1.3238020638553265,-0.15536833016113313,-0.6930487845135059,0.0,0.0,1.0,1.0,0.0,0.0,0.0,1.0,1.0,0.0,0.0,0.0,1.0
-0.31646025181237525,1.275459449572939,0.1428447193595146,0.010018711822792317,0.0,1.0,0.0,0.0,1.0,0.0,0.0,1.0,0.0,1.0,1.0,0.0,0.0
-1.2535252952500344,1.517172520984876,0.9104424342691636,-1.3961162808498042,1.0,0.0,0.0,1.0,0.0,0.0,1.0,0.0,1.0,0.0,0.0,1.0,0.0
-0.9857924256964175,-1.1900138788288195,-0.6282299189974602,-0.6930487845135059,0.0,1.0,0.0,0.0,1.0,0.0,0.0,1.0,1.0,0.0,0.0,1.0,0.0
1.4907366176745387,-1.141671264546432,-0.00800026712447218,-0.6930487845135059,1.0,0.0,0.0,0.0,1.0,0.0,1.0,0.0,0.0,1.0,0.0,1.0,0.0
-0.8519259909196091,-0.6099025074401704,-1.137732931855607,-0.6930487845135059,0.0,0.0,1.0,1.0,0.0,0.0,0.0,1.0,1.0,0.0,1.0,0.0,0.0
-0.9857924256964175,-0.9966434216992697,1.5935241638438127,0.010018711822792317,1.0,0.0,0.0,1.0,0.0,0.0,1.0,0.0,0.0,1.0,0.0,0.0,1.0
1.6915362698397514,-0.31984682174584583,-1.7231933492553355,0.7130862081590905,0.0,0.0,1.0,1.0,0.0,0.0,1.0,0.0,1.0,0.0,0.0,0.0,1.0
-0.45032668658918373,-0.4165320503106206,0.826996271533341,-0.6930487845135059,0.0,1.0,0.0,1.0,0.0,0.0,1.0,0.0,1.0,0.0,1.0,0.0,0.0
-1.722057816968864,0.7436906924666774,0.17146247388750518,-0.6930487845135059,1.0,0.0,0.0,0.0,1.0,0.0,1.0,0.0,0.0,1.0,1.0,0.0,0.0
1.1560705307325176,-1.141671264546432,0.10834294053604937,-1.3961162808498042,1.0,0.0,0.0,0.0,1.0,0.0,1.0,0.0,0.0,1.0,0.0,1.0,0.0
-0.18259381703556682,1.4204872924201013,-1.0425187205288353,0.7130862081590905,1.0,0.0,0.0,1.0,0.0,0.0,1.0,0.0,1.0,0.0,0.0,0.0,1.0
1.289936965509326,-0.6099025074401704,0.6357654819304147,0.7130862081590905,0.0,0.0,1.0,1.0,0.0,0.0,0.0,1.0,1.0,0.0,0.0,1.0,0.0
0.5536715742368796,0.5019776210547403,1.0666365337490364,0.010018711822792317,0.0,1.0,0.0,0.0,1.0,0.0,1.0,0.0,1.0,0.0,1.0,0.0,0.0
-0.048727382258758375,1.0820889924433894,0.3471808358023619,-1.3961162808498042,0.0,1.0,0.0,0.0,1.0,0.0,1.0,0.0,0.0,1.0,0.0,0.0,1.0
0.08513905251805007,-1.3350417216759816,1.462738351094399,-0.6930487845135059,1.0,0.0,0.0,1.0,0.0,0.0,0.0,1.0,0.0,1.0,0.0,0.0,1.0
0.018205835129645846,-1.3350417216759816,1.0369489566218688,-1.3961162808498042,0.0,1.0,0.0,1.0,0.0,0.0,1.0,0.0,1.0,0.0,0.0,0.0,1.0
-1.454324947415247,0.21192193536041581,-0.701245311391305,0.010018711822792317,0.0,1.0,0.0,0.0,1.0,0.0,0.0,1.0,1.0,0.0,0.0,1.0,0.0
0.8883376611789008,-0.36818943602823323,-0.2224996982595029,0.010018711822792317,0.0,0.0,1.0,0.0,1.0,0.0,1.0,0.0,1.0,0.0,0.0,1.0,0.0
0.4867383568484754,1.710542978114426,0.45603528526864295,0.7130862081590905,0.0,1.0,0.0,0.0,1.0,0.0,1.0,0.0,1.0,0.0,0.0,1.0,0.0
-0.9188592083080133,-1.0933286502640445,0.06929441566608133,-1.3961162808498042,0.0,0.0,1.0,0.0,1.0,0.0,1.0,0.0,0.0,1.0,1.0,0.0,0.0
-0.7849927735312048,-1.5284121788055314,1.3680590510672153,-0.6930487845135059,0.0,1.0,0.0,0.0,1.0,0.0,1.0,0.0,1.0,0.0,0.0,1.0,0.0
0.018205835129645846,-0.17481897889868356,1.7023786133100935,-0.6930487845135059,1.0,0.0,0.0,0.0,1.0,0.0,1.0,0.0,0.0,1.0,0.0,0.0,1.0
-0.048727382258758375,0.7436906924666774,0.34664592450277343,-0.6930487845135059,1.0,0.0,0.0,0.0,1.0,0.0,1.0,0.0,0.0,1.0,0.0,0.0,1.0
-0.7180595561428006,0.7920333067490648,0.5515169522452092,0.7130862081590905,1.0,0.0,0.0,0.0,1.0,0.0,1.0,0.0,1.0,0.0,1.0,0.0,0.0
0.955270878567305,1.3721446781377138,0.920605748961347,0.010018711822792317,0.0,0.0,1.0,0.0,1.0,0.0,1.0,0.0,1.0,0.0,1.0,0.0,0.0
-0.9188592083080133,1.3238020638553265,-0.3244003008311323,3.5253561935042836,1.0,0.0,0.0,1.0,0.0,0.0,1.0,0.0,1.0,0.0,0.0,1.0,0.0
0.6206047916252838,0.06689409251325355,-0.7804121837304184,0.010018711822792317,0.0,0.0,1.0,0.0,0.0,1.0,1.0,0.0,0.0,1.0,0.0,0.0,1.0
1.289936965509326,-1.3350417216759816,1.632305233063987,-0.6930487845135059,0.0,0.0,1.0,0.0,1.0,0.0,1.0,0.0,0.0,1.0,0.0,1.0,0.0
-0.5172599039775879,-1.5284121788055314,0.33995953325791584,0.7130862081590905,0.0,1.0,0.0,0.0,1.0,0.0,0.0,1.0,0.0,1.0,0.0,1.0,0.0
-0.7180595561428006,-1.383384335958369,-1.3535696412396094,4.228423689840582,0.0,0.0,1.0,0.0,1.0,0.0,1.0,0.0,0.0,1.0,0.0,1.0,0.0
0.018205835129645846,-0.5615598931577829,0.5560636982917124,-0.6930487845135059,1.0,0.0,0.0,0.0,1.0,0.0,0.0,1.0,1.0,0.0,0.0,1.0,0.0
0.7544712264020923,-0.22316159318107098,-0.4343245728965907,0.010018711822792317,1.0,0.0,0.0,0.0,1.0,0.0,0.0,1.0,0.0,1.0,0.0,1.0,0.0
-0.5172599039775879,1.5655151352672636,0.9369205435987994,1.4161537044953887,0.0,0.0,1.0,0.0,1.0,0.0,0.0,1.0,1.0,0.0,1.0,0.0,0.0
0.8214044437904965,-1.5284121788055314,-1.416154263291476,0.010018711822792317,1.0,0.0,0.0,0.0,1.0,0.0,1.0,0.0,1.0,0.0,1.0,0.0,0.0
1.1560705307325176,1.1787742210081642,0.4790364711509533,0.010018711822792317,1.0,0.0,0.0,0.0,0.0,1.0,0.0,1.0,0.0,1.0,0.0,1.0,0.0
1.557669835062943,-0.7065877360049452,0.4894672414929308,-0.6930487845135059,0.0,0.0,1.0,0.0,1.0,0.0,1.0,0.0,1.0,0.0,1.0,0.0,0.0
-0.9857924256964175,0.06689409251325355,-0.2003008793265758,-1.3961162808498042,1.0,0.0,0.0,0.0,1.0,0.0,0.0,1.0,0.0,1.0,1.0,0.0,0.0
-0.9188592083080133,1.1787742210081642,0.5464352948991176,-1.3961162808498042,1.0,0.0,0.0,1.0,0.0,0.0,1.0,0.0,1.0,0.0,0.0,0.0,1.0
-1.5212581648036514,0.11523670679564098,0.3220400047216975,0.7130862081590905,0.0,1.0,0.0,0.0,0.0,1.0,1.0,0.0,1.0,0.0,0.0,1.0,0.0
0.15207226990645428,0.21192193536041581,-0.15724051970969308,-0.6930487845135059,1.0,0.0,0.0,0.0,1.0,0.0,1.0,0.0,1.0,0.0,0.0,1.0,0.0
1.0891373133441133,-0.7065877360049452,-1.545870253441713,0.010018711822792317,1.0,0.0,0.0,0.0,1.0,0.0,0.0,1.0,1.0,0.0,0.0,0.0,1.0
-0.1156605996471626,0.5986628496195152,1.3865134909030228,0.7130862081590905,1.0,0.0,0.0,0.0,0.0,1.0,1.0,0.0,1.0,0.0,1.0,0.0,0.0
-1.722057816968864,-1.2866991073935943,1.4924259282215662,0.7130862081590905,0.0,0.0,1.0,1.0,0.0,0.0,0.0,1.0,1.0,0.0,0.0,1.0,0.0
0.15207226990645428,-1.383384335958369,-1.2829613496939134,-0.6930487845135059,0.0,0.0,1.0,1.0,0.0,0.0,1.0,0.0,0.0,1.0,0.0,0.0,1.0
0.7544712264020923,-1.0933286502640445,1.5523359937754901,0.7130862081590905,0.0,0.0,1.0,1.0,0.0,0.0,1.0,0.0,0.0,1.0,0.0,0.0,1.0
0.018205835129645846,-1.3350417216759816,0.4113701917529947,-0.6930487845135059,1.0,0.0,0.0,1.0,0.0,0.0,1.0,0.0,1.0,0.0,0.0,0.0,1.0
1.3568701828977303,0.7436906924666774,-1.4827507200902577,1.4161537044953887,0.0,1.0,0.0,0.0,1.0,0.0,1.0,0.0,1.0,0.0,1.0,0.0,0.0
0.2859387046832627,-1.4800695645231439,-1.6504454125112853,-0.6930487845135059,0.0,1.0,0.0,1.0,0.0,0.0,1.0,0.0,1.0,0.0,0.0,0.0,1.0
0.4198051394600712,0.5019776210547403,-0.1882653750858321,-0.6930487845135059,1.0,0.0,0.0,0.0,1.0,0.0,1.0,0.0,0.0,1.0,0.0,1.0,0.0
-1.5881913821920555,-0.4165320503106206,-0.7512595179028395,0.7130862081590905,0.0,0.0,1.0,1.0,0.0,0.0,1.0,0.0,1.0,0.0,0.0,0.0,1.0
-0.31646025181237525,-0.8516155788521075,-1.058298603866699,0.010018711822792317,0.0,1.0,0.0,1.0,0.0,0.0,0.0,1.0,1.0,0.0,0.0,1.0,0.0
1.4907366176745387,0.4536350067723529,-0.18211389514056342,0.7130862081590905,0.0,1.0,0.0,0.0,1.0,0.0,1.0,0.0,1.0,0.0,0.0,1.0,0.0
-1.5212581648036514,1.033746378161002,-0.015489025318712686,-1.3961162808498042,0.0,1.0,0.0,0.0,1.0,0.0,1.0,0.0,1.0,0.0,0.0,0.0,1.0
0.4198051394600712,1.033746378161002,0.24501277758093845,-0.6930487845135059,1.0,0.0,0.0,1.0,0.0,0.0,1.0,0.0,1.0,0.0,0.0,0.0,1.0
-1.5881913821920555,-0.17481897889868356,-0.696966020994596,-1.3961162808498042,0.0,1.0,0.0,0.0,1.0,0.0,0.0,1.0,1.0,0.0,1.0,0.0,0.0
-1.6551245995804598,-0.31984682174584583,-0.8499506526769371,-0.6930487845135059,1.0,0.0,0.0,0.0,0.0,1.0,1.0,0.0,1.0,0.0,0.0,1.0,0.0
-0.7849927735312048,-0.4165320503106206,0.6718719946526455,0.7130862081590905,0.0,0.0,1.0,0.0,1.0,0.0,1.0,0.0,1.0,0.0,1.0,0.0,0.0
-0.5841931213659922,-0.36818943602823323,-0.7440382153583932,-0.6930487845135059,0.0,0.0,1.0,0.0,1.0,0.0,0.0,1.0,0.0,1.0,0.0,1.0,0.0
0.5536715742368796,-0.9966434216992697,-1.5712785401721718,0.7130862081590905,1.0,0.0,0.0,0.0,0.0,1.0,1.0,0.0,1.0,0.0,1.0,0.0,0.0
-0.7180595561428006,0.69534807818429,-0.08957424031173444,0.010018711822792317,1.0,0.0,0.0,0.0,1.0,0.0,1.0,0.0,1.0,0.0,0.0,1.0,0.0
-0.31646025181237525,-1.5284121788055314,-1.7223909823059527,0.010018711822792317,1.0,0.0,0.0,1.0,0.0,0.0,1.0,0.0,1.0,0.0,0.0,1.0,0.0
0.08513905251805007,-1.721782635935081,-1.7103554780652093,0.7130862081590905,0.0,1.0,0.0,0.0,1.0,0.0,1.0,0.0,1.0,0.0,0.0,1.0,0.0
1.0891373133441133,-0.4648746645930081,-0.25245473103646493,-1.3961162808498042,0.0,1.0,0.0,1.0,0.0,0.0,0.0,1.0,0.0,1.0,0.0,1.0,0.0
0.7544712264020923,0.7920333067490648,0.4552329183192604,0.7130862081590905,1.0,0.0,0.0,1.0,0.0,0.0,0.0,1.0,1.0,0.0,0.0,1.0,0.0
0.21900548729485853,0.06689409251325355,-1.4894371113351152,-0.6930487845135059,1.0,0.0,0.0,0.0,0.0,1.0,1.0,0.0,1.0,0.0,0.0,1.0,0.0
0.15207226990645428,-1.721782635935081,0.6288116350357628,2.8222886971679855,0.0,0.0,1.0,0.0,0.0,1.0,1.0,0.0,1.0,0.0,0.0,0.0,1.0
1.289936965509326,-0.36818943602823323,-0.18050916124179753,0.7130862081590905,1.0,0.0,0.0,0.0,1.0,0.0,0.0,1.0,1.0,0.0,1.0,0.0,0.0
0.8883376611789008,-0.9483008074168823,-0.49316481585133737,0.010018711822792317,1.0,0.0,0.0,0.0,0.0,1.0,0.0,1.0,1.0,0.0,0.0,1.0,0.0
-1.5212581648036514,0.35694977820757806,1.3950720716964402,0.7130862081590905,1.0,0.0,0.0,1.0,0.0,0.0,1.0,0.0,1.0,0.0,1.0,0.0,0.0
0.2859387046832627,-1.2866991073935943,0.2589204713702421,-0.6930487845135059,1.0,0.0,0.0,0.0,1.0,0.0,0.0,1.0,0.0,1.0,0.0,1.0,0.0
-0.6511263387543964,-0.4648746645930081,-0.3292145025274299,0.7130862081590905,1.0,0.0,0.0,1.0,0.0,0.0,1.0,0.0,1.0,0.0,0.0,0.0,1.0
-1.722057816968864,0.4052923924899655,-1.3998394686540236,0.7130862081590905,1.0,0.0,0.0,0.0,1.0,0.0,1.0,0.0,0.0,1.0,0.0,0.0,1.0
-1.6551245995804598,-0.7549303502873326,-1.2029921104054169,0.7130862081590905,1.0,0.0,0.0,1.0,0.0,0.0,0.0,1.0,1.0,0.0,0.0,1.0,0.0
-0.048727382258758375,-0.9483008074168823,-0.6734299238126973,2.119221200831687,0.0,1.0,0.0,0.0,1.0,0.0,1.0,0.0,1.0,0.0,0.0,0.0,1.0
-0.048727382258758375,0.8887185353138397,1.2249702784272634,0.010018711822792317,0.0,1.0,0.0,0.0,1.0,0.0,1.0,0.0,1.0,0.0,0.0,0.0,1.0
0.4198051394600712,-0.07813375033390871,0.929431785404559,-0.6930487845135059,0.0,1.0,0.0,1.0,0.0,0.0,1.0,0.0,1.0,0.0,0.0,1.0,0.0
-1.722057816968864,0.2602645496428032,1.7031809802594766,0.010018711822792317,0.0,1.0,0.0,0.0,0.0,1.0,1.0,0.0,1.0,0.0,0.0,0.0,1.0
0.8214044437904965,-1.141671264546432,-1.7071460102676776,0.010018711822792317,0.0,1.0,0.0,0.0,1.0,0.0,1.0,0.0,1.0,0.0,0.0,0.0,1.0
0.6206047916252838,0.5019776210547403,0.5459003835995291,0.010018711822792317,1.0,0.0,0.0,0.0,1.0,0.0,1.0,0.0,0.0,1.0,0.0,1.0,0.0
0.4198051394600712,-1.2866991073935943,0.30438793183527363,0.010018711822792317,0.0,1.0,0.0,0.0,1.0,0.0,1.0,0.0,1.0,0.0,0.0,0.0,1.0
1.6246030524513473,0.4536350067723529,-0.42656835905255613,0.010018711822792317,0.0,1.0,0.0,0.0,1.0,0.0,1.0,0.0,1.0,0.0,1.0,0.0,0.0
-1.6551245995804598,-1.2866991073935943,0.2503618905768242,-0.6930487845135059,0.0,0.0,1.0,0.0,0.0,1.0,1.0,0.0,1.0,0.0,0.0,1.0,0.0
0.08513905251805007,-0.9966434216992697,1.5788141031051264,-0.6930487845135059,0.0,1.0,0.0,0.0,1.0,0.0,1.0,0.0,0.0,1.0,1.0,0.0,0.0
0.4867383568484754,0.69534807818429,-0.6868027063024125,-1.3961162808498042,1.0,0.0,0.0,0.0,1.0,0.0,0.0,1.0,0.0,1.0,0.0,1.0,0.0
-0.3833934692007795,0.1635793210780284,0.1479263767056063,0.010018711822792317,0.0,0.0,1.0,0.0,1.0,0.0,1.0,0.0,0.0,1.0,1.0,0.0,0.0
0.6206047916252838,-0.36818943602823323,-0.9818062880255284,0.010018711822792317,0.0,0.0,1.0,0.0,0.0,1.0,1.0,0.0,1.0,0.0,0.0,0.0,1.0
-1.454324947415247,0.11523670679564098,1.6598531649928001,0.010018711822792317,1.0,0.0,0.0,1.0,0.0,0.0,1.0,0.0,1.0,0.0,1.0,0.0,0.0
-0.31646025181237525,-0.80327296456972,-1.4923791234828525,0.010018711822792317,1.0,0.0,0.0,1.0,0.0,0.0,1.0,0.0,1.0,0.0,1.0,0.0,0.0
-1.2535252952500344,1.6138577495496509,0.24287313238258368,0.010018711822792317,1.0,0.0,0.0,0.0,0.0,1.0,0.0,1.0,1.0,0.0,0.0,1.0,0.0
-0.9188592083080133,-1.3350417216759816,-1.682807546136396,-0.6930487845135059,0.0,0.0,1.0,0.0,1.0,0.0,0.0,1.0,0.0,1.0,0.0,0.0,1.0
0.8214044437904965,-1.6734400216526937,0.28513112505008387,-0.6930487845135059,1.0,0.0,0.0,1.0,0.0,0.0,1.0,0.0,0.0,1.0,1.0,0.0,0.0
0.08513905251805007,-0.2715042074634584,-0.19147484288336386,-0.6930487845135059,1.0,0.0,0.0,0.0,1.0,0.0,1.0,0.0,0.0,1.0,1.0,0.0,0.0
0.35287192207166695,1.6622003638320384,0.06822459306690395,-0.6930487845135059,1.0,0.0,0.0,1.0,0.0,0.0,1.0,0.0,1.0,0.0,0.0,1.0,0.0
0.08513905251805007,-0.6099025074401704,1.462738351094399,0.010018711822792317,0.0,0.0,1.0,1.0,0.0,0.0,1.0,0.0,0.0,1.0,0.0,1.0,0.0
-0.45032668658918373,-0.7549303502873326,-0.3110275183414172,-1.3961162808498042,0.0,0.0,1.0,1.0,0.0,0.0,0.0,1.0,1.0,0.0,0.0,1.0,0.0
1.6246030524513473,-0.9483008074168823,0.04843287498212569,-1.3961162808498042,0.0,1.0,0.0,0.0,1.0,0.0,1.0,0.0,0.0,1.0,0.0,1.0,0.0
-0.1156605996471626,0.4536350067723529,-1.126232338914452,-0.6930487845135059,1.0,0.0,0.0,0.0,0.0,1.0,1.0,0.0,0.0,1.0,0.0,0.0,1.0
-0.7180595561428006,1.5655151352672636,0.957782084282755,-1.3961162808498042,0.0,0.0,1.0,1.0,0.0,0.0,1.0,0.0,1.0,0.0,0.0,1.0,0.0
1.0222040959557093,0.11523670679564098,-0.33964527286940777,0.010018711822792317,1.0,0.0,0.0,0.0,0.0,1.0,0.0,1.0,0.0,1.0,0.0,1.0,0.0
-1.722057816968864,-0.4648746645930081,0.9992377100008719,0.010018711822792317,1.0,0.0,0.0,0.0,1.0,0.0,1.0,0.0,1.0,0.0,0.0,0.0,1.0
0.15207226990645428,-0.17481897889868356,1.198224713447833,-0.6930487845135059,1.0,0.0,0.0,0.0,1.0,0.0,1.0,0.0,1.0,0.0,0.0,0.0,1.0
-0.6511263387543964,-0.80327296456972,-1.0986844069856387,1.4161537044953887,1.0,0.0,0.0,0.0,1.0,0.0,1.0,0.0,1.0,0.0,0.0,0.0,1.0
0.7544712264020923,-1.6734400216526937,1.5175667593022306,-1.3961162808498042,0.0,0.0,1.0,0.0,1.0,0.0,1.0,0.0,0.0,1.0,1.0,0.0,0.0
-0.3833934692007795,0.2602645496428032,-1.347953072593929,0.010018711822792317,0.0,0.0,1.0,1.0,0.0,0.0,1.0,0.0,1.0,0.0,0.0,1.0,0.0
-0.048727382258758375,-1.383384335958369,0.02195476565248985,-0.6930487845135059,1.0,0.0,0.0,0.0,0.0,1.0,1.0,0.0,1.0,0.0,1.0,0.0,0.0
1.4238034002861346,-0.9483008074168823,-0.10187720020227259,-1.3961162808498042,1.0,0.0,0.0,1.0,0.0,0.0,1.0,0.0,1.0,0.0,0.0,0.0,1.0
-0.9188592083080133,1.2271168352905517,1.6986342342129737,0.010018711822792317,0.0,0.0,1.0,1.0,0.0,0.0,1.0,0.0,0.0,1.0,0.0,1.0,0.0
0.6206047916252838,-0.22316159318107098,-1.3385921248511283,2.8222886971679855,0.0,1.0,0.0,1.0,0.0,0.0,0.0,1.0,1.0,0.0,0.0,1.0,0.0
1.0891373133441133,0.21192193536041581,1.4113868663338924,-0.6930487845135059,0.0,1.0,0.0,1.0,0.0,0.0,1.0,0.0,1.0,0.0,0.0,0.0,1.0
1.3568701828977303,-0.5615598931577829,1.306544251614526,0.010018711822792317,0.0,1.0,0.0,1.0,0.0,0.0,1.0,0.0,0.0,1.0,0.0,1.0,0.0
0.6206047916252838,1.5655151352672636,1.1225347645560455,0.7130862081590905,1.0,0.0,0.0,0.0,1.0,0.0,1.0,0.0,1.0,0.0,0.0,1.0,0.0
-1.5881913821920555,0.01855147823086613,1.5178342149520254,0.010018711822792317,0.0,0.0,1.0,0.0,1.0,0.0,1.0,0.0,0.0,1.0,0.0,0.0,1.0
1.289936965509326,-0.80327296456972,0.34905302535092186,0.7130862081590905,1.0,0.0,0.0,0.0,1.0,0.0,1.0,0.0,1.0,0.0,0.0,0.0,1.0
0.955270878567305,0.69534807818429,-1.7247980831541014,0.010018711822792317,1.0,0.0,0.0,0.0,1.0,0.0,0.0,1.0,0.0,1.0,0.0,1.0,0.0
1.4238034002861346,0.7436906924666774,0.709315785623848,1.4161537044953887,0.0,0.0,1.0,0.0,1.0,0.0,0.0,1.0,1.0,0.0,0.0,0.0,1.0
-0.048727382258758375,-0.4648746645930081,1.2717750171412663,0.010018711822792317,0.0,0.0,1.0,0.0,1.0,0.0,0.0,1.0,1.0,0.0,0.0,1.0,0.0
1.4907366176745387,1.4688299067024888,1.150350152134653,-1.3961162808498042,1.0,0.0,0.0,0.0,0.0,1.0,0.0,1.0,1.0,0.0,0.0,1.0,0.0
-0.7180595561428006,1.6138577495496509,0.7644116494814741,-1.3961162808498042,1.0,0.0,0.0,1.0,0.0,0.0,1.0,0.0,0.0,1.0,1.0,0.0,0.0
-1.6551245995804598,-1.1900138788288195,-0.6900121740999442,-0.6930487845135059,0.0,1.0,0.0,0.0,1.0,0.0,1.0,0.0,0.0,1.0,0.0,1.0,0.0
-0.8519259909196091,-0.5615598931577829,-1.2784146036474102,0.010018711822792317,0.0,1.0,0.0,0.0,1.0,0.0,0.0,1.0,1.0,0.0,1.0,0.0,0.0
1.6246030524513473,0.21192193536041581,1.128953700151109,-1.3961162808498042,0.0,1.0,0.0,1.0,0.0,0.0,1.0,0.0,1.0,0.0,0.0,1.0,0.0
0.35287192207166695,-1.2383564931112068,1.7489158963743026,0.010018711822792317,0.0,0.0,1.0,0.0,0.0,1.0,1.0,0.0,0.0,1.0,0.0,0.0,1.0
0.08513905251805007,0.9854037638786145,-0.5397020989155459,0.010018711822792317,1.0,0.0,0.0,0.0,0.0,1.0,1.0,0.0,0.0,1.0,0.0,0.0,1.0
-1.119658860473226,0.9370611495962271,1.3570933694256488,-0.6930487845135059,1.0,0.0,0.0,1.0,0.0,0.0,1.0,0.0,1.0,0.0,0.0,0.0,1.0
0.21900548729485853,-1.2383564931112068,-0.28802633245910714,-0.6930487845135059,1.0,0.0,0.0,1.0,0.0,0.0,1.0,0.0,0.0,1.0,1.0,0.0,0.0
-0.1156605996471626,-1.1900138788288195,-1.3123814711712867,-0.6930487845135059,0.0,1.0,0.0,0.0,1.0,0.0,1.0,0.0,0.0,1.0,0.0,1.0,0.0
-1.5881913821920555,1.0820889924433894,-0.7710512359876179,-1.3961162808498042,0.0,0.0,1.0,0.0,0.0,1.0,1.0,0.0,1.0,0.0,1.0,0.0,0.0
-1.6551245995804598,1.6138577495496509,-0.5121541669867328,-0.6930487845135059,1.0,0.0,0.0,0.0,0.0,1.0,1.0,0.0,1.0,0.0,1.0,0.0,0.0
-1.5212581648036514,0.5019776210547403,-1.359453665535084,0.010018711822792317,1.0,0.0,0.0,1.0,0.0,0.0,1.0,0.0,1.0,0.0,0.0,1.0,0.0
-1.722057816968864,0.06689409251325355,0.9200708376617585,0.010018711822792317,0.0,0.0,1.0,1.0,0.0,0.0,1.0,0.0,1.0,0.0,1.0,0.0,0.0
0.6206047916252838,-0.07813375033390871,1.0928471874288779,-0.6930487845135059,0.0,1.0,0.0,0.0,0.0,1.0,1.0,0.0,1.0,0.0,0.0,0.0,1.0
-0.8519259909196091,0.1635793210780284,-0.9325944484633768,-0.6930487845135059,0.0,0.0,1.0,0.0,1.0,0.0,1.0,0.0,0.0,1.0,0.0,0.0,1.0
-0.9857924256964175,-1.1900138788288195,-1.496390958229767,3.5253561935042836,1.0,0.0,0.0,0.0,1.0,0.0,0.0,1.0,1.0,0.0,0.0,0.0,1.0
0.5536715742368796,0.2602645496428032,1.5213111383993512,-0.6930487845135059,1.0,0.0,0.0,0.0,1.0,0.0,1.0,0.0,1.0,0.0,0.0,1.0,0.0
0.6206047916252838,0.5019776210547403,-1.0577636925671106,-0.6930487845135059,1.0,0.0,0.0,1.0,0.0,0.0,1.0,0.0,1.0,0.0,0.0,0.0,1.0
0.4867383568484754,-0.02979113605152129,-0.545051211911432,0.010018711822792317,0.0,0.0,1.0,0.0,1.0,0.0,0.0,1.0,0.0,1.0,0.0,1.0,0.0
1.1560705307325176,-1.6734400216526937,-1.693505772128168,0.7130862081590905,0.0,0.0,1.0,1.0,0.0,0.0,1.0,0.0,1.0,0.0,1.0,0.0,0.0
-1.722057816968864,-0.7549303502873326,1.0163548715877073,-0.6930487845135059,0.0,0.0,1.0,0.0,1.0,0.0,0.0,1.0,0.0,1.0,0.0,0.0,1.0
0.08513905251805007,0.21192193536041581,0.7612021816839427,0.010018711822792317,1.0,0.0,0.0,0.0,0.0,1.0,1.0,0.0,0.0,1.0,0.0,0.0,1.0
1.4238034002861346,-1.141671264546432,0.9703524998230872,-0.6930487845135059,1.0,0.0,0.0,1.0,0.0,0.0,1.0,0.0,0.0,1.0,1.0,0.0,0.0
0.4867383568484754,-0.22316159318107098,1.5606271189191137,1.4161537044953887,1.0,0.0,0.0,1.0,0.0,0.0,1.0,0.0,1.0,0.0,0.0,0.0,1.0
-0.18259381703556682,-0.22316159318107098,-0.09064406291091182,-0.6930487845135059,0.0,1.0,0.0,0.0,0.0,1.0,1.0,0.0,0.0,1.0,0.0,1.0,0.0
-1.722057816968864,-1.0449860359816572,-1.3324406449058592,0.010018711822792317,1.0,0.0,0.0,0.0,0.0,1.0,1.0,0.0,1.0,0.0,0.0,1.0,0.0
-1.6551245995804598,-1.383384335958369,0.5969844127102408,0.7130862081590905,1.0,0.0,0.0,0.0,1.0,0.0,1.0,0.0,0.0,1.0,0.0,0.0,1.0
0.8214044437904965,-0.7549303502873326,-1.0393092527313037,0.7130862081590905,0.0,1.0,0.0,0.0,1.0,0.0,0.0,1.0,0.0,1.0,1.0,0.0,0.0
-1.119658860473226,1.5655151352672636,0.1588920583471726,-0.6930487845135059,1.0,0.0,0.0,0.0,0.0,1.0,1.0,0.0,1.0,0.0,1.0,0.0,0.0
-0.45032668658918373,-0.4165320503106206,1.0324022105753656,-0.6930487845135059,1.0,0.0,0.0,0.0,0.0,1.0,1.0,0.0,1.0,0.0,0.0,0.0,1.0
-1.119658860473226,-0.7549303502873326,-1.1163364798720627,-1.3961162808498042,1.0,0.0,0.0,0.0,1.0,0.0,0.0,1.0,1.0,0.0,1.0,0.0,0.0
-1.3204585126384387,1.4688299067024888,-0.7266535981217637,0.010018711822792317,1.0,0.0,0.0,1.0,0.0,0.0,0.0,1.0,0.0,1.0,0.0,1.0,0.0
-0.45032668658918373,0.69534807818429,0.06474766961957815,0.7130862081590905,1.0,0.0,0.0,1.0,0.0,0.0,1.0,0.0,1.0,0.0,0.0,0.0,1.0
-0.24952703442397103,-0.80327296456972,-0.778272538532064,0.010018711822792317,0.0,0.0,1.0,0.0,1.0,0.0,0.0,1.0,0.0,1.0,0.0,1.0,0.0
-0.9857924256964175,-0.4648746645930081,-0.1904050202841865,-0.6930487845135059,0.0,0.0,1.0,0.0,1.0,0.0,0.0,1.0,0.0,1.0,0.0,0.0,1.0
-0.7180595561428006,1.1787742210081642,-1.461889179406302,0.010018711822792317,1.0,0.0,0.0,0.0,0.0,1.0,0.0,1.0,1.0,0.0,0.0,0.0,1.0
0.21900548729485853,0.8403759210314523,-0.6480216370822387,0.010018711822792317,1.0,0.0,0.0,0.0,0.0,1.0,1.0,0.0,0.0,1.0,0.0,0.0,1.0
-0.1156605996471626,-1.721782635935081,1.1923406891523585,0.7130862081590905,0.0,1.0,0.0,1.0,0.0,0.0,1.0,0.0,0.0,1.0,0.0,1.0,0.0
-0.7180595561428006,-0.5132172788753955,-0.9435601301049431,0.7130862081590905,0.0,1.0,0.0,1.0,0.0,0.0,1.0,0.0,0.0,1.0,0.0,1.0,0.0
0.6875380090136881,1.517172520984876,1.0305300210268054,-0.6930487845135059,0.0,1.0,0.0,1.0,0.0,0.0,1.0,0.0,0.0,1.0,0.0,1.0,0.0
-1.119658860473226,-1.721782635935081,1.39881645079356,0.7130862081590905,0.0,0.0,1.0,0.0,1.0,0.0,0.0,1.0,1.0,0.0,0.0,0.0,1.0
-1.6551245995804598,-1.141671264546432,-1.4083980494474413,0.010018711822792317,1.0,0.0,0.0,0.0,0.0,1.0,1.0,0.0,0.0,1.0,1.0,0.0,0.0
0.955270878567305,1.033746378161002,0.23698910808710905,0.7130862081590905,1.0,0.0,0.0,0.0,1.0,0.0,1.0,0.0,0.0,1.0,0.0,1.0,0.0
-1.3204585126384387,-1.2866991073935943,-0.050793171091560466,-0.6930487845135059,1.0,0.0,0.0,0.0,0.0,1.0,1.0,0.0,1.0,0.0,0.0,0.0,1.0
-1.3204585126384387,0.8403759210314523,-1.2776122366980274,-1.3961162808498042,1.0,0.0,0.0,0.0,0.0,1.0,1.0,0.0,1.0,0.0,1.0,0.0,0.0
1.223003748120922,0.4536350067723529,1.105952514268799,0.010018711822792317,1.0,0.0,0.0,0.0,1.0,0.0,0.0,1.0,1.0,0.0,0.0,1.0,0.0
-0.18259381703556682,1.4688299067024888,-1.6426891986672505,-1.3961162808498042,0.0,1.0,0.0,0.0,0.0,1.0,0.0,1.0,1.0,0.0,0.0,0.0,1.0
-0.18259381703556682,-0.17481897889868356,-0.8796382298041048,0.7130862081590905,0.0,0.0,1.0,0.0,1.0,0.0,1.0,0.0,1.0,0.0,1.0,0.0,0.0
-0.18259381703556682,1.1787742210081642,1.2404827061153332,0.010018711822792317,0.0,0.0,1.0,0.0,1.0,0.0,0.0,1.0,1.0,0.0,0.0,0.0,1.0
-0.1156605996471626,0.01855147823086613,-1.583046588763121,0.010018711822792317,0.0,0.0,1.0,0.0,1.0,0.0,1.0,0.0,1.0,0.0,0.0,0.0,1.0
-0.3833934692007795,-0.22316159318107098,0.03452518119282205,0.010018711822792317,1.0,0.0,0.0,0.0,1.0,0.0,1.0,0.0,0.0,1.0,0.0,0.0,1.0
0.08513905251805007,1.710542978114426,0.7694933068275661,-1.3961162808498042,1.0,0.0,0.0,0.0,1.0,0.0,1.0,0.0,1.0,0.0,0.0,0.0,1.0
0.15207226990645428,0.7920333067490648,-1.5394513178466498,0.7130862081590905,1.0,0.0,0.0,0.0,0.0,1.0,1.0,0.0,1.0,0.0,0.0,1.0,0.0
1.6246030524513473,0.7920333067490648,-0.7523293405020167,0.010018711822792317,1.0,0.0,0.0,1.0,0.0,0.0,1.0,0.0,0.0,1.0,0.0,1.0,0.0
1.6915362698397514,-1.4317269502407566,-0.7734583368357666,-1.3961162808498042,1.0,0.0,0.0,0.0,1.0,0.0,0.0,1.0,1.0,0.0,0.0,1.0,0.0
-1.5881913821920555,-0.6099025074401704,0.3220400047216975,0.7130862081590905,0.0,1.0,0.0,0.0,1.0,0.0,1.0,0.0,0.0,1.0,0.0,0.0,1.0
0.955270878567305,0.06689409251325355,0.515142983873184,3.5253561935042836,0.0,1.0,0.0,0.0,0.0,1.0,0.0,1.0,0.0,1.0,0.0,1.0,0.0
-1.119658860473226,1.033746378161002,0.60875246130119,-0.6930487845135059,1.0,0.0,0.0,1.0,0.0,0.0,0.0,1.0,0.0,1.0,0.0,1.0,0.0
-1.119658860473226,-0.7065877360049452,-1.672109320144624,-0.6930487845135059,1.0,0.0,0.0,0.0,1.0,0.0,1.0,0.0,1.0,0.0,0.0,0.0,1.0
-0.5841931213659922,-0.4165320503106206,1.5924543412446357,-0.6930487845135059,1.0,0.0,0.0,0.0,1.0,0.0,0.0,1.0,0.0,1.0,1.0,0.0,0.0
-0.7180595561428006,-0.2715042074634584,-0.7325376224172383,1.4161537044953887,1.0,0.0,0.0,0.0,1.0,0.0,1.0,0.0,1.0,0.0,1.0,0.0,0.0
0.15207226990645428,1.1787742210081642,-0.832031124140719,0.010018711822792317,1.0,0.0,0.0,0.0,0.0,1.0,0.0,1.0,1.0,0.0,0.0,1.0,0.0
-1.119658860473226,-1.2383564931112068,-0.8341707693390734,0.010018711822792317,0.0,1.0,0.0,1.0,0.0,0.0,0.0,1.0,0.0,1.0,0.0,0.0,1.0
1.3568701828977303,1.6138577495496509,-0.1866606411870662,-0.6930487845135059,1.0,0.0,0.0,0.0,0.0,1.0,0.0,1.0,0.0,1.0,0.0,1.0,0.0
1.1560705307325176,0.21192193536041581,-0.8659979916645953,-1.3961162808498042,0.0,1.0,0.0,1.0,0.0,0.0,1.0,0.0,0.0,1.0,0.0,0.0,1.0
-1.0527256430848217,1.0820889924433894,0.18296306682866,0.010018711822792317,1.0,0.0,0.0,0.0,0.0,1.0,1.0,0.0,1.0,0.0,0.0,1.0,0.0
0.8214044437904965,-0.07813375033390871,-0.1454724711187438,-1.3961162808498042,1.0,0.0,0.0,1.0,0.0,0.0,1.0,0.0,1.0,0.0,1.0,0.0,0.0
1.6915362698397514,1.0820889924433894,-0.3936713141278568,-1.3961162808498042,1.0,0.0,0.0,0.0,1.0,0.0,1.0,0.0,1.0,0.0,0.0,1.0,0.0
0.15207226990645428,1.033746378161002,0.3947879414657478,-0.6930487845135059,1.0,0.0,0.0,0.0,1.0,0.0,1.0,0.0,1.0,0.0,0.0,1.0,0.0
0.8883376611789008,1.2271168352905517,-1.3273589875597676,0.7130862081590905,1.0,0.0,0.0,0.0,1.0,0.0,0.0,1.0,1.0,0.0,0.0,0.0,1.0
-0.1156605996471626,-1.141671264546432,-0.10187720020227259,0.010018711822792317,1.0,0.0,0.0,0.0,1.0,0.0,1.0,0.0,0.0,1.0,1.0,0.0,0.0
1.3568701828977303,-0.5615598931577829,0.07036423826525871,-1.3961162808498042,1.0,0.0,0.0,1.0,0.0,0.0,0.0,1.0,0.0,1.0,0.0,0.0,1.0
0.6875380090136881,0.9854037638786145,-0.658987318723805,0.7130862081590905,0.0,1.0,0.0,0.0,1.0,0.0,1.0,0.0,0.0,1.0,0.0,1.0,0.0
-1.5212581648036514,-0.02979113605152129,0.5311903228608421,3.5253561935042836,1.0,0.0,0.0,1.0,0.0,0.0,1.0,0.0,1.0,0.0,0.0,1.0,0.0
1.6246030524513473,0.5019776210547403,0.7606672703843538,0.7130862081590905,0.0,0.0,1.0,0.0,1.0,0.0,0.0,1.0,1.0,0.0,1.0,0.0,0.0
0.6206047916252838,-1.6734400216526937,-0.21126656096814211,0.010018711822792317,1.0,0.0,0.0,0.0,0.0,1.0,1.0,0.0,1.0,0.0,0.0,0.0,1.0
1.1560705307325176,-0.8516155788521075,1.4726342101367882,1.4161537044953887,0.0,1.0,0.0,0.0,1.0,0.0,0.0,1.0,1.0,0.0,0.0,1.0,0.0
1.4238034002861346,0.9370611495962271,-0.017896126166861502,0.010018711822792317,1.0,0.0,0.0,1.0,0.0,0.0,1.0,0.0,0.0,1.0,0.0,1.0,0.0
1.1560705307325176,-0.02979113605152129,0.39184592931801054,0.010018711822792317,1.0,0.0,0.0,0.0,0.0,1.0,1.0,0.0,1.0,0.0,0.0,0.0,1.0
-1.3204585126384387,1.033746378161002,1.4798555126812338,-0.6930487845135059,1.0,0.0,0.0,1.0,0.0,0.0,1.0,0.0,1.0,0.0,0.0,0.0,1.0
-1.3204585126384387,1.033746378161002,0.32872639596655506,-0.6930487845135059,1.0,0.0,0.0,0.0,1.0,0.0,1.0,0.0,1.0,0.0,0.0,0.0,1.0
1.223003748120922,-0.80327296456972,0.2150577448039764,0.010018711822792317,0.0,1.0,0.0,1.0,0.0,0.0,0.0,1.0,0.0,1.0,0.0,0.0,1.0
-1.722057816968864,1.1304316067257767,-1.0296808493387086,0.7130862081590905,1.0,0.0,0.0,0.0,1.0,0.0,0.0,1.0,0.0,1.0,0.0,1.0,0.0
-1.454324947415247,1.517172520984876,-0.4129281209130466,-1.3961162808498042,1.0,0.0,0.0,1.0,0.0,0.0,1.0,0.0,1.0,0.0,0.0,0.0,1.0
0.35287192207166695,-0.8999581931344949,-0.23854703724716128,-0.6930487845135059,1.0,0.0,0.0,0.0,0.0,1.0,1.0,0.0,0.0,1.0,0.0,0.0,1.0
-1.722057816968864,1.275459449572939,-1.3495578064926947,-0.6930487845135059,0.0,1.0,0.0,0.0,1.0,0.0,1.0,0.0,0.0,1.0,0.0,1.0,0.0
-0.9188592083080133,-0.6099025074401704,1.7296590895891129,0.7130862081590905,1.0,0.0,0.0,0.0,0.0,1.0,1.0,0.0,1.0,0.0,0.0,0.0,1.0
0.08513905251805007,-0.5615598931577829,-1.3787104723202739,1.4161537044953887,1.0,0.0,0.0,1.0,0.0,0.0,1.0,0.0,1.0,0.0,1.0,0.0,0.0
0.08513905251805007,1.2271168352905517,1.495902851668892,-0.6930487845135059,0.0,0.0,1.0,0.0,1.0,0.0,1.0,0.0,1.0,0.0,1.0,0.0,0.0
1.3568701828977303,0.7920333067490648,-0.015489025318712686,0.7130862081590905,1.0,0.0,0.0,1.0,0.0,0.0,1.0,0.0,1.0,0.0,0.0,1.0,0.0
-0.5172599039775879,0.06689409251325355,-0.671290278614343,0.7130862081590905,1.0,0.0,0.0,0.0,1.0,0.0,1.0,0.0,1.0,0.0,0.0,1.0,0.0
-0.5841931213659922,-1.141671264546432,0.9064305995222489,0.7130862081590905,1.0,0.0,0.0,0.0,1.0,0.0,1.0,0.0,1.0,0.0,0.0,0.0,1.0
-0.6511263387543964,-0.80327296456972,-0.5798204463846913,-0.6930487845135059,1.0,0.0,0.0,0.0,1.0,0.0,0.0,1.0,1.0,0.0,0.0,0.0,1.0
-0.9188592083080133,-0.12647636461629613,-0.34365710761632207,1.4161537044953887,0.0,1.0,0.0,0.0,1.0,0.0,1.0,0.0,1.0,0.0,0.0,0.0,1.0
0.21900548729485853,-0.5615598931577829,-1.105103342580702,-1.3961162808498042,1.0,0.0,0.0,0.0,1.0,0.0,0.0,1.0,1.0,0.0,1.0,0.0,0.0
-1.2535252952500344,1.517172520984876,0.23832638633608086,0.010018711822792317,0.0,1.0,0.0,0.0,1.0,0.0,0.0,1.0,1.0,0.0,0.0,0.0,1.0
1.0891373133441133,1.033746378161002,-1.4934489460820297,0.7130862081590905,1.0,0.0,0.0,0.0,1.0,0.0,0.0,1.0,1.0,0.0,1.0,0.0,0.0
0.4198051394600712,0.7920333067490648,-0.47578019861470755,-0.6930487845135059,1.0,0.0,0.0,1.0,0.0,0.0,1.0,0.0,1.0,0.0,0.0,1.0,0.0
1.0222040959557093,-1.4800695645231439,-1.0197849902963194,0.7130862081590905,1.0,0.0,0.0,1.0,0.0,0.0,1.0,0.0,0.0,1.0,0.0,1.0,0.0
0.018205835129645846,-0.17481897889868356,-1.0251341032922057,-0.6930487845135059,1.0,0.0,0.0,1.0,0.0,0.0,1.0,0.0,1.0,0.0,0.0,1.0,0.0
-0.1156605996471626,0.8887185353138397,-1.2599601638116034,-0.6930487845135059,1.0,0.0,0.0,0.0,1.0,0.0,1.0,0.0,0.0,1.0,0.0,0.0,1.0
0.8214044437904965,0.5986628496195152,1.1182554741593367,2.8222886971679855,1.0,0.0,0.0,1.0,0.0,0.0,1.0,0.0,1.0,0.0,0.0,1.0,0.0
0.4867383568484754,-1.141671264546432,0.051107431480068945,-1.3961162808498042,0.0,0.0,1.0,0.0,1.0,0.0,1.0,0.0,1.0,0.0,0.0,1.0,0.0
1.3568701828977303,-1.4800695645231439,-0.2963174576027306,-1.3961162808498042,1.0,0.0,0.0,0.0,1.0,0.0,0.0,1.0,0.0,1.0,0.0,0.0,1.0
-1.2535252952500344,-0.02979113605152129,0.7435501087975184,-1.3961162808498042,1.0,0.0,0.0,0.0,1.0,0.0,1.0,0.0,1.0,0.0,0.0,0.0,1.0
0.4198051394600712,1.710542978114426,-1.149233524796762,-0.6930487845135059,1.0,0.0,0.0,0.0,1.0,0.0,1.0,0.0,1.0,0.0,1.0,0.0,0.0
1.3568701828977303,-1.383384335958369,-0.6226133503517798,0.7130862081590905,0.0,1.0,0.0,0.0,1.0,0.0,1.0,0.0,0.0,1.0,0.0,0.0,1.0
-0.3833934692007795,0.9370611495962271,0.3830198928747986,0.010018711822792317,1.0,0.0,0.0,0.0,0.0,1.0,1.0,0.0,1.0,0.0,1.0,0.0,0.0
1.0222040959557093,-0.17481897889868356,0.22227904734842246,-0.6930487845135059,0.0,0.0,1.0,0.0,0.0,1.0,1.0,0.0,0.0,1.0,1.0,0.0,0.0
0.21900548729485853,-1.1900138788288195,1.4223525479754586,0.7130862081590905,0.0,1.0,0.0,0.0,1.0,0.0,0.0,1.0,1.0,0.0,1.0,0.0,0.0
-0.9857924256964175,1.3238020638553265,-1.344476149146603,-0.6930487845135059,1.0,0.0,0.0,1.0,0.0,0.0,0.0,1.0,1.0,0.0,0.0,0.0,1.0
0.4867383568484754,1.3238020638553265,-0.24978017453852167,0.010018711822792317,1.0,0.0,0.0,0.0,1.0,0.0,1.0,0.0,1.0,0.0,0.0,0.0,1.0
0.08513905251805007,-0.4648746645930081,1.6395265356084325,0.010018711822792317,0.0,1.0,0.0,1.0,0.0,0.0,1.0,0.0,1.0,0.0,1.0,0.0,0.0
1.3568701828977303,-0.5132172788753955,-1.377105738421508,-0.6930487845135059,1.0,0.0,0.0,1.0,0.0,0.0,1.0,0.0,1.0,0.0,0.0,0.0,1.0
1.0891373133441133,-1.1900138788288195,0.5603429886884211,0.7130862081590905,1.0,0.0,0.0,0.0,1.0,0.0,1.0,0.0,0.0,1.0,0.0,0.0,1.0
-1.722057816968864,-1.383384335958369,-0.5421091997636948,-1.3961162808498042,1.0,0.0,0.0,0.0,0.0,1.0,0.0,1.0,0.0,1.0,0.0,0.0,1.0
-0.048727382258758375,-1.1900138788288195,-1.7124951232635637,0.010018711822792317,1.0,0.0,0.0,0.0,1.0,0.0,0.0,1.0,0.0,1.0,0.0,0.0,1.0
-0.9188592083080133,0.4536350067723529,1.5437774129820727,-0.6930487845135059,1.0,0.0,0.0,0.0,1.0,0.0,1.0,0.0,0.0,1.0,0.0,1.0,0.0
-1.119658860473226,-0.9483008074168823,-0.7723885142365894,-1.3961162808498042,0.0,1.0,0.0,0.0,1.0,0.0,1.0,0.0,0.0,1.0,1.0,0.0,0.0
1.6246030524513473,0.1635793210780284,-0.5755411559879826,-0.6930487845135059,0.0,0.0,1.0,1.0,0.0,0.0,0.0,1.0,1.0,0.0,1.0,0.0,0.0
0.4198051394600712,-1.5767547930879187,0.8689868085510467,-1.3961162808498042,1.0,0.0,0.0,0.0,1.0,0.0,1.0,0.0,1.0,0.0,1.0,0.0,0.0
-1.2535252952500344,0.4052923924899655,-0.3027363931977937,-0.6930487845135059,1.0,0.0,0.0,1.0,0.0,0.0,0.0,1.0,1.0,0.0,0.0,0.0,1.0
0.6206047916252838,-0.8999581931344949,-0.43673167374473953,0.010018711822792317,1.0,0.0,0.0,0.0,1.0,0.0,1.0,0.0,1.0,0.0,0.0,0.0,1.0
0.5536715742368796,-0.07813375033390871,0.5475051174982946,-1.3961162808498042,0.0,1.0,0.0,1.0,0.0,0.0,0.0,1.0,1.0,0.0,0.0,0.0,1.0
0.35287192207166695,-1.0933286502640445,0.9422696565946855,-0.6930487845135059,0.0,1.0,0.0,1.0,0.0,0.0,1.0,0.0,0.0,1.0,0.0,0.0,1.0
-0.1156605996471626,0.5503202353371277,0.2733630764591342,-1.3961162808498042,0.0,0.0,1.0,0.0,1.0,0.0,1.0,0.0,1.0,0.0,0.0,0.0,1.0
1.3568701828977303,0.01855147823086613,0.4466743375258425,-0.6930487845135059,0.0,0.0,1.0,0.0,1.0,0.0,1.0,0.0,1.0,0.0,1.0,0.0,0.0
0.4198051394600712,0.5986628496195152,1.6911454760187332,-0.6930487845135059,1.0,0.0,0.0,0.0,1.0,0.0,1.0,0.0,0.0,1.0,0.0,0.0,1.0
-1.119658860473226,-0.4648746645930081,0.408160723955463,0.7130862081590905,1.0,0.0,0.0,0.0,1.0,0.0,0.0,1.0,1.0,0.0,0.0,0.0,1.0
-0.8519259909196091,-1.6734400216526937,-0.7499222396538681,0.010018711822792317,1.0,0.0,0.0,0.0,1.0,0.0,1.0,0.0,0.0,1.0,0.0,0.0,1.0
-1.6551245995804598,-1.4800695645231439,-1.636002807422393,-0.6930487845135059,1.0,0.0,0.0,0.0,1.0,0.0,1.0,0.0,0.0,1.0,0.0,0.0,1.0
-0.048727382258758375,-0.17481897889868356,1.060752509453562,0.010018711822792317,1.0,0.0,0.0,0.0,1.0,0.0,1.0,0.0,0.0,1.0,1.0,0.0,0.0
-0.7849927735312048,-1.0449860359816572,1.617327716675506,-0.6930487845135059,1.0,0.0,0.0,0.0,1.0,0.0,1.0,0.0,1.0,0.0,0.0,0.0,1.0
-1.454324947415247,0.11523670679564098,-0.5164334573834418,0.010018711822792317,1.0,0.0,0.0,1.0,0.0,0.0,0.0,1.0,1.0,0.0,1.0,0.0,0.0
0.955270878567305,-0.07813375033390871,-0.07325944567428198,1.4161537044953887,0.0,0.0,1.0,0.0,1.0,0.0,0.0,1.0,1.0,0.0,1.0,0.0,0.0
-1.6551245995804598,0.01855147823086613,0.5509820409456208,-0.6930487845135059,0.0,0.0,1.0,1.0,0.0,0.0,0.0,1.0,0.0,1.0,1.0,0.0,0.0
0.2859387046832627,-1.0933286502640445,0.5710412146801934,0.7130862081590905,0.0,1.0,0.0,0.0,1.0,0.0,1.0,0.0,0.0,1.0,0.0,0.0,1.0
0.018205835129645846,-1.141671264546432,-1.572080907121555,0.010018711822792317,0.0,0.0,1.0,0.0,1.0,0.0,0.0,1.0,0.0,1.0,0.0,0.0,1.0
0.018205835129645846,-0.6099025074401704,-0.6576500404748336,0.010018711822792317,0.0,1.0,0.0,0.0,1.0,0.0,0.0,1.0,1.0,0.0,1.0,0.0,0.0
0.955270878567305,-0.5615598931577829,-0.6782441255089949,0.010018711822792317,1.0,0.0,0.0,0.0,0.0,1.0,1.0,0.0,1.0,0.0,1.0,0.0,0.0
-1.5212581648036514,0.4536350067723529,-0.9957139818148323,0.7130862081590905,1.0,0.0,0.0,0.0,1.0,0.0,0.0,1.0,1.0,0.0,1.0,0.0,0.0
-0.1156605996471626,1.033746378161002,-0.6199387938538368,0.010018711822792317,0.0,0.0,1.0,0.0,1.0,0.0,0.0,1.0,1.0,0.0,0.0,1.0,0.0
-0.45032668658918373,-1.1900138788288195,0.37526367903076363,0.7130862081590905,0.0,1.0,0.0,0.0,0.0,1.0,0.0,1.0,0.0,1.0,0.0,0.0,1.0
-1.5881913821920555,1.3721446781377138,0.12947193686979946,-0.6930487845135059,0.0,0.0,1.0,1.0,0.0,0.0,1.0,0.0,0.0,1.0,1.0,0.0,0.0
-0.048727382258758375,-1.141671264546432,-0.336435805071876,0.7130862081590905,0.0,1.0,0.0,0.0,0.0,1.0,0.0,1.0,0.0,1.0,0.0,0.0,1.0
-1.0527256430848217,0.6470054639019026,-0.1334369668780001,-0.6930487845135059,1.0,0.0,0.0,1.0,0.0,0.0,1.0,0.0,0.0,1.0,0.0,0.0,1.0
0.2859387046832627,-1.383384335958369,1.1383146478939095,1.4161537044953887,0.0,1.0,0.0,0.0,1.0,0.0,1.0,0.0,1.0,0.0,1.0,0.0,0.0
-0.8519259909196091,0.5986628496195152,0.8997442082773913,1.4161537044953887,1.0,0.0,0.0,0.0,1.0,0.0,1.0,0.0,0.0,1.0,0.0,1.0,0.0
-1.5881913821920555,-0.07813375033390871,0.11529678743070138,-0.6930487845135059,0.0,0.0,1.0,1.0,0.0,0.0,1.0,0.0,1.0,0.0,0.0,0.0,1.0
-0.31646025181237525,-0.9483008074168823,-1.2645069098581065,0.7130862081590905,1.0,0.0,0.0,0.0,1.0,0.0,0.0,1.0,1.0,0.0,0.0,0.0,1.0
1.4907366176745387,-0.9483008074168823,1.1741537049663457,-0.6930487845135059,1.0,0.0,0.0,0.0,1.0,0.0,1.0,0.0,1.0,0.0,1.0,0.0,0.0
0.018205835129645846,-0.8999581931344949,0.2672115965138655,-0.6930487845135059,1.0,0.0,0.0,0.0,1.0,0.0,1.0,0.0,1.0,0.0,0.0,0.0,1.0
0.35287192207166695,-0.4648746645930081,-1.315323483319024,2.119221200831687,0.0,1.0,0.0,1.0,0.0,0.0,0.0,1.0,0.0,1.0,1.0,0.0,0.0
0.4867383568484754,-1.3350417216759816,-1.2203767276420465,-0.6930487845135059,1.0,0.0,0.0,0.0,1.0,0.0,1.0,0.0,1.0,0.0,0.0,0.0,1.0
0.21900548729485853,-1.3350417216759816,1.263483891997643,-1.3961162808498042,1.0,0.0,0.0,1.0,0.0,0.0,1.0,0.0,1.0,0.0,0.0,1.0,0.0
-1.454324947415247,0.06689409251325355,0.17975359903112825,0.7130862081590905,0.0,0.0,1.0,0.0,1.0,0.0,0.0,1.0,0.0,1.0,0.0,1.0,0.0
1.4907366176745387,1.2271168352905517,-1.4126773398441501,-1.3961162808498042,0.0,1.0,0.0,1.0,0.0,0.0,0.0,1.0,0.0,1.0,0.0,0.0,1.0
-1.1865920778616301,-0.8999581931344949,-1.724263171854513,1.4161537044953887,0.0,1.0,0.0,0.0,1.0,0.0,1.0,0.0,0.0,1.0,1.0,0.0,0.0
-0.7849927735312048,1.1787742210081642,-0.7202346625267003,-1.3961162808498042,1.0,0.0,0.0,0.0,1.0,0.0,0.0,1.0,1.0,0.0,0.0,1.0,0.0
1.223003748120922,-1.383384335958369,-0.5255269494764478,-0.6930487845135059,1.0,0.0,0.0,0.0,0.0,1.0,1.0,0.0,1.0,0.0,1.0,0.0,0.0
0.5536715742368796,-0.7065877360049452,0.05271216537883444,-0.6930487845135059,1.0,0.0,0.0,0.0,1.0,0.0,0.0,1.0,1.0,0.0,0.0,0.0,1.0
0.35287192207166695,1.517172520984876,-0.14680974936771524,2.8222886971679855,0.0,0.0,1.0,0.0,1.0,0.0,0.0,1.0,1.0,0.0,1.0,0.0,0.0
-1.3873917300268428,1.275459449572939,-1.0689968298584713,0.7130862081590905,0.0,0.0,1.0,1.0,0.0,0.0,1.0,0.0,1.0,0.0,0.0,0.0,1.0
0.6875380090136881,1.5655151352672636,-1.4996004260272986,-1.3961162808498042,0.0,1.0,0.0,1.0,0.0,0.0,0.0,1.0,1.0,0.0,1.0,0.0,0.0
0.8883376611789008,-0.5132172788753955,-0.1746251369463229,0.010018711822792317,1.0,0.0,0.0,1.0,0.0,0.0,0.0,1.0,1.0,0.0,0.0,1.0,0.0
-1.454324947415247,-1.4317269502407566,-1.5875933348096243,0.010018711822792317,1.0,0.0,0.0,1.0,0.0,0.0,1.0,0.0,0.0,1.0,0.0,1.0,0.0
-1.3204585126384387,0.6470054639019026,-1.714634768461918,0.7130862081590905,1.0,0.0,0.0,0.0,1.0,0.0,1.0,0.0,1.0,0.0,0.0,0.0,1.0
-1.5212581648036514,-0.5132172788753955,-1.5541613785853365,0.7130862081590905,0.0,1.0,0.0,0.0,1.0,0.0,1.0,0.0,1.0,0.0,1.0,0.0,0.0
0.8883376611789008,0.35694977820757806,-0.11123814794507303,-0.6930487845135059,0.0,0.0,1.0,1.0,0.0,0.0,1.0,0.0,1.0,0.0,0.0,0.0,1.0
-0.1156605996471626,-0.22316159318107098,-1.2059341225531541,-0.6930487845135059,0.0,0.0,1.0,0.0,1.0,0.0,1.0,0.0,1.0,0.0,0.0,1.0,0.0
-0.18259381703556682,-0.6582451217225578,1.3875833135021998,0.7130862081590905,1.0,0.0,0.0,1.0,0.0,0.0,1.0,0.0,1.0,0.0,1.0,0.0,0.0
-0.048727382258758375,-1.2383564931112068,-0.49664173929866323,1.4161537044953887,1.0,0.0,0.0,0.0,1.0,0.0,0.0,1.0,1.0,0.0,0.0,1.0,0.0
-1.6551245995804598,-1.4800695645231439,1.5983383655401102,1.4161537044953887,1.0,0.0,0.0,0.0,1.0,0.0,1.0,0.0,1.0,0.0,0.0,0.0,1.0
-1.0527256430848217,-1.3350417216759816,1.552870905075079,0.010018711822792317,0.0,1.0,0.0,0.0,0.0,1.0,1.0,0.0,0.0,1.0,0.0,1.0,0.0
0.4867383568484754,0.30860716392519066,0.8903832605345908,-0.6930487845135059,1.0,0.0,0.0,1.0,0.0,0.0,1.0,0.0,0.0,1.0,0.0,1.0,0.0
-0.5172599039775879,-0.7065877360049452,-1.4677732037017766,0.010018711822792317,0.0,0.0,1.0,0.0,0.0,1.0,1.0,0.0,0.0,1.0,0.0,1.0,0.0
-0.9188592083080133,-0.8999581931344949,0.24635005582990988,-0.6930487845135059,1.0,0.0,0.0,0.0,1.0,0.0,1.0,0.0,1.0,0.0,0.0,1.0,0.0
-0.18259381703556682,0.11523670679564098,0.1251926464730907,-0.6930487845135059,0.0,0.0,1.0,0.0,1.0,0.0,0.0,1.0,0.0,1.0,0.0,1.0,0.0
-0.5172599039775879,0.4536350067723529,1.6395265356084325,0.7130862081590905,0.0,0.0,1.0,1.0,0.0,0.0,1.0,0.0,1.0,0.0,1.0,0.0,0.0
0.08513905251805007,-0.36818943602823323,-1.6718418644948294,0.7130862081590905,0.0,0.0,1.0,0.0,1.0,0.0,1.0,0.0,1.0,0.0,1.0,0.0,0.0
0.955270878567305,-0.07813375033390871,-0.8036808252625228,-1.3961162808498042,1.0,0.0,0.0,1.0,0.0,0.0,1.0,0.0,1.0,0.0,0.0,1.0,0.0
0.4198051394600712,-1.2383564931112068,0.5504471296460318,2.119221200831687,0.0,1.0,0.0,0.0,1.0,0.0,1.0,0.0,1.0,0.0,0.0,0.0,1.0
0.5536715742368796,0.8887185353138397,-0.4490346336352773,0.7130862081590905,0.0,0.0,1.0,0.0,1.0,0.0,1.0,0.0,0.0,1.0,0.0,1.0,0.0
1.1560705307325176,-0.17481897889868356,1.463005806744193,0.010018711822792317,0.0,1.0,0.0,1.0,0.0,0.0,1.0,0.0,1.0,0.0,0.0,1.0,0.0
0.21900548729485853,1.2271168352905517,0.3092021335315709,0.010018711822792317,0.0,1.0,0.0,0.0,1.0,0.0,1.0,0.0,0.0,1.0,0.0,1.0,0.0
1.557669835062943,1.517172520984876,-0.6301021085460203,-0.6930487845135059,1.0,0.0,0.0,0.0,1.0,0.0,1.0,0.0,0.0,1.0,1.0,0.0,0.0
-0.5841931213659922,-1.0449860359816572,-1.0451932770267782,0.010018711822792317,1.0,0.0,0.0,0.0,1.0,0.0,1.0,0.0,0.0,1.0,0.0,1.0,0.0
-1.6551245995804598,-0.5615598931577829,-1.1291743510621894,1.4161537044953887,0.0,0.0,1.0,0.0,0.0,1.0,1.0,0.0,1.0,0.0,0.0,1.0,0.0
-1.3873917300268428,1.2271168352905517,-1.1535128151934708,-1.3961162808498042,1.0,0.0,0.0,0.0,1.0,0.0,0.0,1.0,1.0,0.0,1.0,0.0,0.0
-0.7849927735312048,1.6622003638320384,-0.8146465069040892,-0.6930487845135059,1.0,0.0,0.0,0.0,1.0,0.0,1.0,0.0,0.0,1.0,0.0,0.0,1.0
1.557669835062943,-1.6734400216526937,-1.5279507249054947,0.7130862081590905,1.0,0.0,0.0,0.0,1.0,0.0,1.0,0.0,1.0,0.0,1.0,0.0,0.0
-0.9857924256964175,-0.07813375033390871,0.826193904583958,-0.6930487845135059,1.0,0.0,0.0,1.0,0.0,0.0,0.0,1.0,1.0,0.0,1.0,0.0,0.0
1.1560705307325176,0.8887185353138397,0.5301205002616651,-0.6930487845135059,0.0,1.0,0.0,1.0,0.0,0.0,1.0,0.0,1.0,0.0,0.0,1.0,0.0
-0.5841931213659922,1.6138577495496509,-1.0342275953852118,0.010018711822792317,0.0,0.0,1.0,0.0,1.0,0.0,1.0,0.0,0.0,1.0,0.0,1.0,0.0
-0.048727382258758375,0.5986628496195152,0.13856542896280583,0.010018711822792317,0.0,1.0,0.0,0.0,0.0,1.0,1.0,0.0,1.0,0.0,0.0,0.0,1.0
0.35287192207166695,-0.9966434216992697,-1.7111578450145921,-0.6930487845135059,1.0,0.0,0.0,1.0,0.0,0.0,1.0,0.0,1.0,0.0,0.0,0.0,1.0
0.6206047916252838,1.710542978114426,-1.4204335536881851,1.4161537044953887,0.0,1.0,0.0,0.0,0.0,1.0,0.0,1.0,1.0,0.0,0.0,0.0,1.0
-1.2535252952500344,0.6470054639019026,-1.578499842716618,1.4161537044953887,1.0,0.0,0.0,0.0,0.0,1.0,1.0,0.0,0.0,1.0,1.0,0.0,0.0
-1.454324947415247,-0.4648746645930081,0.47716428160239305,0.7130862081590905,0.0,0.0,1.0,0.0,1.0,0.0,1.0,0.0,1.0,0.0,0.0,0.0,1.0
1.3568701828977303,-1.5284121788055314,0.0880163111516826,1.4161537044953887,0.0,1.0,0.0,0.0,0.0,1.0,1.0,0.0,0.0,1.0,0.0,0.0,1.0
-0.18259381703556682,0.8403759210314523,1.2097253063889883,0.7130862081590905,1.0,0.0,0.0,0.0,1.0,0.0,1.0,0.0,1.0,0.0,0.0,0.0,1.0
-0.18259381703556682,-0.5615598931577829,-1.212887969447806,-0.6930487845135059,1.0,0.0,0.0,1.0,0.0,0.0,1.0,0.0,0.0,1.0,1.0,0.0,0.0
-1.6551245995804598,0.5503202353371277,-0.5423766554134892,-0.6930487845135059,1.0,0.0,0.0,0.0,0.0,1.0,0.0,1.0,0.0,1.0,0.0,1.0,0.0
0.6206047916252838,1.710542978114426,-0.8470086405291999,-0.6930487845135059,0.0,1.0,0.0,0.0,0.0,1.0,1.0,0.0,1.0,0.0,0.0,0.0,1.0
1.557669835062943,-0.6582451217225578,1.5154271141038764,-0.6930487845135059,1.0,0.0,0.0,0.0,1.0,0.0,1.0,0.0,0.0,1.0,0.0,1.0,0.0
1.557669835062943,1.033746378161002,-0.30246893754799964,0.010018711822792317,1.0,0.0,0.0,0.0,0.0,1.0,0.0,1.0,0.0,1.0,0.0,0.0,1.0
-0.3833934692007795,0.06689409251325355,0.5948447675118864,0.010018711822792317,0.0,1.0,0.0,0.0,1.0,0.0,1.0,0.0,1.0,0.0,0.0,1.0,0.0
-0.24952703442397103,-0.12647636461629613,-1.3353826570535967,0.010018711822792317,1.0,0.0,0.0,0.0,1.0,0.0,1.0,0.0,0.0,1.0,0.0,1.0,0.0
-1.454324947415247,0.30860716392519066,1.260006968550317,0.010018711822792317,0.0,1.0,0.0,0.0,1.0,0.0,1.0,0.0,1.0,0.0,1.0,0.0,0.0
-0.5841931213659922,0.21192193536041581,-1.6812028122376304,0.010018711822792317,0.0,1.0,0.0,0.0,1.0,0.0,1.0,0.0,1.0,0.0,0.0,1.0,0.0
1.4907366176745387,-0.8516155788521075,-1.1778512793247524,0.010018711822792317,0.0,1.0,0.0,1.0,0.0,0.0,1.0,0.0,1.0,0.0,1.0,0.0,0.0
-0.3833934692007795,-0.4165320503106206,0.46058203131514613,0.7130862081590905,1.0,0.0,0.0,0.0,1.0,0.0,1.0,0.0,0.0,1.0,0.0,1.0,0.0
1.223003748120922,0.11523670679564098,1.1169181959103653,2.8222886971679855,0.0,1.0,0.0,1.0,0.0,0.0,0.0,1.0,1.0,0.0,0.0,1.0,0.0
-0.8519259909196091,-0.36818943602823323,-1.3043578016774575,0.010018711822792317,1.0,0.0,0.0,0.0,0.0,1.0,1.0,0.0,1.0,0.0,1.0,0.0,0.0
0.8214044437904965,-1.2383564931112068,-1.1773163680251637,0.010018711822792317,0.0,0.0,1.0,0.0,1.0,0.0,1.0,0.0,1.0,0.0,0.0,0.0,1.0
-0.7180595561428006,0.11523670679564098,-0.3845778220348504,-0.6930487845135059,1.0,0.0,0.0,0.0,1.0,0.0,1.0,0.0,0.0,1.0,0.0,0.0,1.0
-1.722057816968864,0.30860716392519066,-1.074078487204563,0.010018711822792317,1.0,0.0,0.0,0.0,1.0,0.0,1.0,0.0,1.0,0.0,0.0,0.0,1.0
1.6915362698397514,-1.3350417216759816,1.129221155800903,0.010018711822792317,0.0,0.0,1.0,0.0,1.0,0.0,1.0,0.0,1.0,0.0,0.0,0.0,1.0
0.5536715742368796,-1.0933286502640445,1.1709442371688148,-1.3961162808498042,0.0,0.0,1.0,0.0,1.0,0.0,1.0,0.0,1.0,0.0,0.0,0.0,1.0
0.08513905251805007,0.8403759210314523,0.811216388195477,0.7130862081590905,1.0,0.0,0.0,1.0,0.0,0.0,0.0,1.0,0.0,1.0,0.0,0.0,1.0
0.21900548729485853,-0.22316159318107098,-1.261297442060575,0.7130862081590905,0.0,0.0,1.0,0.0,0.0,1.0,1.0,0.0,0.0,1.0,0.0,1.0,0.0
0.955270878567305,-0.8516155788521075,1.3423833086869628,-1.3961162808498042,1.0,0.0,0.0,0.0,1.0,0.0,1.0,0.0,1.0,0.0,0.0,0.0,1.0
1.0891373133441133,-0.12647636461629613,-0.8007388131147856,-0.6930487845135059,0.0,1.0,0.0,0.0,1.0,0.0,1.0,0.0,1.0,0.0,0.0,1.0,0.0
0.955270878567305,0.1635793210780284,1.5534058163746671,0.010018711822792317,1.0,0.0,0.0,0.0,1.0,0.0,1.0,0.0,0.0,1.0,0.0,1.0,0.0
0.8214044437904965,-0.7549303502873326,0.5956471344612694,-0.6930487845135059,0.0,0.0,1.0,0.0,1.0,0.0,1.0,0.0,0.0,1.0,0.0,1.0,0.0
0.6875380090136881,1.6138577495496509,-0.33162160337557833,0.010018711822792317,1.0,0.0,0.0,1.0,0.0,0.0,1.0,0.0,0.0,1.0,0.0,0.0,1.0
-1.2535252952500344,0.5019776210547403,-1.554696289884925,0.7130862081590905,1.0,0.0,0.0,0.0,1.0,0.0,1.0,0.0,0.0,1.0,1.0,0.0,0.0
0.6206047916252838,-1.6250974073703062,-0.27278136042083206,0.010018711822792317,0.0,1.0,0.0,0.0,1.0,0.0,1.0,0.0,1.0,0.0,1.0,0.0,0.0
1.1560705307325176,1.0820889924433894,0.3124116013291026,-0.6930487845135059,1.0,0.0,0.0,1.0,0.0,0.0,0.0,1.0,0.0,1.0,0.0,1.0,0.0
1.223003748120922,0.30860716392519066,-0.24603579544140178,1.4161537044953887,1.0,0.0,0.0,1.0,0.0,0.0,1.0,0.0,1.0,0.0,0.0,0.0,1.0
1.6246030524513473,-1.6250974073703062,0.9933536857053973,-0.6930487845135059,0.0,0.0,1.0,0.0,1.0,0.0,1.0,0.0,1.0,0.0,1.0,0.0,0.0
1.6915362698397514,-0.36818943602823323,-0.9168145651255128,-0.6930487845135059,0.0,0.0,1.0,0.0,1.0,0.0,1.0,0.0,0.0,1.0,0.0,1.0,0.0
1.6246030524513473,1.3721446781377138,1.260541879849906,-0.6930487845135059,1.0,0.0,0.0,0.0,0.0,1.0,1.0,0.0,1.0,0.0,1.0,0.0,0.0
1.0222040959557093,0.35694977820757806,0.6111595621493389,0.010018711822792317,1.0,0.0,0.0,1.0,0.0,0.0,0.0,1.0,1.0,0.0,0.0,1.0,0.0
0.5536715742368796,0.4052923924899655,-0.438068951993711,0.010018711822792317,1.0,0.0,0.0,0.0,1.0,0.0,1.0,0.0,1.0,0.0,1.0,0.0,0.0
0.4198051394600712,-1.5284121788055314,0.10968021878502118,-0.6930487845135059,1.0,0.0,0.0,1.0,0.0,0.0,1.0,0.0,1.0,0.0,0.0,1.0,0.0
-1.454324947415247,-1.5284121788055314,0.030780802095701797,0.010018711822792317,1.0,0.0,0.0,1.0,0.0,0.0,0.0,1.0,1.0,0.0,0.0,0.0,1.0
-0.18259381703556682,0.5503202353371277,0.8783477562938472,0.010018711822792317,0.0,1.0,0.0,0.0,1.0,0.0,1.0,0.0,1.0,0.0,0.0,1.0,0.0
0.6875380090136881,1.4204872924201013,-0.23105827905292076,2.119221200831687,0.0,0.0,1.0,0.0,1.0,0.0,0.0,1.0,1.0,0.0,1.0,0.0,0.0
0.5536715742368796,0.21192193536041581,0.6100897395501614,0.7130862081590905,1.0,0.0,0.0,0.0,1.0,0.0,1.0,0.0,1.0,0.0,1.0,0.0,0.0
0.6875380090136881,-1.0449860359816572,0.803192718701648,-0.6930487845135059,1.0,0.0,0.0,0.0,1.0,0.0,1.0,0.0,1.0,0.0,0.0,1.0,0.0
-0.18259381703556682,-0.9966434216992697,1.5009845090149836,0.7130862081590905,0.0,0.0,1.0,0.0,1.0,0.0,0.0,1.0,0.0,1.0,0.0,1.0,0.0
-0.45032668658918373,1.033746378161002,1.5049963437618983,0.7130862081590905,0.0,1.0,0.0,1.0,0.0,0.0,1.0,0.0,0.0,1.0,0.0,1.0,0.0
-1.2535252952500344,-1.0933286502640445,-0.6806512263571436,2.119221200831687,1.0,0.0,0.0,0.0,1.0,0.0,0.0,1.0,0.0,1.0,0.0,0.0,1.0
1.223003748120922,-1.721782635935081,0.14605418715704635,0.010018711822792317,1.0,0.0,0.0,0.0,0.0,1.0,1.0,0.0,1.0,0.0,0.0,0.0,1.0
0.7544712264020923,-0.8516155788521075,1.4097821324351265,0.7130862081590905,1.0,0.0,0.0,0.0,1.0,0.0,1.0,0.0,1.0,0.0,0.0,0.0,1.0
0.018205835129645846,-1.2866991073935943,0.6916637127374238,-1.3961162808498042,0.0,1.0,0.0,1.0,0.0,0.0,0.0,1.0,1.0,0.0,1.0,0.0,0.0
0.8883376611789008,0.1635793210780284,-0.09893518805453527,0.010018711822792317,1.0,0.0,0.0,1.0,0.0,0.0,1.0,0.0,0.0,1.0,0.0,0.0,1.0
-0.6511263387543964,0.8403759210314523,0.015535830057426342,-1.3961162808498042,1.0,0.0,0.0,0.0,0.0,1.0,0.0,1.0,1.0,0.0,1.0,0.0,0.0
0.4198051394600712,-0.8999581931344949,-1.035297417984389,0.010018711822792317,1.0,0.0,0.0,1.0,0.0,0.0,1.0,0.0,1.0,0.0,0.0,1.0,0.0
0.6206047916252838,-1.4317269502407566,1.3830365674556961,0.010018711822792317,0.0,0.0,1.0,0.0,1.0,0.0,1.0,0.0,1.0,0.0,1.0,0.0,0.0
1.3568701828977303,0.9854037638786145,-0.805553014811083,0.010018711822792317,1.0,0.0,0.0,0.0,1.0,0.0,1.0,0.0,1.0,0.0,0.0,1.0,0.0
0.2859387046832627,-0.02979113605152129,0.7427477418481359,0.010018711822792317,0.0,0.0,1.0,0.0,0.0,1.0,1.0,0.0,0.0,1.0,1.0,0.0,0.0
-1.5212581648036514,-0.8999581931344949,-1.5760927418684691,-1.3961162808498042,1.0,0.0,0.0,0.0,1.0,0.0,0.0,1.0,0.0,1.0,0.0,0.0,1.0
0.4867383568484754,-0.36818943602823323,-1.4190962754392136,0.7130862081590905,0.0,1.0,0.0,0.0,1.0,0.0,0.0,1.0,0.0,1.0,1.0,0.0,0.0
-0.7849927735312048,1.3721446781377138,0.09951690409283742,-1.3961162808498042,1.0,0.0,0.0,0.0,1.0,0.0,1.0,0.0,0.0,1.0,0.0,1.0,0.0
1.289936965509326,-0.7549303502873326,0.1308092151187709,0.010018711822792317,0.0,0.0,1.0,0.0,1.0,0.0,0.0,1.0,1.0,0.0,1.0,0.0,0.0
-1.3873917300268428,0.5503202353371277,-1.6884241147820764,1.4161537044953887,1.0,0.0,0.0,0.0,1.0,0.0,1.0,0.0,1.0,0.0,0.0,1.0,0.0
-1.5881913821920555,1.3238020638553265,-1.3522323629906379,-0.6930487845135059,1.0,0.0,0.0,1.0,0.0,0.0,1.0,0.0,0.0,1.0,0.0,0.0,1.0
-0.048727382258758375,0.4536350067723529,-0.7130133599822542,0.010018711822792317,0.0,1.0,0.0,1.0,0.0,0.0,0.0,1.0,0.0,1.0,0.0,1.0,0.0
-1.6551245995804598,0.5019776210547403,-1.1059057095300848,-0.6930487845135059,1.0,0.0,0.0,1.0,0.0,0.0,0.0,1.0,1.0,0.0,1.0,0.0,0.0
1.1560705307325176,-0.5615598931577829,-0.661661875221748,0.010018711822792317,1.0,0.0,0.0,0.0,1.0,0.0,1.0,0.0,1.0,0.0,0.0,0.0,1.0
0.6206047916252838,0.7436906924666774,-0.4835364124587425,0.010018711822792317,1.0,0.0,0.0,1.0,0.0,0.0,0.0,1.0,1.0,0.0,1.0,0.0,0.0
0.6875380090136881,-1.0449860359816572,0.4648613217118553,-0.6930487845135059,0.0,1.0,0.0,0.0,1.0,0.0,1.0,0.0,1.0,0.0,0.0,1.0,0.0
1.3568701828977303,-0.6582451217225578,1.1086270707667418,-0.6930487845135059,1.0,0.0,0.0,1.0,0.0,0.0,1.0,0.0,1.0,0.0,0.0,1.0,0.0
-1.3873917300268428,-0.22316159318107098,-1.129976718011572,-1.3961162808498042,1.0,0.0,0.0,0.0,0.0,1.0,1.0,0.0,0.0,1.0,0.0,1.0,0.0
0.4198051394600712,1.033746378161002,-0.2152783957150568,-0.6930487845135059,1.0,0.0,0.0,0.0,0.0,1.0,1.0,0.0,0.0,1.0,0.0,0.0,1.0
-1.1865920778616301,1.6138577495496509,-0.8930110122938199,-0.6930487845135059,0.0,1.0,0.0,0.0,1.0,0.0,1.0,0.0,1.0,0.0,1.0,0.0,0.0
-0.6511263387543964,-1.5767547930879187,0.40575362310731417,-0.6930487845135059,0.0,1.0,0.0,0.0,0.0,1.0,0.0,1.0,1.0,0.0,0.0,0.0,1.0
-1.3873917300268428,-0.6582451217225578,0.47957138245054187,0.010018711822792317,0.0,1.0,0.0,0.0,1.0,0.0,1.0,0.0,1.0,0.0,0.0,0.0,1.0
0.08513905251805007,0.01855147823086613,0.6622435912600506,0.010018711822792317,0.0,0.0,1.0,1.0,0.0,0.0,1.0,0.0,1.0,0.0,0.0,1.0,0.0
1.3568701828977303,0.4052923924899655,-1.1716997993794833,-0.6930487845135059,0.0,0.0,1.0,0.0,0.0,1.0,1.0,0.0,1.0,0.0,0.0,1.0,0.0
-0.5841931213659922,-0.6099025074401704,0.9700850441732932,0.7130862081590905,1.0,0.0,0.0,1.0,0.0,0.0,1.0,0.0,1.0,0.0,0.0,0.0,1.0
-0.1156605996471626,-0.07813375033390871,-0.568854764743125,0.7130862081590905,0.0,1.0,0.0,0.0,1.0,0.0,1.0,0.0,0.0,1.0,0.0,1.0,0.0
0.5536715742368796,-1.0449860359816572,-1.484087998339229,-0.6930487845135059,1.0,0.0,0.0,1.0,0.0,0.0,0.0,1.0,0.0,1.0,1.0,0.0,0.0
1.6246030524513473,-1.4800695645231439,-0.8403222492843423,0.010018711822792317,0.0,0.0,1.0,1.0,0.0,0.0,0.0,1.0,0.0,1.0,0.0,1.0,0.0
-1.6551245995804598,-1.383384335958369,-1.0173778894481709,0.010018711822792317,0.0,1.0,0.0,1.0,0.0,0.0,1.0,0.0,1.0,0.0,1.0,0.0,0.0
1.1560705307325176,-0.5615598931577829,1.5796164700545094,1.4161537044953887,1.0,0.0,0.0,1.0,0.0,0.0,1.0,0.0,0.0,1.0,1.0,0.0,0.0
0.8883376611789008,-0.17481897889868356,-0.6801163150575549,0.010018711822792317,0.0,1.0,0.0,1.0,0.0,0.0,1.0,0.0,1.0,0.0,0.0,1.0,0.0
0.5536715742368796,0.11523670679564098,0.2864684032990553,1.4161537044953887,0.0,0.0,1.0,1.0,0.0,0.0,1.0,0.0,1.0,0.0,1.0,0.0,0.0
-0.5172599039775879,0.7920333067490648,1.3734081640631017,0.7130862081590905,1.0,0.0,0.0,0.0,0.0,1.0,0.0,1.0,0.0,1.0,0.0,0.0,1.0
-1.119658860473226,0.11523670679564098,-0.7833541958781559,0.7130862081590905,1.0,0.0,0.0,1.0,0.0,0.0,1.0,0.0,0.0,1.0,0.0,0.0,1.0
1.1560705307325176,-0.07813375033390871,1.7039833472088595,-1.3961162808498042,0.0,1.0,0.0,0.0,1.0,0.0,1.0,0.0,1.0,0.0,0.0,0.0,1.0
0.21900548729485853,-0.9483008074168823,-1.7015294416219973,0.010018711822792317,1.0,0.0,0.0,0.0,1.0,0.0,1.0,0.0,0.0,1.0,0.0,1.0,0.0
1.4907366176745387,-1.6250974073703062,0.4209985951455896,0.010018711822792317,0.0,1.0,0.0,0.0,0.0,1.0,1.0,0.0,1.0,0.0,0.0,1.0,0.0
0.018205835129645846,1.033746378161002,0.4124400143521717,0.010018711822792317,0.0,1.0,0.0,0.0,1.0,0.0,0.0,1.0,0.0,1.0,0.0,0.0,1.0
-0.7849927735312048,-0.8999581931344949,0.4924092536406685,0.010018711822792317,1.0,0.0,0.0,0.0,1.0,0.0,1.0,0.0,1.0,0.0,0.0,0.0,1.0
-0.8519259909196091,-1.3350417216759816,1.6119786036796195,0.7130862081590905,0.0,1.0,0.0,0.0,1.0,0.0,1.0,0.0,0.0,1.0,0.0,0.0,1.0
-0.31646025181237525,-1.4800695645231439,-0.21795295221299968,-0.6930487845135059,0.0,0.0,1.0,1.0,0.0,0.0,1.0,0.0,1.0,0.0,1.0,0.0,0.0
-1.119658860473226,-0.8516155788521075,-1.0358323292839777,0.010018711822792317,0.0,1.0,0.0,0.0,1.0,0.0,1.0,0.0,1.0,0.0,0.0,1.0,0.0
1.223003748120922,-0.36818943602823323,0.5662270129838958,0.010018711822792317,0.0,0.0,1.0,0.0,1.0,0.0,1.0,0.0,0.0,1.0,1.0,0.0,0.0
1.223003748120922,0.4536350067723529,0.1583571470475841,-1.3961162808498042,1.0,0.0,0.0,0.0,1.0,0.0,0.0,1.0,0.0,1.0,0.0,0.0,1.0
-1.722057816968864,-1.6250974073703062,1.4137939671820412,-1.3961162808498042,1.0,0.0,0.0,0.0,1.0,0.0,1.0,0.0,1.0,0.0,1.0,0.0,0.0
-1.5881913821920555,0.4052923924899655,1.0754625701922484,0.010018711822792317,0.0,0.0,1.0,1.0,0.0,0.0,1.0,0.0,1.0,0.0,0.0,1.0,0.0
0.21900548729485853,1.1304316067257767,0.918733559412787,0.010018711822792317,1.0,0.0,0.0,0.0,0.0,1.0,1.0,0.0,0.0,1.0,0.0,1.0,0.0
-1.3873917300268428,0.6470054639019026,0.27550272165748857,-0.6930487845135059,1.0,0.0,0.0,0.0,1.0,0.0,1.0,0.0,0.0,1.0,0.0,0.0,1.0
-1.454324947415247,-0.36818943602823323,1.4870768152256804,1.4161537044953887,1.0,0.0,0.0,0.0,0.0,1.0,0.0,1.0,1.0,0.0,0.0,1.0,0.0
-0.048727382258758375,-0.02979113605152129,0.028106245597758543,2.119221200831687,1.0,0.0,0.0,0.0,1.0,0.0,1.0,0.0,1.0,0.0,1.0,0.0,0.0
0.6875380090136881,-0.02979113605152129,0.8866388814374706,0.010018711822792317,1.0,0.0,0.0,0.0,1.0,0.0,0.0,1.0,1.0,0.0,0.0,1.0,0.0
-1.1865920778616301,0.30860716392519066,-0.5816926359332515,-1.3961162808498042,1.0,0.0,0.0,0.0,0.0,1.0,1.0,0.0,1.0,0.0,1.0,0.0,0.0
0.4198051394600712,-1.383384335958369,0.2024873292636442,0.7130862081590905,1.0,0.0,0.0,0.0,1.0,0.0,1.0,0.0,0.0,1.0,1.0,0.0,0.0
-0.1156605996471626,-0.12647636461629613,-0.3286795912278411,0.010018711822792317,1.0,0.0,0.0,1.0,0.0,0.0,0.0,1.0,1.0,0.0,1.0,0.0,0.0
0.8214044437904965,-0.07813375033390871,-1.0489376561238986,-1.3961162808498042,1.0,0.0,0.0,0.0,0.0,1.0,1.0,0.0,1.0,0.0,0.0,0.0,1.0
-0.048727382258758375,-0.12647636461629613,-0.22062750871094294,-0.6930487845135059,1.0,0.0,0.0,0.0,1.0,0.0,1.0,0.0,0.0,1.0,0.0,1.0,0.0
1.4907366176745387,0.7436906924666774,-0.4629423274245813,-1.3961162808498042,1.0,0.0,0.0,0.0,1.0,0.0,0.0,1.0,1.0,0.0,0.0,0.0,1.0
0.4198051394600712,1.1304316067257767,-0.7761328933337096,1.4161537044953887,1.0,0.0,0.0,1.0,0.0,0.0,1.0,0.0,0.0,1.0,0.0,1.0,0.0
-0.3833934692007795,-0.7549303502873326,-1.0684619185588826,0.7130862081590905,1.0,0.0,0.0,0.0,1.0,0.0,0.0,1.0,0.0,1.0,0.0,1.0,0.0
0.5536715742368796,0.4536350067723529,0.956712261683578,0.7130862081590905,0.0,0.0,1.0,0.0,1.0,0.0,1.0,0.0,0.0,1.0,0.0,1.0,0.0
-0.24952703442397103,-1.3350417216759816,-0.2824097638134269,1.4161537044953887,0.0,1.0,0.0,0.0,0.0,1.0,1.0,0.0,0.0,1.0,0.0,0.0,1.0
-0.1156605996471626,0.11523670679564098,0.6483358974707469,2.119221200831687,0.0,1.0,0.0,1.0,0.0,0.0,1.0,0.0,1.0,0.0,1.0,0.0,0.0
-0.24952703442397103,0.11523670679564098,-1.4878323774363493,0.010018711822792317,1.0,0.0,0.0,0.0,1.0,0.0,0.0,1.0,0.0,1.0,1.0,0.0,0.0
-1.722057816968864,0.6470054639019026,-1.7082158328668549,-1.3961162808498042,1.0,0.0,0.0,0.0,1.0,0.0,0.0,1.0,1.0,0.0,0.0,1.0,0.0
1.289936965509326,0.21192193536041581,-1.5905353469573615,-0.6930487845135059,0.0,0.0,1.0,0.0,1.0,0.0,0.0,1.0,0.0,1.0,0.0,0.0,1.0
1.4907366176745387,-0.31984682174584583,1.7039833472088595,1.4161537044953887,1.0,0.0,0.0,1.0,0.0,0.0,1.0,0.0,1.0,0.0,0.0,0.0,1.0
1.6915362698397514,1.2271168352905517,1.7026460689598883,-0.6930487845135059,1.0,0.0,0.0,1.0,0.0,0.0,0.0,1.0,1.0,0.0,0.0,1.0,0.0
-1.2535252952500344,1.033746378161002,-0.1476121163170982,-0.6930487845135059,1.0,0.0,0.0,1.0,0.0,0.0,0.0,1.0,0.0,1.0,0.0,0.0,1.0
0.35287192207166695,-0.80327296456972,1.3731407084133076,0.7130862081590905,0.0,1.0,0.0,1.0,0.0,0.0,1.0,0.0,1.0,0.0,1.0,0.0,0.0
0.018205835129645846,-0.6582451217225578,-1.6453637551651936,-0.6930487845135059,0.0,1.0,0.0,0.0,1.0,0.0,0.0,1.0,0.0,1.0,0.0,0.0,1.0
0.21900548729485853,-1.141671264546432,-0.07085234482613317,0.7130862081590905,0.0,0.0,1.0,1.0,0.0,0.0,1.0,0.0,1.0,0.0,0.0,0.0,1.0
-0.048727382258758375,1.275459449572939,-1.3779081053708908,0.010018711822792317,1.0,0.0,0.0,0.0,1.0,0.0,1.0,0.0,1.0,0.0,1.0,0.0,0.0
1.0222040959557093,-0.31984682174584583,1.3974791725445892,0.010018711822792317,1.0,0.0,0.0,0.0,0.0,1.0,1.0,0.0,0.0,1.0,0.0,0.0,1.0
-0.9188592083080133,-0.36818943602823323,-0.9820737436753229,1.4161537044953887,1.0,0.0,0.0,1.0,0.0,0.0,1.0,0.0,0.0,1.0,1.0,0.0,0.0
1.289936965509326,1.1304316067257767,1.25893714595114,1.4161537044953887,0.0,1.0,0.0,1.0,0.0,0.0,1.0,0.0,0.0,1.0,0.0,1.0,0.0
-0.7849927735312048,0.4536350067723529,-0.9604098360419843,0.010018711822792317,1.0,0.0,0.0,0.0,0.0,1.0,0.0,1.0,0.0,1.0,1.0,0.0,0.0
-0.5172599039775879,1.033746378161002,-1.696982695575494,2.119221200831687,1.0,0.0,0.0,0.0,0.0,1.0,1.0,0.0,1.0,0.0,0.0,1.0,0.0
1.1560705307325176,1.033746378161002,-1.6531199690092284,0.7130862081590905,1.0,0.0,0.0,1.0,0.0,0.0,0.0,1.0,1.0,0.0,0.0,1.0,0.0
1.6246030524513473,0.2602645496428032,-1.1984453643589137,-0.6930487845135059,0.0,0.0,1.0,0.0,1.0,0.0,0.0,1.0,1.0,0.0,1.0,0.0,0.0
0.5536715742368796,1.4204872924201013,-0.4982464731974291,0.010018711822792317,1.0,0.0,0.0,0.0,0.0,1.0,1.0,0.0,0.0,1.0,0.0,1.0,0.0
0.15207226990645428,-1.3350417216759816,-1.129976718011572,0.7130862081590905,1.0,0.0,0.0,0.0,1.0,0.0,0.0,1.0,1.0,0.0,0.0,0.0,1.0
-1.454324947415247,-0.31984682174584583,1.3378365626404591,-0.6930487845135059,0.0,1.0,0.0,1.0,0.0,0.0,1.0,0.0,1.0,0.0,0.0,0.0,1.0
0.4867383568484754,-0.07813375033390871,1.6759005039804582,0.010018711822792317,0.0,1.0,0.0,1.0,0.0,0.0,0.0,1.0,1.0,0.0,1.0,0.0,0.0
0.2859387046832627,-1.6734400216526937,1.3437205869359337,0.010018711822792317,1.0,0.0,0.0,0.0,1.0,0.0,0.0,1.0,1.0,0.0,1.0,0.0,0.0
-1.454324947415247,-0.17481897889868356,0.63362583673206,0.7130862081590905,1.0,0.0,0.0,0.0,0.0,1.0,1.0,0.0,0.0,1.0,1.0,0.0,0.0
-0.1156605996471626,1.1304316067257767,-0.21313875051670245,-0.6930487845135059,0.0,0.0,1.0,1.0,0.0,0.0,1.0,0.0,0.0,1.0,0.0,0.0,1.0
1.223003748120922,0.9370611495962271,-1.455737699461033,-0.6930487845135059,0.0,1.0,0.0,0.0,1.0,0.0,1.0,0.0,0.0,1.0,0.0,1.0,0.0
0.6206047916252838,0.9854037638786145,-0.711943537383077,0.7130862081590905,1.0,0.0,0.0,1.0,0.0,0.0,1.0,0.0,0.0,1.0,1.0,0.0,0.0
-0.31646025181237525,-0.31984682174584583,1.5598247519697308,0.010018711822792317,0.0,1.0,0.0,0.0,1.0,0.0,1.0,0.0,1.0,0.0,0.0,1.0,0.0
1.289936965509326,1.517172520984876,0.7705631294267431,0.010018711822792317,0.0,0.0,1.0,0.0,1.0,0.0,0.0,1.0,1.0,0.0,1.0,0.0,0.0
1.4238034002861346,0.5019776210547403,-0.8486133744279657,0.7130862081590905,1.0,0.0,0.0,1.0,0.0,0.0,1.0,0.0,0.0,1.0,0.0,0.0,1.0
-1.6551245995804598,-0.9483008074168823,-1.356779109037141,1.4161537044953887,1.0,0.0,0.0,0.0,1.0,0.0,0.0,1.0,1.0,0.0,0.0,1.0,0.0
-0.5841931213659922,0.5503202353371277,-0.6565802178756563,0.010018711822792317,0.0,1.0,0.0,0.0,1.0,0.0,1.0,0.0,1.0,0.0,0.0,1.0,0.0
-1.119658860473226,0.01855147823086613,1.3354294617923104,2.8222886971679855,1.0,0.0,0.0,0.0,0.0,1.0,1.0,0.0,1.0,0.0,0.0,0.0,1.0
-0.048727382258758375,-0.7065877360049452,0.9807832701650651,0.010018711822792317,0.0,1.0,0.0,0.0,1.0,0.0,1.0,0.0,0.0,1.0,0.0,1.0,0.0
0.5536715742368796,1.6622003638320384,-0.6472192701328557,0.7130862081590905,1.0,0.0,0.0,0.0,1.0,0.0,0.0,1.0,1.0,0.0,1.0,0.0,0.0
0.018205835129645846,0.35694977820757806,-0.9261755128683135,0.010018711822792317,1.0,0.0,0.0,0.0,1.0,0.0,0.0,1.0,0.0,1.0,1.0,0.0,0.0
0.5536715742368796,-0.6582451217225578,-0.04811861459361759,1.4161537044953887,1.0,0.0,0.0,1.0,0.0,0.0,0.0,1.0,1.0,0.0,0.0,1.0,0.0
-0.5841931213659922,-0.8516155788521075,0.5672968355830732,-1.3961162808498042,0.0,0.0,1.0,1.0,0.0,0.0,1.0,0.0,0.0,1.0,0.0,1.0,0.0
0.4867383568484754,0.2602645496428032,0.8850341475387047,0.010018711822792317,0.0,0.0,1.0,0.0,0.0,1.0,0.0,1.0,0.0,1.0,0.0,1.0,0.0
0.955270878567305,-1.2866991073935943,-0.7691790464390579,0.7130862081590905,0.0,1.0,0.0,1.0,0.0,0.0,1.0,0.0,1.0,0.0,0.0,0.0,1.0
-1.3873917300268428,0.30860716392519066,1.021436528933799,0.7130862081590905,0.0,0.0,1.0,0.0,1.0,0.0,0.0,1.0,1.0,0.0,0.0,0.0,1.0
-0.5841931213659922,-1.3350417216759816,-0.5530748814052611,0.7130862081590905,1.0,0.0,0.0,1.0,0.0,0.0,1.0,0.0,1.0,0.0,0.0,0.0,1.0
-1.3873917300268428,-1.1900138788288195,1.5432425016824838,-1.3961162808498042,1.0,0.0,0.0,0.0,1.0,0.0,0.0,1.0,1.0,0.0,0.0,0.0,1.0
1.6246030524513473,-1.6734400216526937,-1.7213211597067757,0.7130862081590905,0.0,0.0,1.0,0.0,1.0,0.0,1.0,0.0,1.0,0.0,1.0,0.0,0.0
1.3568701828977303,1.6622003638320384,-1.5298229144540547,0.7130862081590905,1.0,0.0,0.0,0.0,1.0,0.0,0.0,1.0,1.0,0.0,1.0,0.0,0.0
1.289936965509326,-1.141671264546432,0.16424117134305874,-0.6930487845135059,1.0,0.0,0.0,0.0,0.0,1.0,1.0,0.0,1.0,0.0,0.0,1.0,0.0
-1.0527256430848217,1.0820889924433894,1.3330223609441623,0.010018711822792317,1.0,0.0,0.0,1.0,0.0,0.0,0.0,1.0,1.0,0.0,0.0,0.0,1.0
-1.5212581648036514,0.35694977820757806,-1.067124640309911,0.010018711822792317,1.0,0.0,0.0,0.0,1.0,0.0,1.0,0.0,0.0,1.0,0.0,1.0,0.0
-1.1865920778616301,1.033746378161002,1.5122176463063448,0.7130862081590905,0.0,1.0,0.0,0.0,1.0,0.0,1.0,0.0,1.0,0.0,1.0,0.0,0.0
1.223003748120922,-1.141671264546432,-0.8606488786687092,0.010018711822792317,0.0,1.0,0.0,1.0,0.0,0.0,0.0,1.0,0.0,1.0,0.0,0.0,1.0
0.2859387046832627,-0.5132172788753955,0.9684803102745273,2.119221200831687,1.0,0.0,0.0,0.0,0.0,1.0,1.0,0.0,1.0,0.0,1.0,0.0,0.0
0.7544712264020923,-0.4648746645930081,0.2803169233537862,0.010018711822792317,1.0,0.0,0.0,0.0,1.0,0.0,1.0,0.0,0.0,1.0,0.0,0.0,1.0
-0.5841931213659922,0.5503202353371277,1.087498074432992,0.7130862081590905,1.0,0.0,0.0,0.0,1.0,0.0,0.0,1.0,1.0,0.0,0.0,0.0,1.0
1.6246030524513473,-0.9966434216992697,0.23083762814184036,-0.6930487845135059,1.0,0.0,0.0,1.0,0.0,0.0,1.0,0.0,1.0,0.0,0.0,1.0,0.0
1.3568701828977303,1.2271168352905517,0.4220684177447666,-0.6930487845135059,0.0,0.0,1.0,1.0,0.0,0.0,1.0,0.0,0.0,1.0,0.0,1.0,0.0
1.4238034002861346,-0.17481897889868356,1.2255051897268523,-0.6930487845135059,0.0,0.0,1.0,0.0,1.0,0.0,1.0,0.0,1.0,0.0,0.0,0.0,1.0
1.223003748120922,-1.141671264546432,0.3581465174439282,0.010018711822792317,0.0,1.0,0.0,0.0,0.0,1.0,1.0,0.0,0.0,1.0,0.0,0.0,1.0
1.557669835062943,0.2602645496428032,-0.16472927790393357,-0.6930487845135059,0.0,0.0,1.0,0.0,1.0,0.0,1.0,0.0,1.0,0.0,0.0,0.0,1.0
0.8214044437904965,-0.6099025074401704,-0.014419202719535307,0.010018711822792317,1.0,0.0,0.0,0.0,1.0,0.0,1.0,0.0,0.0,1.0,0.0,0.0,1.0
0.35287192207166695,1.6622003638320384,1.2629489806980547,0.7130862081590905,1.0,0.0,0.0,0.0,1.0,0.0,1.0,0.0,1.0,0.0,0.0,1.0,0.0
0.35287192207166695,-0.6582451217225578,1.167734769371283,0.010018711822792317,0.0,0.0,1.0,0.0,1.0,0.0,1.0,0.0,0.0,1.0,1.0,0.0,0.0
1.1560705307325176,-0.8516155788521075,-1.1353258310074583,2.8222886971679855,1.0,0.0,0.0,1.0,0.0,0.0,1.0,0.0,0.0,1.0,0.0,1.0,0.0
0.7544712264020923,-1.0449860359816572,-0.24630325109119583,-0.6930487845135059,1.0,0.0,0.0,1.0,0.0,0.0,0.0,1.0,1.0,0.0,0.0,1.0,0.0
-1.722057816968864,1.4204872924201013,-0.8042157365621114,0.7130862081590905,0.0,1.0,0.0,0.0,1.0,0.0,1.0,0.0,0.0,1.0,0.0,0.0,1.0
-0.3833934692007795,-0.4165320503106206,0.3092021335315709,1.4161537044953887,1.0,0.0,0.0,0.0,1.0,0.0,1.0,0.0,0.0,1.0,0.0,0.0,1.0
0.15207226990645428,-1.4317269502407566,0.05458435492739476,-1.3961162808498042,0.0,1.0,0.0,0.0,1.0,0.0,1.0,0.0,0.0,1.0,0.0,0.0,1.0
-1.119658860473226,0.6470054639019026,0.6921986240370126,0.7130862081590905,1.0,0.0,0.0,0.0,1.0,0.0,1.0,0.0,0.0,1.0,0.0,0.0,1.0
0.8883376611789008,-0.4648746645930081,1.1904684996037986,0.010018711822792317,1.0,0.0,0.0,1.0,0.0,0.0,0.0,1.0,1.0,0.0,0.0,1.0,0.0
0.2859387046832627,1.3238020638553265,-0.9780619089284082,2.119221200831687,1.0,0.0,0.0,0.0,1.0,0.0,1.0,0.0,1.0,0.0,1.0,0.0,0.0
-0.9857924256964175,0.8403759210314523,-0.6456145362340898,-0.6930487845135059,1.0,0.0,0.0,0.0,1.0,0.0,1.0,0.0,1.0,0.0,1.0,0.0,0.0
1.0891373133441133,0.2602645496428032,-1.693505772128168,0.010018711822792317,0.0,0.0,1.0,0.0,1.0,0.0,0.0,1.0,1.0,0.0,0.0,0.0,1.0
-0.8519259909196091,-0.02979113605152129,0.32391219427025747,-1.3961162808498042,1.0,0.0,0.0,0.0,1.0,0.0,1.0,0.0,1.0,0.0,0.0,1.0,0.0
-0.31646025181237525,-0.6099025074401704,0.7513063226415534,0.010018711822792317,0.0,0.0,1.0,0.0,0.0,1.0,1.0,0.0,1.0,0.0,0.0,1.0,0.0
0.955270878567305,-0.9966434216992697,0.45041871662296273,0.7130862081590905,1.0,0.0,0.0,1.0,0.0,0.0,1.0,0.0,1.0,0.0,0.0,0.0,1.0
0.15207226990645428,-0.8516155788521075,-0.6533707500781246,-1.3961162808498042,1.0,0.0,0.0,0.0,1.0,0.0,0.0,1.0,1.0,0.0,0.0,1.0,0.0
-0.7849927735312048,0.06689409251325355,1.449633024254478,-0.6930487845135059,0.0,0.0,1.0,1.0,0.0,0.0,1.0,0.0,0.0,1.0,0.0,1.0,0.0
-0.6511263387543964,0.5019776210547403,-0.04009494509978859,0.7130862081590905,0.0,1.0,0.0,0.0,0.0,1.0,0.0,1.0,0.0,1.0,0.0,0.0,1.0
1.6915362698397514,-1.3350417216759816,0.2011500510146728,-0.6930487845135059,1.0,0.0,0.0,0.0,1.0,0.0,1.0,0.0,0.0,1.0,0.0,0.0,1.0
-0.45032668658918373,0.7436906924666774,0.08667903290271116,2.119221200831687,0.0,1.0,0.0,1.0,0.0,0.0,1.0,0.0,1.0,0.0,0.0,0.0,1.0
-1.3873917300268428,1.033746378161002,0.48706014064478237,-1.3961162808498042,1.0,0.0,0.0,0.0,1.0,0.0,1.0,0.0,1.0,0.0,0.0,1.0,0.0
-0.9857924256964175,0.30860716392519066,-1.2281329414860813,-0.6930487845135059,0.0,0.0,1.0,0.0,1.0,0.0,1.0,0.0,1.0,0.0,0.0,0.0,1.0
0.4867383568484754,0.11523670679564098,0.23565182983813762,-0.6930487845135059,0.0,0.0,1.0,0.0,1.0,0.0,1.0,0.0,1.0,0.0,1.0,0.0,0.0
-0.45032668658918373,0.35694977820757806,-0.7707837803378236,-0.6930487845135059,0.0,1.0,0.0,0.0,0.0,1.0,1.0,0.0,0.0,1.0,0.0,0.0,1.0
-0.9857924256964175,-0.4165320503106206,0.3372849767599726,-1.3961162808498042,1.0,0.0,0.0,1.0,0.0,0.0,0.0,1.0,0.0,1.0,0.0,1.0,0.0
-0.048727382258758375,0.5503202353371277,1.3504069781807913,-1.3961162808498042,1.0,0.0,0.0,1.0,0.0,0.0,1.0,0.0,1.0,0.0,0.0,0.0,1.0
-0.9188592083080133,0.69534807818429,1.244761996512042,0.010018711822792317,0.0,0.0,1.0,0.0,1.0,0.0,1.0,0.0,1.0,0.0,1.0,0.0,0.0
-0.24952703442397103,1.5655151352672636,-0.08342276036646537,-1.3961162808498042,1.0,0.0,0.0,0.0,1.0,0.0,0.0,1.0,1.0,0.0,0.0,1.0,0.0
-0.24952703442397103,1.4688299067024888,0.283526391151318,0.010018711822792317,0.0,1.0,0.0,0.0,1.0,0.0,1.0,0.0,0.0,1.0,0.0,0.0,1.0
1.3568701828977303,-0.8516155788521075,0.3974624979636907,1.4161537044953887,1.0,0.0,0.0,0.0,1.0,0.0,0.0,1.0,1.0,0.0,0.0,1.0,0.0
0.955270878567305,1.2271168352905517,-1.3137187494202582,0.7130862081590905,1.0,0.0,0.0,0.0,1.0,0.0,1.0,0.0,1.0,0.0,0.0,1.0,0.0
-0.048727382258758375,0.5503202353371277,0.5932400336131205,0.010018711822792317,0.0,1.0,0.0,0.0,1.0,0.0,1.0,0.0,0.0,1.0,0.0,1.0,0.0
0.8883376611789008,0.5986628496195152,-1.5942797260544819,2.119221200831687,1.0,0.0,0.0,0.0,1.0,0.0,1.0,0.0,0.0,1.0,0.0,1.0,0.0
-1.2535252952500344,-0.80327296456972,0.694338269235367,-0.6930487845135059,0.0,0.0,1.0,0.0,1.0,0.0,1.0,0.0,1.0,0.0,0.0,1.0,0.0
-0.18259381703556682,0.9370611495962271,-0.8462062735798169,0.7130862081590905,1.0,0.0,0.0,0.0,1.0,0.0,1.0,0.0,0.0,1.0,0.0,1.0,0.0
-0.3833934692007795,0.5503202353371277,-1.0580311482169047,-0.6930487845135059,0.0,0.0,1.0,1.0,0.0,0.0,1.0,0.0,1.0,0.0,1.0,0.0,0.0
-0.9188592083080133,0.01855147823086613,0.7989134283049393,0.7130862081590905,1.0,0.0,0.0,1.0,0.0,0.0,1.0,0.0,0.0,1.0,1.0,0.0,0.0
-0.8519259909196091,-0.22316159318107098,0.8997442082773913,-0.6930487845135059,1.0,0.0,0.0,1.0,0.0,0.0,1.0,0.0,0.0,1.0,0.0,0.0,1.0
0.955270878567305,0.7436906924666774,-0.6892098071505612,0.010018711822792317,0.0,1.0,0.0,0.0,1.0,0.0,1.0,0.0,1.0,0.0,0.0,1.0,0.0
0.955270878567305,0.5986628496195152,0.21906957955089074,-1.3961162808498042,1.0,0.0,0.0,0.0,1.0,0.0,1.0,0.0,1.0,0.0,0.0,1.0,0.0
-1.1865920778616301,-0.5615598931577829,-0.6295671972464318,0.010018711822792317,1.0,0.0,0.0,1.0,0.0,0.0,1.0,0.0,0.0,1.0,1.0,0.0,0.0
1.3568701828977303,-0.8999581931344949,1.0200992506848277,-0.6930487845135059,0.0,1.0,0.0,0.0,1.0,0.0,1.0,0.0,1.0,0.0,0.0,0.0,1.0
-1.3873917300268428,0.6470054639019026,-0.8831151532514308,-1.3961162808498042,0.0,1.0,0.0,0.0,1.0,0.0,1.0,0.0,1.0,0.0,1.0,0.0,0.0
-1.722057816968864,1.0820889924433894,0.7400731853501926,0.7130862081590905,0.0,1.0,0.0,0.0,1.0,0.0,1.0,0.0,1.0,0.0,1.0,0.0,0.0
0.6875380090136881,-0.2715042074634584,-1.3765708271219195,0.7130862081590905,1.0,0.0,0.0,0.0,1.0,0.0,0.0,1.0,1.0,0.0,0.0,0.0,1.0
-1.3873917300268428,-0.4648746645930081,-0.48193167855997665,-1.3961162808498042,1.0,0.0,0.0,0.0,1.0,0.0,0.0,1.0,1.0,0.0,0.0,0.0,1.0
-1.454324947415247,-1.2383564931112068,-0.5664476638949762,-1.3961162808498042,0.0,1.0,0.0,0.0,1.0,0.0,0.0,1.0,1.0,0.0,1.0,0.0,0.0
-1.6551245995804598,-0.4648746645930081,0.013931096158660845,-0.6930487845135059,1.0,0.0,0.0,0.0,1.0,0.0,1.0,0.0,0.0,1.0,0.0,0.0,1.0
-0.048727382258758375,-0.9966434216992697,-0.581157724633663,-0.6930487845135059,0.0,1.0,0.0,0.0,1.0,0.0,0.0,1.0,0.0,1.0,0.0,1.0,0.0
-0.1156605996471626,0.7436906924666774,-0.6696855447155773,1.4161537044953887,0.0,0.0,1.0,0.0,1.0,0.0,0.0,1.0,1.0,0.0,0.0,1.0,0.0
-1.6551245995804598,0.5019776210547403,0.3541346826970139,0.010018711822792317,0.0,1.0,0.0,1.0,0.0,0.0,1.0,0.0,0.0,1.0,1.0,0.0,0.0
-1.5881913821920555,-0.36818943602823323,0.9751667015193849,-0.6930487845135059,0.0,1.0,0.0,0.0,1.0,0.0,1.0,0.0,0.0,1.0,0.0,1.0,0.0
-0.18259381703556682,-0.2715042074634584,0.2000802284154954,-0.6930487845135059,0.0,1.0,0.0,1.0,0.0,0.0,1.0,0.0,1.0,0.0,0.0,0.0,1.0
0.8214044437904965,-0.07813375033390871,0.7427477418481359,-0.6930487845135059,1.0,0.0,0.0,0.0,1.0,0.0,0.0,1.0,0.0,1.0,1.0,0.0,0.0
-0.18259381703556682,-1.721782635935081,-0.9991909052621583,0.7130862081590905,0.0,0.0,1.0,0.0,1.0,0.0,0.0,1.0,1.0,0.0,1.0,0.0,0.0
0.35287192207166695,-0.9966434216992697,-0.0441067798467029,1.4161537044953887,1.0,0.0,0.0,1.0,0.0,0.0,0.0,1.0,0.0,1.0,0.0,0.0,1.0
1.557669835062943,-0.17481897889868356,0.9946909639543687,-0.6930487845135059,0.0,0.0,1.0,1.0,0.0,0.0,1.0,0.0,0.0,1.0,0.0,0.0,1.0
0.4198051394600712,-0.31984682174584583,-1.2404359013766193,0.7130862081590905,1.0,0.0,0.0,0.0,1.0,0.0,1.0,0.0,1.0,0.0,1.0,0.0,0.0
-1.0527256430848217,0.5986628496195152,-1.3581163872861124,-1.3961162808498042,1.0,0.0,0.0,0.0,0.0,1.0,1.0,0.0,1.0,0.0,0.0,0.0,1.0
1.0222040959557093,1.2271168352905517,-0.6638015204201024,0.010018711822792317,1.0,0.0,0.0,0.0,1.0,0.0,1.0,0.0,0.0,1.0,0.0,0.0,1.0
0.6206047916252838,0.8403759210314523,-0.25165236408708197,1.4161537044953887,0.0,0.0,1.0,1.0,0.0,0.0,0.0,1.0,0.0,1.0,1.0,0.0,0.0
1.1560705307325176,-0.6582451217225578,1.4346555078659968,0.7130862081590905,1.0,0.0,0.0,1.0,0.0,0.0,1.0,0.0,1.0,0.0,1.0,0.0,0.0
0.4867383568484754,-0.07813375033390871,0.009384350112157653,0.010018711822792317,0.0,0.0,1.0,0.0,1.0,0.0,1.0,0.0,1.0,0.0,1.0,0.0,0.0
-1.2535252952500344,-0.5132172788753955,-0.4169399556599609,0.010018711822792317,0.0,1.0,0.0,0.0,1.0,0.0,1.0,0.0,0.0,1.0,0.0,0.0,1.0
-0.5841931213659922,-0.7549303502873326,-1.58919806870839,0.010018711822792317,1.0,0.0,0.0,0.0,1.0,0.0,1.0,0.0,1.0,0.0,0.0,1.0,0.0
0.21900548729485853,-0.6099025074401704,1.273112295390238,-0.6930487845135059,1.0,0.0,0.0,0.0,1.0,0.0,0.0,1.0,1.0,0.0,1.0,0.0,0.0
1.6915362698397514,0.8403759210314523,-1.0048074739078385,0.7130862081590905,0.0,1.0,0.0,1.0,0.0,0.0,0.0,1.0,0.0,1.0,0.0,0.0,1.0
0.8214044437904965,0.01855147823086613,0.03372281424343911,-0.6930487845135059,1.0,0.0,0.0,0.0,0.0,1.0,1.0,0.0,1.0,0.0,0.0,0.0,1.0
-1.2535252952500344,-1.5767547930879187,-1.3348477457540082,-1.3961162808498042,1.0,0.0,0.0,1.0,0.0,0.0,0.0,1.0,1.0,0.0,1.0,0.0,0.0
-0.048727382258758375,0.4052923924899655,-1.1339885527584868,-1.3961162808498042,1.0,0.0,0.0,1.0,0.0,0.0,1.0,0.0,0.0,1.0,1.0,0.0,0.0
-0.8519259909196091,-0.22316159318107098,1.1795028179622322,-0.6930487845135059,0.0,0.0,1.0,0.0,1.0,0.0,0.0,1.0,1.0,0.0,0.0,1.0,0.0
0.018205835129645846,-1.2866991073935943,0.7275027698098604,-0.6930487845135059,0.0,1.0,0.0,0.0,1.0,0.0,1.0,0.0,0.0,1.0,0.0,0.0,1.0
0.6206047916252838,-0.7065877360049452,-1.693505772128168,0.010018711822792317,1.0,0.0,0.0,1.0,0.0,0.0,0.0,1.0,1.0,0.0,1.0,0.0,0.0
-1.1865920778616301,0.5986628496195152,-0.43271983899782485,-0.6930487845135059,1.0,0.0,0.0,0.0,0.0,1.0,1.0,0.0,0.0,1.0,1.0,0.0,0.0
-0.048727382258758375,0.7920333067490648,-0.004523343677146364,-0.6930487845135059,0.0,1.0,0.0,1.0,0.0,0.0,0.0,1.0,1.0,0.0,0.0,0.0,1.0
0.4867383568484754,-1.0933286502640445,0.9518980599872804,-0.6930487845135059,0.0,1.0,0.0,0.0,1.0,0.0,1.0,0.0,0.0,1.0,1.0,0.0,0.0
-1.1865920778616301,0.06689409251325355,-1.217969626793898,-1.3961162808498042,0.0,0.0,1.0,0.0,1.0,0.0,0.0,1.0,1.0,0.0,0.0,0.0,1.0
0.7544712264020923,0.1635793210780284,-0.956665456944864,0.010018711822792317,1.0,0.0,0.0,1.0,0.0,0.0,0.0,1.0,1.0,0.0,1.0,0.0,0.0
0.4198051394600712,1.710542978114426,-0.12514584173437665,0.7130862081590905,1.0,0.0,0.0,0.0,1.0,0.0,1.0,0.0,0.0,1.0,0.0,0.0,1.0
0.018205835129645846,1.6138577495496509,-1.4704477601997197,0.7130862081590905,1.0,0.0,0.0,0.0,1.0,0.0,1.0,0.0,1.0,0.0,1.0,0.0,0.0
-1.3873917300268428,-1.383384335958369,0.6641157808086106,0.010018711822792317,1.0,0.0,0.0,0.0,1.0,0.0,0.0,1.0,0.0,1.0,0.0,1.0,0.0
0.35287192207166695,-0.9966434216992697,-1.1773163680251637,0.010018711822792317,1.0,0.0,0.0,0.0,0.0,1.0,0.0,1.0,1.0,0.0,0.0,0.0,1.0
-0.31646025181237525,-0.9966434216992697,0.22281395864801098,0.7130862081590905,1.0,0.0,0.0,0.0,0.0,1.0,1.0,0.0,0.0,1.0,0.0,0.0,1.0
-1.3873917300268428,-1.4800695645231439,-1.1273021615136292,-0.6930487845135059,1.0,0.0,0.0,0.0,1.0,0.0,1.0,0.0,1.0,0.0,0.0,0.0,1.0
-1.5212581648036514,-0.8999581931344949,-0.03822275555122827,-1.3961162808498042,1.0,0.0,0.0,1.0,0.0,0.0,0.0,1.0,1.0,0.0,1.0,0.0,0.0
1.0891373133441133,1.6622003638320384,0.01687310830639816,-0.6930487845135059,1.0,0.0,0.0,0.0,0.0,1.0,0.0,1.0,0.0,1.0,0.0,0.0,1.0
-0.45032668658918373,1.3721446781377138,0.7708305850765376,-0.6930487845135059,0.0,1.0,0.0,0.0,1.0,0.0,0.0,1.0,1.0,0.0,1.0,0.0,0.0
1.0222040959557093,-1.5284121788055314,-0.2695718926233003,1.4161537044953887,1.0,0.0,0.0,0.0,1.0,0.0,0.0,1.0,1.0,0.0,0.0,0.0,1.0
0.08513905251805007,1.2271168352905517,1.556882739821993,-1.3961162808498042,0.0,1.0,0.0,1.0,0.0,0.0,1.0,0.0,1.0,0.0,1.0,0.0,0.0
0.4867383568484754,-0.7065877360049452,1.2682980936939405,0.7130862081590905,1.0,0.0,0.0,1.0,0.0,0.0,1.0,0.0,0.0,1.0,0.0,0.0,1.0
1.4238034002861346,-1.141671264546432,1.2065158385914565,0.010018711822792317,1.0,0.0,0.0,0.0,0.0,1.0,0.0,1.0,0.0,1.0,0.0,1.0,0.0
-0.9857924256964175,0.7920333067490648,0.44640688187604805,1.4161537044953887,1.0,0.0,0.0,0.0,1.0,0.0,1.0,0.0,1.0,0.0,0.0,1.0,0.0
-0.18259381703556682,0.7920333067490648,0.6092873726007786,0.010018711822792317,0.0,1.0,0.0,0.0,1.0,0.0,1.0,0.0,1.0,0.0,1.0,0.0,0.0
-1.5212581648036514,-0.17481897889868356,1.7037158915590656,2.8222886971679855,1.0,0.0,0.0,0.0,1.0,0.0,1.0,0.0,1.0,0.0,0.0,0.0,1.0
1.557669835062943,1.6622003638320384,-0.6071009226637103,0.010018711822792317,0.0,1.0,0.0,0.0,1.0,0.0,0.0,1.0,1.0,0.0,1.0,0.0,0.0
-0.45032668658918373,-0.7549303502873326,0.7277702254596549,1.4161537044953887,1.0,0.0,0.0,1.0,0.0,0.0,1.0,0.0,1.0,0.0,0.0,0.0,1.0
-1.722057816968864,-1.5284121788055314,0.5493773070468548,-1.3961162808498042,0.0,0.0,1.0,0.0,1.0,0.0,1.0,0.0,0.0,1.0,0.0,1.0,0.0
1.1560705307325176,1.4204872924201013,0.7689583955279773,-0.6930487845135059,0.0,0.0,1.0,0.0,1.0,0.0,0.0,1.0,1.0,0.0,1.0,0.0,0.0
-1.5212581648036514,0.11523670679564098,1.2728448397404442,0.010018711822792317,1.0,0.0,0.0,0.0,0.0,1.0,0.0,1.0,0.0,1.0,0.0,0.0,1.0
0.018205835129645846,-0.9966434216992697,0.8240542593856037,0.010018711822792317,0.0,0.0,1.0,0.0,1.0,0.0,0.0,1.0,0.0,1.0,1.0,0.0,0.0
-1.2535252952500344,0.1635793210780284,0.10593583968790093,1.4161537044953887,1.0,0.0,0.0,0.0,0.0,1.0,1.0,0.0,1.0,0.0,0.0,0.0,1.0
1.0222040959557093,0.8403759210314523,0.9310365193033248,-0.6930487845135059,0.0,1.0,0.0,1.0,0.0,0.0,0.0,1.0,0.0,1.0,0.0,1.0,0.0
-1.6551245995804598,-1.141671264546432,-0.6517660161793589,-1.3961162808498042,1.0,0.0,0.0,1.0,0.0,0.0,1.0,0.0,1.0,0.0,1.0,0.0,0.0
0.21900548729485853,-0.17481897889868356,-1.3626631333326156,-1.3961162808498042,0.0,1.0,0.0,0.0,1.0,0.0,1.0,0.0,1.0,0.0,1.0,0.0,0.0
-1.5212581648036514,1.6622003638320384,-1.282693894044119,0.010018711822792317,0.0,1.0,0.0,0.0,0.0,1.0,1.0,0.0,0.0,1.0,0.0,0.0,1.0
1.557669835062943,0.5986628496195152,1.1040803247202386,-0.6930487845135059,0.0,1.0,0.0,0.0,0.0,1.0,1.0,0.0,1.0,0.0,1.0,0.0,0.0
-0.7849927735312048,-0.31984682174584583,0.3367500654603841,-1.3961162808498042,1.0,0.0,0.0,1.0,0.0,0.0,1.0,0.0,1.0,0.0,0.0,0.0,1.0
-0.6511263387543964,-1.3350417216759816,-1.5022749825252415,0.7130862081590905,0.0,1.0,0.0,1.0,0.0,0.0,0.0,1.0,1.0,0.0,0.0,0.0,1.0
-0.8519259909196091,0.2602645496428032,-0.7237115859740263,-0.6930487845135059,0.0,0.0,1.0,1.0,0.0,0.0,1.0,0.0,1.0,0.0,0.0,0.0,1.0
-0.18259381703556682,0.69534807818429,0.8764755667452873,2.119221200831687,0.0,0.0,1.0,0.0,1.0,0.0,1.0,0.0,0.0,1.0,0.0,1.0,0.0
0.4198051394600712,-0.31984682174584583,0.09523761369612867,0.010018711822792317,0.0,1.0,0.0,1.0,0.0,0.0,1.0,0.0,1.0,0.0,0.0,1.0,0.0
-0.7180595561428006,0.1635793210780284,0.6675927042559368,-1.3961162808498042,1.0,0.0,0.0,0.0,1.0,0.0,1.0,0.0,1.0,0.0,0.0,0.0,1.0
1.223003748120922,-1.4800695645231439,-1.3217424189140872,-0.6930487845135059,1.0,0.0,0.0,0.0,0.0,1.0,0.0,1.0,1.0,0.0,0.0,1.0,0.0
1.4907366176745387,-1.0449860359816572,0.9979004317519005,0.7130862081590905,1.0,0.0,0.0,0.0,1.0,0.0,0.0,1.0,0.0,1.0,0.0,0.0,1.0
0.7544712264020923,1.4204872924201013,-1.2725305793519357,-1.3961162808498042,1.0,0.0,0.0,1.0,0.0,0.0,0.0,1.0,1.0,0.0,0.0,0.0,1.0
-0.5172599039775879,1.6138577495496509,0.9152566359654608,-0.6930487845135059,1.0,0.0,0.0,1.0,0.0,0.0,0.0,1.0,1.0,0.0,0.0,0.0,1.0
0.15207226990645428,-0.9483008074168823,0.058596189674309074,-0.6930487845135059,0.0,1.0,0.0,1.0,0.0,0.0,0.0,1.0,1.0,0.0,0.0,1.0,0.0
-0.1156605996471626,-0.9966434216992697,-0.3209233773838065,-0.6930487845135059,0.0,0.0,1.0,0.0,1.0,0.0,1.0,0.0,1.0,0.0,0.0,0.0,1.0
-1.2535252952500344,0.06689409251325355,0.3902411954192446,0.010018711822792317,1.0,0.0,0.0,0.0,1.0,0.0,0.0,1.0,0.0,1.0,1.0,0.0,0.0
-0.9857924256964175,0.2602645496428032,0.14017016286157172,-0.6930487845135059,0.0,1.0,0.0,0.0,1.0,0.0,0.0,1.0,0.0,1.0,1.0,0.0,0.0
0.7544712264020923,-1.0449860359816572,-1.1869447714177588,-0.6930487845135059,0.0,0.0,1.0,0.0,1.0,0.0,1.0,0.0,0.0,1.0,1.0,0.0,0.0
1.1560705307325176,1.5655151352672636,-1.234819332730939,0.7130862081590905,1.0,0.0,0.0,0.0,1.0,0.0,0.0,1.0,0.0,1.0,0.0,0.0,1.0
0.955270878567305,1.5655151352672636,0.5844139971699086,1.4161537044953887,1.0,0.0,0.0,0.0,1.0,0.0,1.0,0.0,1.0,0.0,0.0,0.0,1.0
1.289936965509326,1.0820889924433894,-0.37682160819081545,-0.6930487845135059,1.0,0.0,0.0,0.0,1.0,0.0,1.0,0.0,0.0,1.0,1.0,0.0,0.0
1.223003748120922,1.0820889924433894,0.7727027746250975,0.7130862081590905,0.0,1.0,0.0,0.0,1.0,0.0,1.0,0.0,0.0,1.0,0.0,1.0,0.0
0.2859387046832627,0.6470054639019026,-1.5488122655894503,1.4161537044953887,1.0,0.0,0.0,0.0,1.0,0.0,0.0,1.0,0.0,1.0,0.0,1.0,0.0
1.1560705307325176,1.1304316067257767,-0.23266301295168665,-1.3961162808498042,0.0,0.0,1.0,0.0,0.0,1.0,1.0,0.0,0.0,1.0,1.0,0.0,0.0
1.557669835062943,-0.9966434216992697,0.37205421123323223,1.4161537044953887,1.0,0.0,0.0,0.0,1.0,0.0,0.0,1.0,0.0,1.0,0.0,1.0,0.0
-0.5172599039775879,-0.9483008074168823,-1.3746986375733592,-1.3961162808498042,0.0,1.0,0.0,0.0,0.0,1.0,0.0,1.0,0.0,1.0,0.0,0.0,1.0
-1.5881913821920555,0.7436906924666774,0.6440566070740378,2.119221200831687,1.0,0.0,0.0,0.0,0.0,1.0,0.0,1.0,1.0,0.0,1.0,0.0,0.0
0.21900548729485853,-1.5767547930879187,-1.099754229584816,-0.6930487845135059,1.0,0.0,0.0,0.0,1.0,0.0,1.0,0.0,1.0,0.0,0.0,1.0,0.0
-1.119658860473226,1.5655151352672636,0.03559500379199905,-0.6930487845135059,1.0,0.0,0.0,0.0,0.0,1.0,0.0,1.0,0.0,1.0,0.0,0.0,1.0
1.223003748120922,0.21192193536041581,1.728321811340141,-1.3961162808498042,0.0,0.0,1.0,0.0,1.0,0.0,0.0,1.0,1.0,0.0,0.0,0.0,1.0
0.15207226990645428,-0.07813375033390871,1.7235076096438442,1.4161537044953887,0.0,0.0,1.0,1.0,0.0,0.0,0.0,1.0,0.0,1.0,0.0,1.0,0.0
-0.5172599039775879,0.06689409251325355,0.46700096691020965,-0.6930487845135059,0.0,1.0,0.0,0.0,0.0,1.0,1.0,0.0,1.0,0.0,0.0,1.0,0.0
1.6246030524513473,-0.6582451217225578,-0.027791985209250445,0.7130862081590905,0.0,1.0,0.0,0.0,1.0,0.0,0.0,1.0,1.0,0.0,0.0,1.0,0.0
0.7544712264020923,0.6470054639019026,0.6330909254324715,-1.3961162808498042,1.0,0.0,0.0,0.0,1.0,0.0,0.0,1.0,1.0,0.0,1.0,0.0,0.0
0.4867383568484754,-1.2383564931112068,-0.7592831873966686,0.7130862081590905,0.0,0.0,1.0,0.0,0.0,1.0,1.0,0.0,1.0,0.0,0.0,1.0,0.0
0.8214044437904965,0.21192193536041581,-0.7697139577386464,2.119221200831687,0.0,1.0,0.0,1.0,0.0,0.0,1.0,0.0,1.0,0.0,0.0,1.0,0.0
0.955270878567305,1.517172520984876,0.3910435623686276,0.010018711822792317,1.0,0.0,0.0,0.0,0.0,1.0,1.0,0.0,1.0,0.0,0.0,0.0,1.0
-0.45032668658918373,0.30860716392519066,0.7660163833802399,1.4161537044953887,0.0,1.0,0.0,0.0,0.0,1.0,1.0,0.0,1.0,0.0,1.0,0.0,0.0
-0.31646025181237525,-1.141671264546432,-1.3960950895569035,0.010018711822792317,1.0,0.0,0.0,0.0,1.0,0.0,1.0,0.0,0.0,1.0,0.0,1.0,0.0
0.5536715742368796,-0.9483008074168823,0.7371311732024552,1.4161537044953887,0.0,1.0,0.0,1.0,0.0,0.0,1.0,0.0,1.0,0.0,0.0,1.0,0.0
-0.8519259909196091,-0.5132172788753955,-0.9780619089284082,-0.6930487845135059,0.0,1.0,0.0,0.0,1.0,0.0,0.0,1.0,1.0,0.0,1.0,0.0,0.0
1.0222040959557093,-0.7549303502873326,0.9695501328737043,-1.3961162808498042,0.0,1.0,0.0,1.0,0.0,0.0,0.0,1.0,0.0,1.0,0.0,1.0,0.0
-1.119658860473226,-1.0449860359816572,0.3241796499200519,-1.3961162808498042,1.0,0.0,0.0,0.0,1.0,0.0,1.0,0.0,0.0,1.0,0.0,1.0,0.0
-0.7180595561428006,-0.4648746645930081,-0.8844524315004022,0.7130862081590905,1.0,0.0,0.0,0.0,1.0,0.0,1.0,0.0,1.0,0.0,1.0,0.0,0.0
-1.5881913821920555,-0.8999581931344949,-1.4445045621696722,2.119221200831687,1.0,0.0,0.0,0.0,1.0,0.0,0.0,1.0,0.0,1.0,0.0,0.0,1.0
0.35287192207166695,-0.7065877360049452,0.1217157230257645,-1.3961162808498042,0.0,0.0,1.0,0.0,0.0,1.0,0.0,1.0,0.0,1.0,0.0,1.0,0.0
-0.1156605996471626,-1.6734400216526937,-1.6186181901857633,-0.6930487845135059,1.0,0.0,0.0,0.0,1.0,0.0,1.0,0.0,0.0,1.0,0.0,1.0,0.0
1.6915362698397514,0.9370611495962271,0.3985323205628681,-0.6930487845135059,1.0,0.0,0.0,0.0,1.0,0.0,0.0,1.0,1.0,0.0,0.0,0.0,1.0
-1.1865920778616301,-0.5615598931577829,-0.3819032655369075,0.010018711822792317,1.0,0.0,0.0,0.0,1.0,0.0,1.0,0.0,1.0,0.0,1.0,0.0,0.0
-1.0527256430848217,1.033746378161002,-0.11123814794507303,0.7130862081590905,1.0,0.0,0.0,1.0,0.0,0.0,1.0,0.0,1.0,0.0,0.0,0.0,1.0
0.7544712264020923,-0.07813375033390871,-1.6335957065742444,0.010018711822792317,0.0,0.0,1.0,0.0,1.0,0.0,1.0,0.0,1.0,0.0,0.0,1.0,0.0
-0.5841931213659922,0.5986628496195152,1.200096902996393,-0.6930487845135059,1.0,0.0,0.0,0.0,1.0,0.0,1.0,0.0,0.0,1.0,1.0,0.0,0.0
-0.18259381703556682,-0.31984682174584583,0.8796850345428187,0.010018711822792317,1.0,0.0,0.0,0.0,1.0,0.0,1.0,0.0,0.0,1.0,0.0,1.0,0.0
0.7544712264020923,0.9370611495962271,-1.0056098408572214,0.7130862081590905,1.0,0.0,0.0,1.0,0.0,0.0,1.0,0.0,1.0,0.0,0.0,0.0,1.0
0.35287192207166695,-0.80327296456972,-1.5327649266017922,1.4161537044953887,0.0,1.0,0.0,0.0,0.0,1.0,0.0,1.0,1.0,0.0,1.0,0.0,0.0
-0.1156605996471626,0.7436906924666774,-1.1393376657543728,0.010018711822792317,1.0,0.0,0.0,0.0,1.0,0.0,0.0,1.0,0.0,1.0,0.0,1.0,0.0
0.7544712264020923,0.69534807818429,0.4191264055970293,-1.3961162808498042,1.0,0.0,0.0,0.0,1.0,0.0,0.0,1.0,1.0,0.0,0.0,0.0,1.0
-0.31646025181237525,-0.9966434216992697,-1.638677363920336,-0.6930487845135059,0.0,1.0,0.0,0.0,1.0,0.0,0.0,1.0,0.0,1.0,0.0,0.0,1.0
0.15207226990645428,1.1304316067257767,1.0313323879761882,0.7130862081590905,0.0,0.0,1.0,0.0,0.0,1.0,1.0,0.0,0.0,1.0,0.0,0.0,1.0
-0.3833934692007795,-1.1900138788288195,-0.19120738723356942,0.010018711822792317,0.0,0.0,1.0,1.0,0.0,0.0,0.0,1.0,1.0,0.0,0.0,0.0,1.0
-1.0527256430848217,1.710542978114426,-1.1187435807202115,-1.3961162808498042,0.0,1.0,0.0,0.0,0.0,1.0,0.0,1.0,1.0,0.0,1.0,0.0,0.0
0.21900548729485853,-1.1900138788288195,1.3078815298634971,-0.6930487845135059,0.0,1.0,0.0,0.0,0.0,1.0,0.0,1.0,0.0,1.0,0.0,1.0,0.0
0.15207226990645428,0.4536350067723529,-0.28829378810890155,0.010018711822792317,1.0,0.0,0.0,0.0,1.0,0.0,1.0,0.0,0.0,1.0,0.0,1.0,0.0
-1.6551245995804598,1.033746378161002,-0.6937565531970644,-0.6930487845135059,0.0,0.0,1.0,1.0,0.0,0.0,0.0,1.0,1.0,0.0,0.0,1.0,0.0
1.223003748120922,0.6470054639019026,0.9080353334210147,-1.3961162808498042,1.0,0.0,0.0,1.0,0.0,0.0,0.0,1.0,0.0,1.0,0.0,0.0,1.0
0.15207226990645428,1.3238020638553265,0.6732092729016169,-0.6930487845135059,0.0,0.0,1.0,0.0,0.0,1.0,1.0,0.0,1.0,0.0,1.0,0.0,0.0
0.7544712264020923,-1.0933286502640445,-0.002116242828997548,-0.6930487845135059,1.0,0.0,0.0,0.0,0.0,1.0,0.0,1.0,0.0,1.0,1.0,0.0,0.0
1.6246030524513473,0.5986628496195152,-0.37254231779410674,-0.6930487845135059,1.0,0.0,0.0,0.0,1.0,0.0,0.0,1.0,0.0,1.0,1.0,0.0,0.0
0.2859387046832627,-0.8516155788521075,1.3784898214091934,-1.3961162808498042,0.0,1.0,0.0,1.0,0.0,0.0,1.0,0.0,1.0,0.0,0.0,1.0,0.0
-1.2535252952500344,0.8887185353138397,0.2910151493455585,-0.6930487845135059,1.0,0.0,0.0,0.0,1.0,0.0,1.0,0.0,0.0,1.0,1.0,0.0,0.0
-1.3873917300268428,-0.80327296456972,1.0147501376889414,-0.6930487845135059,1.0,0.0,0.0,0.0,0.0,1.0,1.0,0.0,1.0,0.0,1.0,0.0,0.0
0.5536715742368796,-0.36818943602823323,-1.469912848900131,-1.3961162808498042,0.0,1.0,0.0,0.0,1.0,0.0,1.0,0.0,0.0,1.0,0.0,0.0,1.0
0.2859387046832627,0.30860716392519066,1.3266034253490988,0.7130862081590905,1.0,0.0,0.0,0.0,1.0,0.0,1.0,0.0,1.0,0.0,1.0,0.0,0.0
-1.5212581648036514,1.517172520984876,-0.572331688190451,-0.6930487845135059,0.0,1.0,0.0,0.0,0.0,1.0,1.0,0.0,1.0,0.0,1.0,0.0,0.0
1.1560705307325176,-0.6099025074401704,-0.843531717081874,1.4161537044953887,0.0,1.0,0.0,1.0,0.0,0.0,1.0,0.0,0.0,1.0,0.0,1.0,0.0
0.955270878567305,-0.4165320503106206,-0.03447837645410801,2.119221200831687,1.0,0.0,0.0,1.0,0.0,0.0,1.0,0.0,1.0,0.0,1.0,0.0,0.0
-0.9188592083080133,0.30860716392519066,-1.702064352921586,-1.3961162808498042,1.0,0.0,0.0,0.0,0.0,1.0,1.0,0.0,1.0,0.0,0.0,1.0,0.0
-1.119658860473226,-1.6250974073703062,-0.06657305442942442,0.010018711822792317,0.0,1.0,0.0,0.0,0.0,1.0,0.0,1.0,1.0,0.0,1.0,0.0,0.0
0.2859387046832627,0.7920333067490648,-0.5824950028826344,2.8222886971679855,0.0,1.0,0.0,0.0,1.0,0.0,0.0,1.0,0.0,1.0,0.0,1.0,0.0
-1.3204585126384387,-1.1900138788288195,0.7186767333666485,0.7130862081590905,0.0,0.0,1.0,0.0,1.0,0.0,1.0,0.0,1.0,0.0,0.0,0.0,1.0
-0.18259381703556682,-1.5284121788055314,-1.0711364750568255,0.7130862081590905,0.0,0.0,1.0,0.0,1.0,0.0,1.0,0.0,1.0,0.0,0.0,1.0,0.0
0.6875380090136881,-0.5132172788753955,-0.9796666428271741,-1.3961162808498042,1.0,0.0,0.0,0.0,1.0,0.0,1.0,0.0,1.0,0.0,0.0,1.0,0.0
-0.24952703442397103,-0.9483008074168823,-0.16232217705578475,1.4161537044953887,1.0,0.0,0.0,1.0,0.0,0.0,1.0,0.0,0.0,1.0,0.0,0.0,1.0
0.955270878567305,1.6138577495496509,0.017675475255781097,-1.3961162808498042,0.0,0.0,1.0,0.0,0.0,1.0,1.0,0.0,1.0,0.0,1.0,0.0,0.0
-0.5172599039775879,-1.6250974073703062,0.45041871662296273,-0.6930487845135059,0.0,1.0,0.0,0.0,0.0,1.0,1.0,0.0,0.0,1.0,1.0,0.0,0.0
-1.1865920778616301,-1.3350417216759816,0.8882436153362365,-1.3961162808498042,1.0,0.0,0.0,0.0,1.0,0.0,1.0,0.0,1.0,0.0,1.0,0.0,0.0
-0.5172599039775879,1.3721446781377138,0.11797134392864463,1.4161537044953887,1.0,0.0,0.0,0.0,1.0,0.0,1.0,0.0,0.0,1.0,1.0,0.0,0.0
1.223003748120922,0.06689409251325355,0.8034601743514425,0.010018711822792317,0.0,1.0,0.0,0.0,0.0,1.0,1.0,0.0,0.0,1.0,0.0,0.0,1.0
1.557669835062943,1.3238020638553265,1.7467762511759486,0.7130862081590905,0.0,1.0,0.0,0.0,1.0,0.0,1.0,0.0,1.0,0.0,0.0,1.0,0.0
1.6915362698397514,1.517172520984876,-0.028594352158633384,0.7130862081590905,0.0,1.0,0.0,0.0,1.0,0.0,1.0,0.0,0.0,1.0,0.0,1.0,0.0
-1.722057816968864,-0.07813375033390871,-1.0032027400090728,-0.6930487845135059,1.0,0.0,0.0,0.0,1.0,0.0,1.0,0.0,1.0,0.0,0.0,1.0,0.0
1.4238034002861346,0.5503202353371277,1.0615548764029443,-0.6930487845135059,1.0,0.0,0.0,0.0,0.0,1.0,1.0,0.0,0.0,1.0,0.0,0.0,1.0
0.6875380090136881,-0.6582451217225578,-0.5223174816789165,0.7130862081590905,0.0,0.0,1.0,0.0,0.0,1.0,1.0,0.0,1.0,0.0,0.0,1.0,0.0
1.0222040959557093,1.5655151352672636,-1.1008240521839932,1.4161537044953887,1.0,0.0,0.0,0.0,1.0,0.0,1.0,0.0,1.0,0.0,1.0,0.0,0.0
-1.2535252952500344,-1.1900138788288195,-1.0216571798448797,0.010018711822792317,0.0,1.0,0.0,0.0,1.0,0.0,0.0,1.0,1.0,0.0,1.0,0.0,0.0
0.6206047916252838,-0.5132172788753955,-0.09198134115988325,-1.3961162808498042,0.0,0.0,1.0,0.0,1.0,0.0,0.0,1.0,1.0,0.0,1.0,0.0,0.0
0.35287192207166695,-0.22316159318107098,-1.5057519059725677,0.010018711822792317,0.0,0.0,1.0,0.0,1.0,0.0,1.0,0.0,1.0,0.0,0.0,0.0,1.0
-1.0527256430848217,0.9370611495962271,-1.3738962706239763,-1.3961162808498042,0.0,0.0,1.0,1.0,0.0,0.0,0.0,1.0,0.0,1.0,0.0,1.0,0.0
-1.119658860473226,1.2271168352905517,-1.419631186738802,0.7130862081590905,0.0,1.0,0.0,0.0,1.0,0.0,1.0,0.0,1.0,0.0,1.0,0.0,0.0
-0.3833934692007795,0.21192193536041581,1.3458602321342885,-1.3961162808498042,0.0,1.0,0.0,0.0,0.0,1.0,1.0,0.0,0.0,1.0,0.0,1.0,0.0
1.3568701828977303,1.6622003638320384,-1.084776713196335,-0.6930487845135059,0.0,0.0,1.0,0.0,1.0,0.0,1.0,0.0,1.0,0.0,0.0,1.0,0.0
0.8883376611789008,1.1787742210081642,1.7026460689598883,0.010018711822792317,1.0,0.0,0.0,0.0,1.0,0.0,1.0,0.0,1.0,0.0,0.0,1.0,0.0
-1.6551245995804598,0.8403759210314523,-0.22463934345785727,-1.3961162808498042,1.0,0.0,0.0,0.0,1.0,0.0,1.0,0.0,1.0,0.0,0.0,0.0,1.0
0.35287192207166695,0.01855147823086613,-0.4562559361797237,2.119221200831687,1.0,0.0,0.0,0.0,1.0,0.0,1.0,0.0,0.0,1.0,0.0,1.0,0.0
-0.31646025181237525,0.11523670679564098,1.051391561710761,-0.6930487845135059,1.0,0.0,0.0,0.0,0.0,1.0,0.0,1.0,0.0,1.0,1.0,0.0,0.0
-1.5212581648036514,0.11523670679564098,1.4964377629684809,0.010018711822792317,0.0,1.0,0.0,0.0,0.0,1.0,1.0,0.0,1.0,0.0,0.0,1.0,0.0
-1.0527256430848217,0.21192193536041581,-0.0005115089302316709,0.010018711822792317,0.0,1.0,0.0,1.0,0.0,0.0,1.0,0.0,0.0,1.0,0.0,0.0,1.0
1.3568701828977303,1.0820889924433894,1.5595572963199367,-1.3961162808498042,1.0,0.0,0.0,0.0,1.0,0.0,1.0,0.0,1.0,0.0,0.0,1.0,0.0
-0.048727382258758375,-0.2715042074634584,-0.5883790271781091,-0.6930487845135059,1.0,0.0,0.0,0.0,1.0,0.0,1.0,0.0,1.0,0.0,0.0,0.0,1.0
-0.3833934692007795,-1.0449860359816572,0.9890743953086886,0.7130862081590905,0.0,0.0,1.0,0.0,1.0,0.0,1.0,0.0,1.0,0.0,0.0,1.0,0.0
0.08513905251805007,0.4536350067723529,1.1869915761564727,0.010018711822792317,1.0,0.0,0.0,1.0,0.0,0.0,1.0,0.0,0.0,1.0,0.0,1.0,0.0
-0.5172599039775879,-1.2383564931112068,0.9765039797683563,0.7130862081590905,0.0,1.0,0.0,0.0,1.0,0.0,1.0,0.0,1.0,0.0,1.0,0.0,0.0
0.7544712264020923,0.4052923924899655,1.7021111576602996,0.010018711822792317,0.0,1.0,0.0,0.0,1.0,0.0,1.0,0.0,1.0,0.0,1.0,0.0,0.0
-1.0527256430848217,0.06689409251325355,0.2808518346533747,-0.6930487845135059,1.0,0.0,0.0,1.0,0.0,0.0,1.0,0.0,1.0,0.0,0.0,0.0,1.0
1.4907366176745387,-0.2715042074634584,-0.16044998750722483,0.010018711822792317,1.0,0.0,0.0,0.0,1.0,0.0,1.0,0.0,1.0,0.0,0.0,0.0,1.0
-1.3873917300268428,1.3238020638553265,1.6745632257314864,2.8222886971679855,0.0,0.0,1.0,1.0,0.0,0.0,0.0,1.0,1.0,0.0,1.0,0.0,0.0
-0.24952703442397103,-1.1900138788288195,0.929431785404559,2.119221200831687,0.0,0.0,1.0,0.0,1.0,0.0,0.0,1.0,1.0,0.0,0.0,1.0,0.0
0.955270878567305,1.3238020638553265,-0.5348878972192487,0.7130862081590905,1.0,0.0,0.0,1.0,0.0,0.0,1.0,0.0,0.0,1.0,1.0,0.0,0.0
0.5536715742368796,1.6138577495496509,-1.0521471239214302,0.010018711822792317,1.0,0.0,0.0,1.0,0.0,0.0,1.0,0.0,0.0,1.0,1.0,0.0,0.0
-1.1865920778616301,-0.8516155788521075,-0.1545659632117502,0.010018711822792317,1.0,0.0,0.0,0.0,1.0,0.0,0.0,1.0,1.0,0.0,0.0,0.0,1.0
-0.5172599039775879,0.7920333067490648,-0.04651388069485171,1.4161537044953887,0.0,1.0,0.0,0.0,1.0,0.0,0.0,1.0,1.0,0.0,0.0,0.0,1.0
-0.048727382258758375,-0.5615598931577829,0.323377282970669,-0.6930487845135059,1.0,0.0,0.0,0.0,0.0,1.0,1.0,0.0,1.0,0.0,0.0,1.0,0.0
1.4907366176745387,0.06689409251325355,-1.6392122752199245,-0.6930487845135059,0.0,1.0,0.0,0.0,1.0,0.0,1.0,0.0,1.0,0.0,0.0,1.0,0.0
-0.1156605996471626,0.8403759210314523,1.0420306139679605,-0.6930487845135059,1.0,0.0,0.0,0.0,1.0,0.0,1.0,0.0,1.0,0.0,0.0,0.0,1.0
0.6875380090136881,-0.4165320503106206,1.7275194443907589,0.010018711822792317,0.0,1.0,0.0,0.0,0.0,1.0,1.0,0.0,0.0,1.0,0.0,1.0,0.0
-1.3873917300268428,1.033746378161002,1.5301371748425627,-0.6930487845135059,1.0,0.0,0.0,1.0,0.0,0.0,0.0,1.0,0.0,1.0,0.0,1.0,0.0
-0.5172599039775879,-0.5615598931577829,-0.3099576957422398,0.7130862081590905,1.0,0.0,0.0,0.0,0.0,1.0,0.0,1.0,1.0,0.0,0.0,0.0,1.0
-0.24952703442397103,-0.9966434216992697,1.119325296758514,0.7130862081590905,0.0,1.0,0.0,0.0,1.0,0.0,1.0,0.0,1.0,0.0,0.0,1.0,0.0
1.6915362698397514,-1.1900138788288195,-1.2888453739893881,0.010018711822792317,1.0,0.0,0.0,1.0,0.0,0.0,1.0,0.0,1.0,0.0,0.0,0.0,1.0
0.4198051394600712,0.8887185353138397,-0.41854468955872676,-0.6930487845135059,1.0,0.0,0.0,0.0,1.0,0.0,1.0,0.0,1.0,0.0,0.0,1.0,0.0
0.15207226990645428,-0.6099025074401704,1.7133442949516606,-1.3961162808498042,1.0,0.0,0.0,0.0,0.0,1.0,1.0,0.0,0.0,1.0,0.0,0.0,1.0
-0.6511263387543964,-0.07813375033390871,0.29368970584350135,0.010018711822792317,1.0,0.0,0.0,1.0,0.0,0.0,0.0,1.0,0.0,1.0,0.0,1.0,0.0
-0.9188592083080133,-1.2866991073935943,-0.2789328403661007,1.4161537044953887,1.0,0.0,0.0,1.0,0.0,0.0,1.0,0.0,1.0,0.0,1.0,0.0,0.0
-0.048727382258758375,1.3721446781377138,-0.7483175057551023,0.010018711822792317,0.0,1.0,0.0,0.0,1.0,0.0,1.0,0.0,1.0,0.0,1.0,0.0,0.0
-1.722057816968864,0.9854037638786145,1.5349513765388603,0.010018711822792317,0.0,0.0,1.0,0.0,1.0,0.0,1.0,0.0,0.0,1.0,0.0,1.0,0.0
-1.3873917300268428,1.275459449572939,-0.6504287379303872,0.7130862081590905,1.0,0.0,0.0,0.0,0.0,1.0,1.0,0.0,1.0,0.0,0.0,1.0,0.0
-0.7180595561428006,-0.6582451217225578,0.6825702206444177,-1.3961162808498042,0.0,1.0,0.0,0.0,0.0,1.0,1.0,0.0,1.0,0.0,1.0,0.0,0.0
1.557669835062943,0.5503202353371277,0.8764755667452873,0.010018711822792317,1.0,0.0,0.0,1.0,0.0,0.0,0.0,1.0,1.0,0.0,0.0,0.0,1.0
1.0222040959557093,-1.1900138788288195,-0.9815388323757341,0.010018711822792317,1.0,0.0,0.0,0.0,1.0,0.0,1.0,0.0,0.0,1.0,0.0,1.0,0.0
-1.3204585126384387,-0.31984682174584583,-0.7362820015143585,0.010018711822792317,1.0,0.0,0.0,1.0,0.0,0.0,0.0,1.0,1.0,0.0,0.0,0.0,1.0
1.6915362698397514,0.9854037638786145,0.9714223224222647,0.010018711822792317,0.0,1.0,0.0,0.0,0.0,1.0,0.0,1.0,1.0,0.0,0.0,0.0,1.0
-0.7849927735312048,-1.1900138788288195,0.996563153502929,1.4161537044953887,0.0,1.0,0.0,0.0,1.0,0.0,0.0,1.0,0.0,1.0,0.0,0.0,1.0
-0.1156605996471626,0.1635793210780284,-1.696982695575494,-0.6930487845135059,0.0,1.0,0.0,0.0,1.0,0.0,1.0,0.0,1.0,0.0,1.0,0.0,0.0
-0.7180595561428006,0.35694977820757806,-0.5279340503245967,-0.6930487845135059,0.0,0.0,1.0,0.0,0.0,1.0,0.0,1.0,1.0,0.0,0.0,1.0,0.0
0.5536715742368796,0.6470054639019026,-1.378977927970068,-0.6930487845135059,1.0,0.0,0.0,0.0,1.0,0.0,0.0,1.0,1.0,0.0,0.0,1.0,0.0
-0.7849927735312048,0.5019776210547403,0.8430436105209994,0.7130862081590905,1.0,0.0,0.0,0.0,1.0,0.0,1.0,0.0,1.0,0.0,1.0,0.0,0.0
1.1560705307325176,-0.8516155788521075,1.4715643875376105,-0.6930487845135059,0.0,0.0,1.0,0.0,0.0,1.0,1.0,0.0,1.0,0.0,0.0,0.0,1.0
-1.5881913821920555,0.06689409251325355,-0.2380121259475724,0.7130862081590905,0.0,1.0,0.0,0.0,0.0,1.0,1.0,0.0,0.0,1.0,0.0,1.0,0.0
-1.2535252952500344,-0.6582451217225578,-0.25272218668625934,0.010018711822792317,0.0,0.0,1.0,0.0,0.0,1.0,0.0,1.0,0.0,1.0,0.0,0.0,1.0
-1.3873917300268428,1.033746378161002,-1.0906607374918096,-0.6930487845135059,0.0,1.0,0.0,0.0,1.0,0.0,1.0,0.0,1.0,0.0,0.0,0.0,1.0
-1.5212581648036514,0.5503202353371277,-0.13584406772614893,0.7130862081590905,0.0,0.0,1.0,0.0,0.0,1.0,1.0,0.0,1.0,0.0,0.0,1.0,0.0
1.6246030524513473,-1.1900138788288195,1.6344448782623409,0.010018711822792317,0.0,1.0,0.0,0.0,1.0,0.0,0.0,1.0,0.0,1.0,0.0,1.0,0.0
-0.1156605996471626,1.0820889924433894,1.7173561296985747,-0.6930487845135059,1.0,0.0,0.0,0.0,1.0,0.0,0.0,1.0,1.0,0.0,0.0,0.0,1.0
-0.31646025181237525,0.6470054639019026,-1.606850141594814,2.119221200831687,0.0,1.0,0.0,0.0,1.0,0.0,1.0,0.0,1.0,0.0,0.0,1.0,0.0
1.3568701828977303,-0.9966434216992697,-0.0887718733623515,-0.6930487845135059,0.0,0.0,1.0,1.0,0.0,0.0,0.0,1.0,1.0,0.0,1.0,0.0,0.0
0.8883376611789008,-0.7549303502873326,1.213202229836314,0.010018711822792317,1.0,0.0,0.0,0.0,1.0,0.0,1.0,0.0,0.0,1.0,1.0,0.0,0.0
0.8214044437904965,0.4536350067723529,-1.478738885343343,0.010018711822792317,1.0,0.0,0.0,0.0,1.0,0.0,1.0,0.0,1.0,0.0,0.0,1.0,0.0
0.8883376611789008,-0.5132172788753955,-1.5234039788589915,-1.3961162808498042,1.0,0.0,0.0,1.0,0.0,0.0,1.0,0.0,1.0,0.0,0.0,1.0,0.0
-0.1156605996471626,-0.5132172788753955,-0.7758654376839154,0.010018711822792317,0.0,0.0,1.0,0.0,1.0,0.0,0.0,1.0,0.0,1.0,0.0,0.0,1.0
-1.3204585126384387,0.9370611495962271,0.33220331941388087,-1.3961162808498042,0.0,0.0,1.0,0.0,0.0,1.0,1.0,0.0,1.0,0.0,0.0,1.0,0.0
-0.8519259909196091,1.0820889924433894,0.34343645670524164,1.4161537044953887,0.0,1.0,0.0,0.0,1.0,0.0,1.0,0.0,0.0,1.0,0.0,1.0,0.0
0.018205835129645846,-1.4317269502407566,-1.2588903412124262,-1.3961162808498042,1.0,0.0,0.0,0.0,1.0,0.0,0.0,1.0,0.0,1.0,1.0,0.0,0.0
1.6246030524513473,-0.22316159318107098,1.6256188418191293,1.4161537044953887,1.0,0.0,0.0,0.0,0.0,1.0,1.0,0.0,0.0,1.0,0.0,0.0,1.0
0.08513905251805007,-0.4165320503106206,0.2843287581007009,1.4161537044953887,1.0,0.0,0.0,0.0,0.0,1.0,1.0,0.0,1.0,0.0,0.0,0.0,1.0
1.223003748120922,-0.02979113605152129,-1.4102702389960016,1.4161537044953887,1.0,0.0,0.0,0.0,1.0,0.0,1.0,0.0,1.0,0.0,0.0,0.0,1.0
0.15207226990645428,-0.80327296456972,-0.49396718280072033,1.4161537044953887,1.0,0.0,0.0,0.0,1.0,0.0,0.0,1.0,0.0,1.0,1.0,0.0,0.0
-1.5881913821920555,-0.5132172788753955,0.6047406265542753,-0.6930487845135059,1.0,0.0,0.0,0.0,1.0,0.0,1.0,0.0,1.0,0.0,0.0,0.0,1.0
-0.5172599039775879,-0.80327296456972,1.6919478429681163,-0.6930487845135059,0.0,0.0,1.0,0.0,1.0,0.0,1.0,0.0,1.0,0.0,1.0,0.0,0.0
-1.722057816968864,1.1787742210081642,-0.6343813989427293,0.010018711822792317,1.0,0.0,0.0,0.0,1.0,0.0,0.0,1.0,1.0,0.0,0.0,0.0,1.0
-1.5881913821920555,-0.5615598931577829,-0.933664271062554,0.010018711822792317,1.0,0.0,0.0,0.0,0.0,1.0,1.0,0.0,1.0,0.0,1.0,0.0,0.0
1.0891373133441133,1.4204872924201013,0.8826270466905559,-0.6930487845135059,1.0,0.0,0.0,0.0,0.0,1.0,1.0,0.0,1.0,0.0,1.0,0.0,0.0
1.289936965509326,-1.6734400216526937,1.5017868759643667,-0.6930487845135059,0.0,0.0,1.0,0.0,1.0,0.0,0.0,1.0,0.0,1.0,0.0,0.0,1.0
0.2859387046832627,0.8403759210314523,0.04709559673315425,1.4161537044953887,1.0,0.0,0.0,1.0,0.0,0.0,0.0,1.0,0.0,1.0,1.0,0.0,0.0
1.1560705307325176,1.710542978114426,1.4892164604240343,-1.3961162808498042,0.0,1.0,0.0,0.0,1.0,0.0,1.0,0.0,0.0,1.0,0.0,1.0,0.0
-0.45032668658918373,-0.2715042074634584,-1.2503317604190083,-1.3961162808498042,1.0,0.0,0.0,0.0,0.0,1.0,1.0,0.0,0.0,1.0,1.0,0.0,0.0
-0.24952703442397103,-1.2383564931112068,0.2910151493455585,0.7130862081590905,0.0,0.0,1.0,0.0,1.0,0.0,1.0,0.0,0.0,1.0,0.0,1.0,0.0
0.8883376611789008,0.06689409251325355,1.5742673570586228,-1.3961162808498042,1.0,0.0,0.0,0.0,1.0,0.0,1.0,0.0,1.0,0.0,0.0,1.0,0.0
0.955270878567305,-1.383384335958369,-0.5199103808307677,-0.6930487845135059,0.0,1.0,0.0,0.0,1.0,0.0,0.0,1.0,1.0,0.0,0.0,1.0,0.0
1.6915362698397514,-0.8999581931344949,-1.3495578064926947,-0.6930487845135059,0.0,1.0,0.0,0.0,0.0,1.0,0.0,1.0,0.0,1.0,0.0,0.0,1.0
1.6246030524513473,-0.2715042074634584,0.20221987361384977,0.7130862081590905,1.0,0.0,0.0,0.0,1.0,0.0,1.0,0.0,1.0,0.0,1.0,0.0,0.0
-0.5172599039775879,-1.3350417216759816,-0.9788642758777911,-1.3961162808498042,0.0,0.0,1.0,0.0,0.0,1.0,0.0,1.0,1.0,0.0,0.0,0.0,1.0
0.6206047916252838,-1.5767547930879187,-1.673981509693184,-0.6930487845135059,1.0,0.0,0.0,0.0,1.0,0.0,1.0,0.0,0.0,1.0,0.0,1.0,0.0
1.1560705307325176,-0.02979113605152129,-0.18559081858788923,0.010018711822792317,0.0,0.0,1.0,0.0,1.0,0.0,0.0,1.0,1.0,0.0,1.0,0.0,0.0
1.6246030524513473,0.7436906924666774,-0.3936713141278568,0.010018711822792317,0.0,1.0,0.0,0.0,1.0,0.0,1.0,0.0,0.0,1.0,0.0,1.0,0.0
0.08513905251805007,-0.6099025074401704,1.153559619932185,-0.6930487845135059,1.0,0.0,0.0,1.0,0.0,0.0,1.0,0.0,1.0,0.0,0.0,0.0,1.0
-0.7180595561428006,0.2602645496428032,0.13134412641835977,0.7130862081590905,1.0,0.0,0.0,0.0,1.0,0.0,1.0,0.0,0.0,1.0,1.0,0.0,0.0
0.4867383568484754,1.5655151352672636,0.17681158688339094,-0.6930487845135059,1.0,0.0,0.0,1.0,0.0,0.0,0.0,1.0,0.0,1.0,0.0,0.0,1.0
-1.722057816968864,-1.6734400216526937,0.76414419383168,-0.6930487845135059,1.0,0.0,0.0,0.0,1.0,0.0,0.0,1.0,1.0,0.0,0.0,0.0,1.0
-0.5841931213659922,0.01855147823086613,-0.699640577492539,-0.6930487845135059,0.0,0.0,1.0,1.0,0.0,0.0,0.0,1.0,0.0,1.0,1.0,0.0,0.0
-0.9188592083080133,0.30860716392519066,-0.4629423274245813,0.7130862081590905,1.0,0.0,0.0,0.0,1.0,0.0,0.0,1.0,0.0,1.0,0.0,1.0,0.0
0.4198051394600712,0.5503202353371277,-0.43913877459288836,-0.6930487845135059,1.0,0.0,0.0,0.0,1.0,0.0,0.0,1.0,1.0,0.0,0.0,0.0,1.0
-0.5841931213659922,1.275459449572939,1.6047573011351737,-0.6930487845135059,1.0,0.0,0.0,1.0,0.0,0.0,1.0,0.0,1.0,0.0,0.0,0.0,1.0
-0.048727382258758375,1.3238020638553265,-0.2832121307628095,-1.3961162808498042,0.0,0.0,1.0,0.0,0.0,1.0,1.0,0.0,1.0,0.0,0.0,1.0,0.0
-0.5841931213659922,-1.2866991073935943,0.25758319312127065,-1.3961162808498042,0.0,1.0,0.0,0.0,1.0,0.0,0.0,1.0,1.0,0.0,0.0,1.0,0.0
0.018205835129645846,-0.02979113605152129,0.6322885584830885,1.4161537044953887,0.0,1.0,0.0,0.0,1.0,0.0,1.0,0.0,0.0,1.0,1.0,0.0,0.0
1.6246030524513473,-1.1900138788288195,0.17627667558380244,0.010018711822792317,1.0,0.0,0.0,0.0,1.0,0.0,1.0,0.0,1.0,0.0,0.0,1.0,0.0
0.4198051394600712,0.01855147823086613,1.7334034686862334,0.7130862081590905,0.0,0.0,1.0,1.0,0.0,0.0,1.0,0.0,1.0,0.0,1.0,0.0,0.0
1.0222040959557093,-0.80327296456972,0.7785867989205721,0.010018711822792317,0.0,0.0,1.0,0.0,1.0,0.0,1.0,0.0,1.0,0.0,1.0,0.0,0.0
-0.6511263387543964,-1.2866991073935943,-1.0778228663016831,0.7130862081590905,0.0,0.0,1.0,1.0,0.0,0.0,1.0,0.0,1.0,0.0,1.0,0.0,0.0
-1.3873917300268428,0.11523670679564098,0.5878909206172344,-0.6930487845135059,1.0,0.0,0.0,0.0,1.0,0.0,1.0,0.0,0.0,1.0,0.0,0.0,1.0
0.5536715742368796,1.5655151352672636,-0.43218492769823635,1.4161537044953887,1.0,0.0,0.0,0.0,1.0,0.0,1.0,0.0,0.0,1.0,0.0,0.0,1.0
-1.6551245995804598,1.710542978114426,-0.1671363787520824,0.7130862081590905,0.0,1.0,0.0,0.0,0.0,1.0,1.0,0.0,0.0,1.0,1.0,0.0,0.0
-1.5212581648036514,0.21192193536041581,0.13990270721177728,-0.6930487845135059,0.0,1.0,0.0,0.0,1.0,0.0,0.0,1.0,1.0,0.0,0.0,1.0,0.0
1.3568701828977303,1.6138577495496509,1.2434247182630702,-0.6930487845135059,1.0,0.0,0.0,1.0,0.0,0.0,1.0,0.0,0.0,1.0,0.0,1.0,0.0
-0.3833934692007795,0.01855147823086613,0.21532520045377046,-0.6930487845135059,1.0,0.0,0.0,0.0,0.0,1.0,1.0,0.0,1.0,0.0,0.0,1.0,0.0
0.4198051394600712,0.2602645496428032,-1.5809069435647667,0.010018711822792317,1.0,0.0,0.0,0.0,1.0,0.0,0.0,1.0,1.0,0.0,1.0,0.0,0.0
0.2859387046832627,1.6622003638320384,0.45657019656823183,2.119221200831687,1.0,0.0,0.0,0.0,1.0,0.0,1.0,0.0,0.0,1.0,0.0,0.0,1.0
-1.0527256430848217,-0.5615598931577829,-0.07299199002448754,-0.6930487845135059,0.0,1.0,0.0,0.0,1.0,0.0,1.0,0.0,0.0,1.0,0.0,0.0,1.0
-1.5212581648036514,0.7436906924666774,-1.626374404029798,-0.6930487845135059,0.0,0.0,1.0,0.0,1.0,0.0,0.0,1.0,1.0,0.0,0.0,0.0,1.0
-0.9188592083080133,-1.5284121788055314,-0.8130417730053235,-1.3961162808498042,1.0,0.0,0.0,1.0,0.0,0.0,1.0,0.0,0.0,1.0,1.0,0.0,0.0
-1.3873917300268428,1.033746378161002,-1.2727980350017298,0.010018711822792317,0.0,1.0,0.0,0.0,0.0,1.0,1.0,0.0,1.0,0.0,0.0,1.0,0.0
-1.5212581648036514,-0.80327296456972,0.8614980503568063,0.7130862081590905,0.0,1.0,0.0,0.0,1.0,0.0,0.0,1.0,0.0,1.0,0.0,1.0,0.0
0.955270878567305,1.6138577495496509,0.3902411954192446,-0.6930487845135059,1.0,0.0,0.0,0.0,1.0,0.0,0.0,1.0,1.0,0.0,1.0,0.0,0.0
1.4907366176745387,0.5019776210547403,0.29368970584350135,-0.6930487845135059,1.0,0.0,0.0,1.0,0.0,0.0,0.0,1.0,1.0,0.0,0.0,1.0,0.0
-1.2535252952500344,-1.6250974073703062,0.7842033675662528,0.010018711822792317,1.0,0.0,0.0,0.0,1.0,0.0,0.0,1.0,1.0,0.0,1.0,0.0,0.0
1.6246030524513473,-1.5767547930879187,-0.3072831392442969,-1.3961162808498042,1.0,0.0,0.0,1.0,0.0,0.0,1.0,0.0,1.0,0.0,1.0,0.0,0.0
0.8883376611789008,0.30860716392519066,-1.584651322661887,-0.6930487845135059,1.0,0.0,0.0,1.0,0.0,0.0,0.0,1.0,1.0,0.0,0.0,0.0,1.0
-0.5172599039775879,1.4688299067024888,-0.11765708354013615,0.010018711822792317,1.0,0.0,0.0,0.0,1.0,0.0,0.0,1.0,0.0,1.0,1.0,0.0,0.0
1.557669835062943,1.3721446781377138,-0.09893518805453527,-0.6930487845135059,1.0,0.0,0.0,0.0,0.0,1.0,0.0,1.0,0.0,1.0,1.0,0.0,0.0
0.2859387046832627,-1.6250974073703062,-0.017093759217478563,0.7130862081590905,0.0,0.0,1.0,0.0,1.0,0.0,0.0,1.0,0.0,1.0,0.0,0.0,1.0
1.4238034002861346,1.033746378161002,0.6293465463353513,-0.6930487845135059,1.0,0.0,0.0,0.0,1.0,0.0,1.0,0.0,0.0,1.0,0.0,1.0,0.0
-0.9857924256964175,0.4536350067723529,-0.16392691095455064,0.7130862081590905,0.0,0.0,1.0,0.0,1.0,0.0,1.0,0.0,1.0,0.0,0.0,1.0,0.0
-0.048727382258758375,-0.9966434216992697,0.555796242641918,0.7130862081590905,0.0,1.0,0.0,1.0,0.0,0.0,0.0,1.0,1.0,0.0,1.0,0.0,0.0
-1.1865920778616301,-0.5132172788753955,-0.2329304686014807,-1.3961162808498042,1.0,0.0,0.0,0.0,0.0,1.0,0.0,1.0,0.0,1.0,0.0,1.0,0.0
0.4198051394600712,-1.4800695645231439,-0.3281446799282525,-1.3961162808498042,1.0,0.0,0.0,0.0,0.0,1.0,1.0,0.0,0.0,1.0,0.0,0.0,1.0
-1.6551245995804598,1.6622003638320384,-0.8518228422254973,0.7130862081590905,1.0,0.0,0.0,0.0,1.0,0.0,0.0,1.0,1.0,0.0,0.0,0.0,1.0
1.4238034002861346,-1.2383564931112068,-1.491844212183264,0.010018711822792317,1.0,0.0,0.0,0.0,0.0,1.0,1.0,0.0,0.0,1.0,0.0,0.0,1.0
-0.5172599039775879,0.4052923924899655,1.3314176270453963,0.7130862081590905,1.0,0.0,0.0,0.0,1.0,0.0,0.0,1.0,1.0,0.0,1.0,0.0,0.0
0.8883376611789008,-1.3350417216759816,-0.7352121789151813,0.7130862081590905,1.0,0.0,0.0,0.0,1.0,0.0,1.0,0.0,0.0,1.0,0.0,0.0,1.0
1.0222040959557093,0.8403759210314523,1.165595124172928,0.7130862081590905,0.0,0.0,1.0,0.0,0.0,1.0,0.0,1.0,0.0,1.0,1.0,0.0,0.0
-0.5172599039775879,1.4688299067024888,0.37767077987891245,0.7130862081590905,0.0,0.0,1.0,0.0,1.0,0.0,0.0,1.0,1.0,0.0,0.0,0.0,1.0
-1.722057816968864,1.6622003638320384,0.3798104250772668,-0.6930487845135059,1.0,0.0,0.0,1.0,0.0,0.0,0.0,1.0,1.0,0.0,1.0,0.0,0.0
1.1560705307325176,-1.4800695645231439,0.9131169907671064,2.119221200831687,0.0,1.0,0.0,1.0,0.0,0.0,1.0,0.0,0.0,1.0,0.0,0.0,1.0
1.4907366176745387,-0.4648746645930081,-1.0903932818420154,0.7130862081590905,1.0,0.0,0.0,0.0,1.0,0.0,0.0,1.0,0.0,1.0,0.0,0.0,1.0
1.223003748120922,-1.721782635935081,0.4193938612468237,1.4161537044953887,0.0,1.0,0.0,0.0,1.0,0.0,0.0,1.0,0.0,1.0,0.0,0.0,1.0
-1.3873917300268428,-1.0933286502640445,0.23083762814184036,-0.6930487845135059,0.0,0.0,1.0,0.0,1.0,0.0,0.0,1.0,0.0,1.0,0.0,0.0,1.0
-0.5172599039775879,-0.4165320503106206,-0.4209517904068756,-1.3961162808498042,0.0,1.0,0.0,0.0,1.0,0.0,1.0,0.0,0.0,1.0,0.0,1.0,0.0
0.6206047916252838,0.4536350067723529,-1.1695601541811291,0.7130862081590905,0.0,1.0,0.0,0.0,1.0,0.0,1.0,0.0,1.0,0.0,0.0,1.0,0.0
-0.048727382258758375,-1.0449860359816572,-0.2380121259475724,-0.6930487845135059,0.0,1.0,0.0,0.0,1.0,0.0,1.0,0.0,0.0,1.0,0.0,1.0,0.0
-0.45032668658918373,-0.07813375033390871,0.10058672669201481,-1.3961162808498042,0.0,0.0,1.0,1.0,0.0,0.0,0.0,1.0,0.0,1.0,1.0,0.0,0.0
0.15207226990645428,0.7436906924666774,1.5467194251298095,-1.3961162808498042,0.0,1.0,0.0,1.0,0.0,0.0,0.0,1.0,1.0,0.0,0.0,1.0,0.0
-1.454324947415247,0.8403759210314523,1.1602460111770425,0.010018711822792317,0.0,0.0,1.0,1.0,0.0,0.0,1.0,0.0,1.0,0.0,0.0,1.0,0.0
0.4198051394600712,0.01855147823086613,-0.1304949547302628,-0.6930487845135059,1.0,0.0,0.0,0.0,1.0,0.0,1.0,0.0,1.0,0.0,1.0,0.0,0.0
-1.6551245995804598,-0.4165320503106206,0.9283619628053819,0.010018711822792317,1.0,0.0,0.0,1.0,0.0,0.0,0.0,1.0,1.0,0.0,0.0,1.0,0.0
0.35287192207166695,0.06689409251325355,-1.0395767083810978,-1.3961162808498042,1.0,0.0,0.0,1.0,0.0,0.0,0.0,1.0,1.0,0.0,0.0,0.0,1.0
0.6206047916252838,0.69534807818429,-1.1339885527584868,1.4161537044953887,1.0,0.0,0.0,0.0,0.0,1.0,0.0,1.0,0.0,1.0,0.0,1.0,0.0
0.8883376611789008,-1.5284121788055314,-1.1133944677243255,0.010018711822792317,1.0,0.0,0.0,0.0,0.0,1.0,1.0,0.0,1.0,0.0,0.0,1.0,0.0
-1.5881913821920555,0.35694977820757806,-1.3661400567799415,0.010018711822792317,1.0,0.0,0.0,1.0,0.0,0.0,0.0,1.0,1.0,0.0,1.0,0.0,0.0
-1.119658860473226,-1.0933286502640445,0.8162980455415692,-1.3961162808498042,1.0,0.0,0.0,0.0,1.0,0.0,1.0,0.0,0.0,1.0,0.0,1.0,0.0
-0.31646025181237525,-0.80327296456972,0.040409205488296684,0.010018711822792317,0.0,1.0,0.0,1.0,0.0,0.0,1.0,0.0,0.0,1.0,1.0,0.0,0.0
-0.9188592083080133,-1.6250974073703062,0.904825865623483,1.4161537044953887,0.0,0.0,1.0,0.0,1.0,0.0,0.0,1.0,1.0,0.0,1.0,0.0,0.0
0.21900548729485853,-1.0449860359816572,0.21184827700644465,-0.6930487845135059,0.0,0.0,1.0,0.0,1.0,0.0,0.0,1.0,0.0,1.0,0.0,1.0,0.0
0.5536715742368796,0.9854037638786145,1.2562625894531971,-0.6930487845135059,1.0,0.0,0.0,0.0,1.0,0.0,1.0,0.0,0.0,1.0,0.0,0.0,1.0
-1.3204585126384387,-0.9966434216992697,-1.4677732037017766,0.010018711822792317,0.0,1.0,0.0,0.0,1.0,0.0,1.0,0.0,1.0,0.0,0.0,1.0,0.0
-0.7180595561428006,1.0820889924433894,-0.14119318072203504,0.010018711822792317,0.0,1.0,0.0,1.0,0.0,0.0,1.0,0.0,1.0,0.0,1.0,0.0,0.0
0.6206047916252838,0.5986628496195152,0.6202530542423449,1.4161537044953887,0.0,1.0,0.0,0.0,0.0,1.0,1.0,0.0,0.0,1.0,0.0,0.0,1.0
-0.5172599039775879,-0.02979113605152129,-0.18585827423768367,1.4161537044953887,1.0,0.0,0.0,0.0,0.0,1.0,1.0,0.0,1.0,0.0,0.0,0.0,1.0
-1.1865920778616301,-0.8999581931344949,-0.00800026712447218,0.010018711822792317,0.0,0.0,1.0,0.0,1.0,0.0,0.0,1.0,0.0,1.0,0.0,0.0,1.0
-1.0527256430848217,1.4204872924201013,1.338371473940048,0.010018711822792317,1.0,0.0,0.0,1.0,0.0,0.0,1.0,0.0,1.0,0.0,0.0,1.0,0.0
-1.5212581648036514,1.0820889924433894,-0.16740383440187645,0.010018711822792317,0.0,1.0,0.0,0.0,0.0,1.0,1.0,0.0,1.0,0.0,0.0,0.0,1.0
0.6875380090136881,-1.721782635935081,1.6451431042541131,-1.3961162808498042,1.0,0.0,0.0,0.0,0.0,1.0,1.0,0.0,1.0,0.0,0.0,0.0,1.0
1.223003748120922,-1.1900138788288195,0.06341039137060671,2.119221200831687,1.0,0.0,0.0,1.0,0.0,0.0,1.0,0.0,0.0,1.0,0.0,1.0,0.0
0.4198051394600712,1.1304316067257767,0.39371811886657043,0.010018711822792317,0.0,0.0,1.0,0.0,1.0,0.0,1.0,0.0,0.0,1.0,1.0,0.0,0.0
0.21900548729485853,1.6622003638320384,0.7047690395773448,0.010018711822792317,1.0,0.0,0.0,0.0,0.0,1.0,1.0,0.0,1.0,0.0,0.0,0.0,1.0
1.289936965509326,0.4536350067723529,1.568115877113354,1.4161537044953887,0.0,0.0,1.0,0.0,1.0,0.0,0.0,1.0,0.0,1.0,1.0,0.0,0.0
0.955270878567305,-0.80327296456972,1.3514768007799691,2.119221200831687,1.0,0.0,0.0,1.0,0.0,0.0,1.0,0.0,1.0,0.0,0.0,0.0,1.0
-0.18259381703556682,0.2602645496428032,0.25811810442085914,0.7130862081590905,0.0,1.0,0.0,1.0,0.0,0.0,1.0,0.0,1.0,0.0,0.0,1.0,0.0
-0.31646025181237525,-0.8999581931344949,0.5632850008361585,2.8222886971679855,1.0,0.0,0.0,0.0,1.0,0.0,0.0,1.0,0.0,1.0,0.0,0.0,1.0
0.8883376611789008,0.21192193536041581,-1.6680974853977093,0.010018711822792317,1.0,0.0,0.0,0.0,0.0,1.0,0.0,1.0,1.0,0.0,1.0,0.0,0.0
1.223003748120922,0.06689409251325355,-1.4899720226347037,0.010018711822792317,0.0,0.0,1.0,0.0,0.0,1.0,0.0,1.0,1.0,0.0,0.0,0.0,1.0
-0.1156605996471626,0.2602645496428032,-0.5576216274517642,-0.6930487845135059,1.0,0.0,0.0,1.0,0.0,0.0,1.0,0.0,0.0,1.0,1.0,0.0,0.0
0.35287192207166695,-0.36818943602823323,-0.39447368107723974,0.010018711822792317,1.0,0.0,0.0,0.0,1.0,0.0,0.0,1.0,1.0,0.0,0.0,0.0,1.0
-1.722057816968864,-1.5767547930879187,-1.4140146180931217,-1.3961162808498042,1.0,0.0,0.0,0.0,0.0,1.0,0.0,1.0,0.0,1.0,0.0,0.0,1.0
-1.454324947415247,1.0820889924433894,-1.2024571991058282,0.7130862081590905,1.0,0.0,0.0,0.0,1.0,0.0,0.0,1.0,0.0,1.0,0.0,1.0,0.0
0.15207226990645428,1.710542978114426,1.6502247616002048,-1.3961162808498042,0.0,1.0,0.0,0.0,1.0,0.0,0.0,1.0,1.0,0.0,0.0,1.0,0.0
1.3568701828977303,-1.721782635935081,-1.7095531111158262,-1.3961162808498042,1.0,0.0,0.0,0.0,1.0,0.0,0.0,1.0,1.0,0.0,0.0,1.0,0.0
1.4907366176745387,-1.0449860359816572,-0.16125235445660777,0.7130862081590905,1.0,0.0,0.0,0.0,1.0,0.0,1.0,0.0,1.0,0.0,0.0,1.0,0.0
-1.722057816968864,-1.1900138788288195,-0.28802633245910714,0.7130862081590905,1.0,0.0,0.0,1.0,0.0,0.0,0.0,1.0,1.0,0.0,1.0,0.0,0.0
-0.5841931213659922,-0.5132172788753955,-0.6496263709810045,0.7130862081590905,1.0,0.0,0.0,0.0,0.0,1.0,1.0,0.0,0.0,1.0,1.0,0.0,0.0
-0.18259381703556682,-0.4165320503106206,0.5822743519715542,0.7130862081590905,1.0,0.0,0.0,0.0,1.0,0.0,1.0,0.0,0.0,1.0,0.0,0.0,1.0
-0.18259381703556682,-0.4165320503106206,-0.9210938555222218,1.4161537044953887,0.0,1.0,0.0,0.0,1.0,0.0,0.0,1.0,1.0,0.0,1.0,0.0,0.0
-0.048727382258758375,-0.31984682174584583,1.509810545458196,0.010018711822792317,0.0,0.0,1.0,0.0,1.0,0.0,0.0,1.0,0.0,1.0,0.0,0.0,1.0
-1.3873917300268428,-1.2866991073935943,-1.225993296287727,1.4161537044953887,0.0,0.0,1.0,0.0,0.0,1.0,1.0,0.0,1.0,0.0,1.0,0.0,0.0
-1.2535252952500344,0.01855147823086613,-1.6857495582841335,-1.3961162808498042,1.0,0.0,0.0,0.0,1.0,0.0,0.0,1.0,1.0,0.0,0.0,1.0,0.0
-0.7849927735312048,1.5655151352672636,-1.377373194071302,-0.6930487845135059,0.0,0.0,1.0,0.0,0.0,1.0,0.0,1.0,0.0,1.0,0.0,1.0,0.0
-0.9857924256964175,0.5503202353371277,-1.4878323774363493,0.7130862081590905,0.0,1.0,0.0,0.0,0.0,1.0,1.0,0.0,0.0,1.0,1.0,0.0,0.0
0.6206047916252838,1.2271168352905517,-1.6483057673129309,0.010018711822792317,0.0,1.0,0.0,0.0,1.0,0.0,1.0,0.0,0.0,1.0,0.0,1.0,0.0
-0.24952703442397103,-0.31984682174584583,-0.10936595839651271,-0.6930487845135059,1.0,0.0,0.0,0.0,0.0,1.0,1.0,0.0,1.0,0.0,0.0,0.0,1.0
1.3568701828977303,-0.6582451217225578,1.0281229201786566,2.119221200831687,0.0,1.0,0.0,1.0,0.0,0.0,1.0,0.0,1.0,0.0,1.0,0.0,0.0
-1.722057816968864,-0.4165320503106206,-1.3549069194885808,0.7130862081590905,1.0,0.0,0.0,0.0,0.0,1.0,1.0,0.0,0.0,1.0,0.0,0.0,1.0
-0.7849927735312048,0.35694977820757806,-1.0780903219514775,0.7130862081590905,0.0,1.0,0.0,0.0,0.0,1.0,0.0,1.0,0.0,1.0,0.0,0.0,1.0
0.21900548729485853,1.3721446781377138,1.5951288977425784,-0.6930487845135059,1.0,0.0,0.0,0.0,0.0,1.0,1.0,0.0,0.0,1.0,1.0,0.0,0.0
-1.2535252952500344,-0.5132172788753955,0.8529394695633883,-0.6930487845135059,0.0,1.0,0.0,1.0,0.0,0.0,0.0,1.0,1.0,0.0,0.0,0.0,1.0
1.4238034002861346,1.517172520984876,1.4076424872367725,-0.6930487845135059,0.0,1.0,0.0,0.0,1.0,0.0,1.0,0.0,0.0,1.0,0.0,1.0,0.0
-1.722057816968864,0.1635793210780284,-1.3752335488729477,-0.6930487845135059,0.0,1.0,0.0,0.0,1.0,0.0,0.0,1.0,0.0,1.0,1.0,0.0,0.0
0.15207226990645428,-0.7065877360049452,0.02944352384673036,0.010018711822792317,1.0,0.0,0.0,0.0,0.0,1.0,0.0,1.0,0.0,1.0,1.0,0.0,0.0
-0.1156605996471626,0.7436906924666774,1.276589218837564,0.010018711822792317,0.0,1.0,0.0,0.0,0.0,1.0,1.0,0.0,0.0,1.0,0.0,1.0,0.0
1.3568701828977303,1.710542978114426,1.4555170485499525,-1.3961162808498042,1.0,0.0,0.0,0.0,0.0,1.0,1.0,0.0,1.0,0.0,0.0,1.0,0.0
1.223003748120922,1.4688299067024888,-1.1326512745095152,0.010018711822792317,1.0,0.0,0.0,0.0,1.0,0.0,1.0,0.0,1.0,0.0,0.0,1.0,0.0
-1.3873917300268428,-0.6099025074401704,-0.9518512552485666,0.7130862081590905,1.0,0.0,0.0,1.0,0.0,0.0,0.0,1.0,0.0,1.0,0.0,1.0,0.0
0.5536715742368796,0.1635793210780284,0.21398792220479904,1.4161537044953887,0.0,0.0,1.0,0.0,1.0,0.0,0.0,1.0,0.0,1.0,0.0,0.0,1.0
1.4907366176745387,-0.02979113605152129,0.7018270274296075,-0.6930487845135059,1.0,0.0,0.0,0.0,1.0,0.0,0.0,1.0,0.0,1.0,0.0,1.0,0.0
0.5536715742368796,0.69534807818429,-0.9804690097765569,-0.6930487845135059,1.0,0.0,0.0,1.0,0.0,0.0,1.0,0.0,1.0,0.0,0.0,0.0,1.0
-0.1156605996471626,1.517172520984876,0.7622720042831197,0.010018711822792317,1.0,0.0,0.0,0.0,1.0,0.0,0.0,1.0,0.0,1.0,0.0,0.0,1.0
1.6246030524513473,0.5019776210547403,-0.5993447088196756,0.7130862081590905,1.0,0.0,0.0,0.0,1.0,0.0,0.0,1.0,1.0,0.0,0.0,0.0,1.0
-0.6511263387543964,-1.2866991073935943,-0.30407367144676517,-0.6930487845135059,0.0,0.0,1.0,1.0,0.0,0.0,1.0,0.0,1.0,0.0,0.0,1.0,0.0
-0.45032668658918373,0.9854037638786145,1.5312069974417404,0.010018711822792317,1.0,0.0,0.0,0.0,1.0,0.0,1.0,0.0,0.0,1.0,1.0,0.0,0.0
0.15207226990645428,1.5655151352672636,1.646480382503085,-1.3961162808498042,1.0,0.0,0.0,0.0,0.0,1.0,1.0,0.0,1.0,0.0,0.0,1.0,0.0
-0.7849927735312048,1.517172520984876,-0.19762632282863293,1.4161537044953887,0.0,1.0,0.0,1.0,0.0,0.0,0.0,1.0,0.0,1.0,0.0,0.0,1.0
0.955270878567305,1.2271168352905517,0.6932684466361896,-0.6930487845135059,1.0,0.0,0.0,1.0,0.0,0.0,0.0,1.0,1.0,0.0,0.0,0.0,1.0
0.15207226990645428,-0.9483008074168823,0.578529972874434,-1.3961162808498042,1.0,0.0,0.0,0.0,0.0,1.0,1.0,0.0,1.0,0.0,1.0,0.0,0.0
0.35287192207166695,0.5503202353371277,-0.8946157461925858,0.010018711822792317,1.0,0.0,0.0,0.0,0.0,1.0,0.0,1.0,0.0,1.0,0.0,1.0,0.0
0.6875380090136881,-0.5615598931577829,-0.0007789645800261105,0.010018711822792317,1.0,0.0,0.0,1.0,0.0,0.0,1.0,0.0,1.0,0.0,0.0,1.0,0.0
1.1560705307325176,1.5655151352672636,0.0024305032175056442,-0.6930487845135059,1.0,0.0,0.0,0.0,1.0,0.0,1.0,0.0,1.0,0.0,0.0,0.0,1.0
1.0891373133441133,-0.7549303502873326,1.4378649756635287,0.7130862081590905,1.0,0.0,0.0,0.0,1.0,0.0,1.0,0.0,1.0,0.0,0.0,1.0,0.0
-0.7180595561428006,1.2271168352905517,-0.2963174576027306,2.119221200831687,0.0,1.0,0.0,1.0,0.0,0.0,1.0,0.0,1.0,0.0,0.0,1.0,0.0
1.1560705307325176,1.6138577495496509,0.958584451232138,0.010018711822792317,1.0,0.0,0.0,0.0,1.0,0.0,1.0,0.0,1.0,0.0,0.0,0.0,1.0
-1.454324947415247,-1.141671264546432,-0.1409257250722406,0.7130862081590905,0.0,1.0,0.0,1.0,0.0,0.0,0.0,1.0,0.0,1.0,1.0,0.0,0.0
-1.454324947415247,0.2602645496428032,-1.0179128007477594,-1.3961162808498042,1.0,0.0,0.0,0.0,1.0,0.0,1.0,0.0,1.0,0.0,0.0,0.0,1.0
-1.1865920778616301,1.6138577495496509,-0.1254132973841711,-0.6930487845135059,0.0,1.0,0.0,0.0,1.0,0.0,1.0,0.0,1.0,0.0,0.0,0.0,1.0
0.6206047916252838,-1.4800695645231439,-1.1171388468214456,0.010018711822792317,0.0,0.0,1.0,1.0,0.0,0.0,1.0,0.0,1.0,0.0,0.0,0.0,1.0
-1.5212581648036514,-0.8999581931344949,-1.4728548610478682,2.119221200831687,1.0,0.0,0.0,0.0,0.0,1.0,0.0,1.0,1.0,0.0,0.0,1.0,0.0
1.6246030524513473,0.5019776210547403,0.7799240771695439,0.010018711822792317,0.0,1.0,0.0,0.0,1.0,0.0,0.0,1.0,1.0,0.0,0.0,1.0,0.0
0.21900548729485853,1.1787742210081642,-0.6878725289015898,0.010018711822792317,0.0,0.0,1.0,1.0,0.0,0.0,1.0,0.0,1.0,0.0,0.0,1.0,0.0
-0.31646025181237525,-1.141671264546432,-1.3578489316363183,0.010018711822792317,0.0,0.0,1.0,1.0,0.0,0.0,1.0,0.0,1.0,0.0,1.0,0.0,0.0
-0.5841931213659922,-0.22316159318107098,1.7125419280022778,-0.6930487845135059,0.0,0.0,1.0,0.0,0.0,1.0,0.0,1.0,1.0,0.0,0.0,1.0,0.0
0.6206047916252838,0.30860716392519066,0.8203098802884834,0.010018711822792317,1.0,0.0,0.0,0.0,0.0,1.0,1.0,0.0,1.0,0.0,0.0,1.0,0.0
1.557669835062943,1.1787742210081642,1.4103170437347154,0.010018711822792317,1.0,0.0,0.0,0.0,1.0,0.0,1.0,0.0,1.0,0.0,0.0,1.0,0.0
-0.7849927735312048,-0.12647636461629613,0.39666013101430775,0.010018711822792317,0.0,0.0,1.0,0.0,1.0,0.0,1.0,0.0,1.0,0.0,0.0,0.0,1.0
-0.5172599039775879,1.6138577495496509,-0.7868311193254818,0.010018711822792317,1.0,0.0,0.0,0.0,1.0,0.0,0.0,1.0,0.0,1.0,0.0,1.0,0.0
-0.048727382258758375,0.5986628496195152,-1.0457281883263667,-0.6930487845135059,0.0,1.0,0.0,0.0,0.0,1.0,1.0,0.0,1.0,0.0,0.0,0.0,1.0
0.8214044437904965,-1.5767547930879187,-0.8499506526769371,-0.6930487845135059,1.0,0.0,0.0,1.0,0.0,0.0,0.0,1.0,1.0,0.0,0.0,0.0,1.0
-0.18259381703556682,-1.6250974073703062,-0.8777660402555446,-1.3961162808498042,0.0,0.0,1.0,0.0,1.0,0.0,0.0,1.0,0.0,1.0,1.0,0.0,0.0
-0.24952703442397103,1.4688299067024888,-0.1403908137726521,0.7130862081590905,0.0,1.0,0.0,1.0,0.0,0.0,0.0,1.0,0.0,1.0,0.0,0.0,1.0
-0.1156605996471626,0.2602645496428032,0.4843855841468391,-1.3961162808498042,0.0,1.0,0.0,0.0,1.0,0.0,1.0,0.0,0.0,1.0,1.0,0.0,0.0
-1.722057816968864,-1.6250974073703062,-1.5359743943993236,1.4161537044953887,0.0,1.0,0.0,0.0,1.0,0.0,1.0,0.0,0.0,1.0,0.0,1.0,0.0
1.0222040959557093,1.5655151352672636,1.4614010728454272,0.7130862081590905,1.0,0.0,0.0,1.0,0.0,0.0,1.0,0.0,1.0,0.0,1.0,0.0,0.0
-1.2535252952500344,-0.4648746645930081,-0.1355766120763545,3.5253561935042836,1.0,0.0,0.0,1.0,0.0,0.0,1.0,0.0,0.0,1.0,0.0,1.0,0.0
-0.3833934692007795,-0.2715042074634584,-0.6825234159057036,1.4161537044953887,1.0,0.0,0.0,1.0,0.0,0.0,1.0,0.0,1.0,0.0,0.0,0.0,1.0
-0.18259381703556682,0.4536350067723529,1.3231265019017728,-0.6930487845135059,0.0,0.0,1.0,1.0,0.0,0.0,0.0,1.0,1.0,0.0,0.0,0.0,1.0
0.4198051394600712,0.2602645496428032,-1.5541613785853365,0.010018711822792317,1.0,0.0,0.0,0.0,0.0,1.0,1.0,0.0,1.0,0.0,1.0,0.0,0.0
1.223003748120922,0.5503202353371277,0.19847549451672952,-1.3961162808498042,0.0,0.0,1.0,1.0,0.0,0.0,1.0,0.0,0.0,1.0,0.0,0.0,1.0
-1.2535252952500344,0.8887185353138397,-0.4337896615970022,0.010018711822792317,1.0,0.0,0.0,0.0,1.0,0.0,1.0,0.0,1.0,0.0,0.0,1.0,0.0
-1.0527256430848217,1.6138577495496509,1.2455643634614249,-0.6930487845135059,1.0,0.0,0.0,0.0,0.0,1.0,0.0,1.0,1.0,0.0,0.0,1.0,0.0
-0.7180595561428006,1.6138577495496509,0.45309327312090564,0.010018711822792317,1.0,0.0,0.0,0.0,1.0,0.0,1.0,0.0,1.0,0.0,0.0,1.0,0.0
-0.6511263387543964,-0.6099025074401704,-0.3177139095862747,-0.6930487845135059,1.0,0.0,0.0,0.0,0.0,1.0,1.0,0.0,1.0,0.0,0.0,1.0,0.0
-0.9857924256964175,-0.7065877360049452,0.22629088209533718,0.010018711822792317,1.0,0.0,0.0,0.0,1.0,0.0,1.0,0.0,1.0,0.0,1.0,0.0,0.0
0.7544712264020923,-0.17481897889868356,1.0064590125453183,0.010018711822792317,1.0,0.0,0.0,1.0,0.0,0.0,1.0,0.0,0.0,1.0,0.0,1.0,0.0
-0.5172599039775879,-0.9483008074168823,-0.16820620135125938,-0.6930487845135059,0.0,0.0,1.0,1.0,0.0,0.0,1.0,0.0,0.0,1.0,0.0,0.0,1.0
-0.048727382258758375,0.01855147823086613,-0.5375624537171916,0.010018711822792317,0.0,1.0,0.0,1.0,0.0,0.0,1.0,0.0,0.0,1.0,0.0,1.0,0.0
0.4867383568484754,-1.383384335958369,1.6678768344866288,-0.6930487845135059,0.0,0.0,1.0,0.0,1.0,0.0,1.0,0.0,0.0,1.0,0.0,0.0,1.0
0.35287192207166695,0.5986628496195152,0.30438793183527363,-0.6930487845135059,1.0,0.0,0.0,1.0,0.0,0.0,0.0,1.0,0.0,1.0,0.0,0.0,1.0
0.35287192207166695,0.2602645496428032,0.14204235241013166,1.4161537044953887,1.0,0.0,0.0,0.0,1.0,0.0,0.0,1.0,0.0,1.0,0.0,0.0,1.0
-1.2535252952500344,0.8403759210314523,-1.636002807422393,0.010018711822792317,1.0,0.0,0.0,1.0,0.0,0.0,1.0,0.0,0.0,1.0,0.0,0.0,1.0
0.8214044437904965,-1.383384335958369,-0.9550607230460981,0.010018711822792317,1.0,0.0,0.0,0.0,0.0,1.0,1.0,0.0,1.0,0.0,1.0,0.0,0.0
1.289936965509326,-0.4648746645930081,1.5643714980162335,0.010018711822792317,1.0,0.0,0.0,1.0,0.0,0.0,1.0,0.0,1.0,0.0,0.0,0.0,1.0
0.7544712264020923,-1.0449860359816572,1.431980951368054,0.010018711822792317,1.0,0.0,0.0,1.0,0.0,0.0,0.0,1.0,0.0,1.0,1.0,0.0,0.0
1.6915362698397514,-1.4800695645231439,-0.4562559361797237,0.010018711822792317,1.0,0.0,0.0,0.0,1.0,0.0,1.0,0.0,0.0,1.0,0.0,1.0,0.0
-0.8519259909196091,1.033746378161002,-0.9061163391337408,-0.6930487845135059,0.0,0.0,1.0,1.0,0.0,0.0,1.0,0.0,1.0,0.0,0.0,0.0,1.0
1.6246030524513473,-1.6734400216526937,-0.1425304589710065,-0.6930487845135059,1.0,0.0,0.0,0.0,0.0,1.0,0.0,1.0,1.0,0.0,0.0,1.0,0.0
-1.3873917300268428,-0.02979113605152129,0.23832638633608086,-1.3961162808498042,1.0,0.0,0.0,1.0,0.0,0.0,1.0,0.0,1.0,0.0,0.0,0.0,1.0
-0.7180595561428006,-0.22316159318107098,-0.7453754936073649,2.119221200831687,0.0,1.0,0.0,0.0,0.0,1.0,1.0,0.0,1.0,0.0,0.0,0.0,1.0
1.3568701828977303,0.21192193536041581,-0.9788642758777911,0.010018711822792317,0.0,0.0,1.0,1.0,0.0,0.0,0.0,1.0,0.0,1.0,0.0,1.0,0.0
1.3568701828977303,0.1635793210780284,1.0976613891251754,-1.3961162808498042,0.0,1.0,0.0,1.0,0.0,0.0,1.0,0.0,1.0,0.0,1.0,0.0,0.0
-1.722057816968864,-0.7549303502873326,1.2383430609169785,0.010018711822792317,0.0,0.0,1.0,0.0,1.0,0.0,1.0,0.0,1.0,0.0,0.0,0.0,1.0
-0.8519259909196091,1.275459449572939,-1.5322300153022035,1.4161537044953887,1.0,0.0,0.0,1.0,0.0,0.0,1.0,0.0,1.0,0.0,0.0,1.0,0.0
-1.3204585126384387,-0.2715042074634584,-1.4645637359042447,-0.6930487845135059,0.0,0.0,1.0,1.0,0.0,0.0,1.0,0.0,0.0,1.0,0.0,0.0,1.0
-1.3204585126384387,1.3721446781377138,-0.1088310470969242,0.7130862081590905,0.0,0.0,1.0,1.0,0.0,0.0,1.0,0.0,0.0,1.0,0.0,0.0,1.0
1.4907366176745387,-0.6099025074401704,0.13000684816938796,-1.3961162808498042,1.0,0.0,0.0,0.0,1.0,0.0,1.0,0.0,1.0,0.0,0.0,1.0,0.0
-0.31646025181237525,-0.02979113605152129,-0.6309044754954033,2.119221200831687,1.0,0.0,0.0,0.0,1.0,0.0,0.0,1.0,0.0,1.0,0.0,1.0,0.0
0.08513905251805007,-0.4648746645930081,-0.4353943954957681,-0.6930487845135059,1.0,0.0,0.0,0.0,1.0,0.0,1.0,0.0,1.0,0.0,0.0,0.0,1.0
-0.048727382258758375,0.9854037638786145,1.416735979329779,-0.6930487845135059,1.0,0.0,0.0,0.0,1.0,0.0,1.0,0.0,1.0,0.0,1.0,0.0,0.0
-0.3833934692007795,-1.2383564931112068,1.740089859931091,-1.3961162808498042,0.0,0.0,1.0,0.0,1.0,0.0,0.0,1.0,1.0,0.0,0.0,1.0,0.0
1.557669835062943,0.7920333067490648,0.9064305995222489,1.4161537044953887,1.0,0.0,0.0,0.0,0.0,1.0,0.0,1.0,0.0,1.0,0.0,0.0,1.0
-1.0527256430848217,-1.141671264546432,-1.0417163535794522,0.7130862081590905,1.0,0.0,0.0,0.0,1.0,0.0,1.0,0.0,0.0,1.0,1.0,0.0,0.0
-0.31646025181237525,0.7436906924666774,-1.1823980253712554,0.010018711822792317,0.0,1.0,0.0,1.0,0.0,0.0,1.0,0.0,0.0,1.0,0.0,0.0,1.0
0.6875380090136881,0.06689409251325355,1.4252945601231963,-0.6930487845135059,0.0,1.0,0.0,0.0,1.0,0.0,1.0,0.0,1.0,0.0,1.0,0.0,0.0
-0.45032668658918373,-0.31984682174584583,-0.5980074305707042,-0.6930487845135059,1.0,0.0,0.0,0.0,1.0,0.0,0.0,1.0,1.0,0.0,0.0,0.0,1.0
-0.5841931213659922,-1.3350417216759816,-0.211801472267731,0.7130862081590905,1.0,0.0,0.0,0.0,1.0,0.0,0.0,1.0,1.0,0.0,1.0,0.0,0.0
-0.45032668658918373,0.5986628496195152,-0.41533522176119536,-1.3961162808498042,1.0,0.0,0.0,0.0,1.0,0.0,1.0,0.0,1.0,0.0,0.0,1.0,0.0
-0.1156605996471626,-0.80327296456972,-1.2147601589963661,-0.6930487845135059,0.0,0.0,1.0,0.0,0.0,1.0,0.0,1.0,1.0,0.0,0.0,0.0,1.0
-1.722057816968864,1.1787742210081642,1.295043658673371,-0.6930487845135059,0.0,1.0,0.0,0.0,1.0,0.0,1.0,0.0,0.0,1.0,0.0,0.0,1.0
0.8883376611789008,0.69534807818429,-0.829356567642776,2.119221200831687,0.0,1.0,0.0,0.0,0.0,1.0,0.0,1.0,1.0,0.0,0.0,0.0,1.0
1.223003748120922,1.2271168352905517,-0.5477257684093749,0.010018711822792317,0.0,0.0,1.0,0.0,0.0,1.0,0.0,1.0,0.0,1.0,0.0,1.0,0.0
-0.1156605996471626,-0.8999581931344949,0.4215335064451781,1.4161537044953887,1.0,0.0,0.0,1.0,0.0,0.0,1.0,0.0,0.0,1.0,0.0,1.0,0.0
0.08513905251805007,1.0820889924433894,-0.19147484288336386,-0.6930487845135059,1.0,0.0,0.0,1.0,0.0,0.0,1.0,0.0,0.0,1.0,0.0,1.0,0.0
-0.8519259909196091,-0.4165320503106206,-1.2690536559046097,-0.6930487845135059,0.0,1.0,0.0,1.0,0.0,0.0,1.0,0.0,1.0,0.0,1.0,0.0,0.0
0.8214044437904965,-1.5284121788055314,-1.2669140107062553,0.010018711822792317,0.0,0.0,1.0,1.0,0.0,0.0,0.0,1.0,0.0,1.0,0.0,1.0,0.0
1.4907366176745387,0.8887185353138397,-1.5942797260544819,-0.6930487845135059,1.0,0.0,0.0,0.0,1.0,0.0,1.0,0.0,0.0,1.0,0.0,0.0,1.0
-1.454324947415247,-0.2715042074634584,-1.5541613785853365,0.7130862081590905,1.0,0.0,0.0,0.0,0.0,1.0,1.0,0.0,1.0,0.0,0.0,1.0,0.0
-1.722057816968864,1.1787742210081642,1.0209016176342105,-0.6930487845135059,0.0,1.0,0.0,0.0,1.0,0.0,0.0,1.0,0.0,1.0,0.0,0.0,1.0
-1.3204585126384387,-1.6250974073703062,-0.7247814085732035,0.7130862081590905,1.0,0.0,0.0,0.0,0.0,1.0,1.0,0.0,0.0,1.0,0.0,0.0,1.0
-1.722057816968864,0.21192193536041581,-1.3672098793791188,0.7130862081590905,1.0,0.0,0.0,0.0,1.0,0.0,1.0,0.0,1.0,0.0,0.0,0.0,1.0
0.7544712264020923,1.3238020638553265,1.4092472211355385,0.010018711822792317,0.0,0.0,1.0,1.0,0.0,0.0,1.0,0.0,1.0,0.0,0.0,1.0,0.0
-1.5881913821920555,-1.5284121788055314,0.5031074796324404,0.010018711822792317,0.0,1.0,0.0,0.0,1.0,0.0,1.0,0.0,1.0,0.0,1.0,0.0,0.0
-0.6511263387543964,-1.6250974073703062,-0.9133376416781871,-0.6930487845135059,1.0,0.0,0.0,0.0,1.0,0.0,1.0,0.0,1.0,0.0,0.0,0.0,1.0
1.0222040959557093,-1.4800695645231439,1.3814318335569302,2.119221200831687,1.0,0.0,0.0,0.0,1.0,0.0,0.0,1.0,1.0,0.0,0.0,1.0,0.0
1.4907366176745387,-1.141671264546432,-0.8373802371366049,-0.6930487845135059,1.0,0.0,0.0,0.0,1.0,0.0,0.0,1.0,0.0,1.0,0.0,1.0,0.0
-0.1156605996471626,-0.6582451217225578,1.0767998484412198,0.010018711822792317,1.0,0.0,0.0,0.0,0.0,1.0,1.0,0.0,1.0,0.0,0.0,0.0,1.0
1.4907366176745387,0.30860716392519066,1.433050773967231,-0.6930487845135059,1.0,0.0,0.0,0.0,1.0,0.0,1.0,0.0,0.0,1.0,0.0,0.0,1.0
-0.8519259909196091,-1.721782635935081,-0.6049612774653559,1.4161537044953887,1.0,0.0,0.0,1.0,0.0,0.0,1.0,0.0,0.0,1.0,1.0,0.0,0.0
0.955270878567305,-0.2715042074634584,-1.6967152399256997,0.010018711822792317,0.0,0.0,1.0,0.0,1.0,0.0,0.0,1.0,1.0,0.0,0.0,1.0,0.0
-1.722057816968864,0.01855147823086613,-0.5592263613505302,0.7130862081590905,0.0,1.0,0.0,0.0,0.0,1.0,0.0,1.0,1.0,0.0,1.0,0.0,0.0
-1.1865920778616301,-1.5284121788055314,-0.8924761009942314,-1.3961162808498042,1.0,0.0,0.0,0.0,1.0,0.0,0.0,1.0,0.0,1.0,0.0,1.0,0.0
-1.6551245995804598,1.275459449572939,1.0297276540774225,0.010018711822792317,1.0,0.0,0.0,0.0,0.0,1.0,0.0,1.0,0.0,1.0,1.0,0.0,0.0
1.4907366176745387,-0.4648746645930081,-1.533299837901381,1.4161537044953887,1.0,0.0,0.0,0.0,0.0,1.0,1.0,0.0,0.0,1.0,0.0,0.0,1.0
1.6246030524513473,1.033746378161002,0.060200923573074945,0.010018711822792317,0.0,1.0,0.0,0.0,0.0,1.0,1.0,0.0,0.0,1.0,0.0,0.0,1.0
1.0891373133441133,1.6622003638320384,-1.1444193231004647,-0.6930487845135059,1.0,0.0,0.0,0.0,1.0,0.0,1.0,0.0,1.0,0.0,0.0,1.0,0.0
-1.3204585126384387,1.1787742210081642,1.120395119357691,-0.6930487845135059,0.0,0.0,1.0,0.0,0.0,1.0,1.0,0.0,0.0,1.0,0.0,1.0,0.0
-0.45032668658918373,0.69534807818429,-1.111254822525971,1.4161537044953887,1.0,0.0,0.0,0.0,1.0,0.0,1.0,0.0,0.0,1.0,1.0,0.0,0.0
1.1560705307325176,0.8403759210314523,-0.3853801889842334,0.7130862081590905,1.0,0.0,0.0,0.0,1.0,0.0,0.0,1.0,1.0,0.0,0.0,1.0,0.0
-1.1865920778616301,0.35694977820757806,-1.3289637214585335,-0.6930487845135059,0.0,0.0,1.0,0.0,1.0,0.0,0.0,1.0,0.0,1.0,0.0,1.0,0.0
-0.5172599039775879,0.7920333067490648,-0.948641787451035,-1.3961162808498042,1.0,0.0,0.0,0.0,1.0,0.0,0.0,1.0,0.0,1.0,0.0,1.0,0.0
0.08513905251805007,-0.9483008074168823,0.11743643262905576,-0.6930487845135059,0.0,1.0,0.0,0.0,1.0,0.0,1.0,0.0,1.0,0.0,0.0,1.0,0.0
0.2859387046832627,0.21192193536041581,0.9925513187560143,-0.6930487845135059,1.0,0.0,0.0,1.0,0.0,0.0,1.0,0.0,1.0,0.0,0.0,1.0,0.0
-1.5881913821920555,-0.4648746645930081,-0.1133777931434274,2.119221200831687,1.0,0.0,0.0,1.0,0.0,0.0,0.0,1.0,0.0,1.0,0.0,0.0,1.0
0.08513905251805007,1.6138577495496509,-1.544265519542947,0.010018711822792317,1.0,0.0,0.0,0.0,1.0,0.0,1.0,0.0,0.0,1.0,0.0,1.0,0.0
0.15207226990645428,0.4052923924899655,-1.317195672867584,0.7130862081590905,0.0,0.0,1.0,1.0,0.0,0.0,1.0,0.0,1.0,0.0,0.0,0.0,1.0
0.8214044437904965,1.275459449572939,1.5298697191927686,0.7130862081590905,0.0,0.0,1.0,0.0,1.0,0.0,0.0,1.0,0.0,1.0,1.0,0.0,0.0
-0.18259381703556682,-0.17481897889868356,-1.377105738421508,-0.6930487845135059,1.0,0.0,0.0,0.0,0.0,1.0,1.0,0.0,1.0,0.0,1.0,0.0,0.0
0.15207226990645428,1.5655151352672636,1.5806862926536864,-0.6930487845135059,1.0,0.0,0.0,1.0,0.0,0.0,1.0,0.0,1.0,0.0,1.0,0.0,0.0
1.4238034002861346,-1.6250974073703062,-0.7927151436209564,0.7130862081590905,0.0,1.0,0.0,0.0,0.0,1.0,0.0,1.0,1.0,0.0,0.0,1.0,0.0
-0.6511263387543964,1.0820889924433894,-0.3420523737175562,-1.3961162808498042,1.0,0.0,0.0,1.0,0.0,0.0,0.0,1.0,1.0,0.0,0.0,1.0,0.0
0.8214044437904965,-1.721782635935081,0.9847951049119797,-0.6930487845135059,0.0,1.0,0.0,0.0,1.0,0.0,1.0,0.0,0.0,1.0,0.0,0.0,1.0
1.4907366176745387,-1.2383564931112068,1.7374153034331474,-0.6930487845135059,1.0,0.0,0.0,0.0,1.0,0.0,1.0,0.0,1.0,0.0,0.0,1.0,0.0
-1.1865920778616301,-1.2866991073935943,0.36135598524146,0.010018711822792317,0.0,1.0,0.0,1.0,0.0,0.0,1.0,0.0,1.0,0.0,0.0,1.0,0.0
1.0891373133441133,-0.5132172788753955,0.2672115965138655,0.010018711822792317,0.0,0.0,1.0,0.0,0.0,1.0,1.0,0.0,1.0,0.0,0.0,1.0,0.0
-0.5172599039775879,1.3238020638553265,1.1249418654041943,0.010018711822792317,1.0,0.0,0.0,0.0,0.0,1.0,0.0,1.0,1.0,0.0,0.0,1.0,0.0
0.4198051394600712,-0.12647636461629613,-1.4792737966429317,0.010018711822792317,0.0,1.0,0.0,1.0,0.0,0.0,1.0,0.0,0.0,1.0,1.0,0.0,0.0
1.4238034002861346,1.1304316067257767,0.13401868291630264,-0.6930487845135059,0.0,0.0,1.0,0.0,0.0,1.0,1.0,0.0,1.0,0.0,0.0,1.0,0.0
-0.18259381703556682,-0.07813375033390871,-0.8060879261106715,-0.6930487845135059,1.0,0.0,0.0,0.0,1.0,0.0,1.0,0.0,0.0,1.0,1.0,0.0,0.0
1.1560705307325176,1.5655151352672636,0.6239974333394651,-1.3961162808498042,1.0,0.0,0.0,0.0,1.0,0.0,1.0,0.0,0.0,1.0,0.0,0.0,1.0
-1.1865920778616301,1.1787742210081642,-1.1877471383671416,0.7130862081590905,1.0,0.0,0.0,0.0,1.0,0.0,1.0,0.0,0.0,1.0,0.0,1.0,0.0
0.8883376611789008,-0.6099025074401704,0.9115122568683406,-1.3961162808498042,0.0,0.0,1.0,0.0,1.0,0.0,1.0,0.0,0.0,1.0,0.0,0.0,1.0
1.4238034002861346,0.4052923924899655,-0.936338827560497,-0.6930487845135059,1.0,0.0,0.0,0.0,1.0,0.0,1.0,0.0,0.0,1.0,1.0,0.0,0.0
1.289936965509326,0.4536350067723529,-0.3819032655369075,0.010018711822792317,1.0,0.0,0.0,1.0,0.0,0.0,0.0,1.0,1.0,0.0,1.0,0.0,0.0
-0.9188592083080133,-0.4165320503106206,0.4070909013562856,1.4161537044953887,0.0,1.0,0.0,0.0,0.0,1.0,1.0,0.0,0.0,1.0,0.0,1.0,0.0
0.15207226990645428,0.8403759210314523,-0.58035535768428,-1.3961162808498042,1.0,0.0,0.0,0.0,0.0,1.0,1.0,0.0,0.0,1.0,0.0,1.0,0.0
-0.9188592083080133,1.1787742210081642,1.5461845138302215,0.010018711822792317,0.0,0.0,1.0,0.0,1.0,0.0,1.0,0.0,1.0,0.0,1.0,0.0,0.0
-1.722057816968864,0.7436906924666774,-1.6737140540433897,1.4161537044953887,0.0,1.0,0.0,0.0,1.0,0.0,1.0,0.0,1.0,0.0,0.0,0.0,1.0
0.15207226990645428,-0.6582451217225578,1.2172140645832288,0.7130862081590905,1.0,0.0,0.0,1.0,0.0,0.0,1.0,0.0,1.0,0.0,0.0,0.0,1.0
-0.1156605996471626,1.4204872924201013,0.27550272165748857,0.7130862081590905,1.0,0.0,0.0,0.0,1.0,0.0,0.0,1.0,1.0,0.0,0.0,0.0,1.0
-1.454324947415247,1.275459449572939,1.6764354152800462,0.010018711822792317,1.0,0.0,0.0,0.0,1.0,0.0,1.0,0.0,0.0,1.0,0.0,1.0,0.0
-1.2535252952500344,-0.9966434216992697,1.0669039893988306,0.010018711822792317,0.0,0.0,1.0,1.0,0.0,0.0,1.0,0.0,1.0,0.0,0.0,1.0,0.0
0.5536715742368796,-0.31984682174584583,-1.4790063409931373,-0.6930487845135059,1.0,0.0,0.0,0.0,1.0,0.0,1.0,0.0,1.0,0.0,0.0,0.0,1.0
1.223003748120922,-1.5284121788055314,1.696227133364825,-1.3961162808498042,0.0,1.0,0.0,0.0,0.0,1.0,0.0,1.0,0.0,1.0,1.0,0.0,0.0
-0.5172599039775879,-1.5767547930879187,1.7026460689598883,0.010018711822792317,0.0,0.0,1.0,0.0,1.0,0.0,0.0,1.0,1.0,0.0,0.0,1.0,0.0
-0.9857924256964175,1.5655151352672636,1.1276164219021376,0.7130862081590905,1.0,0.0,0.0,1.0,0.0,0.0,1.0,0.0,0.0,1.0,0.0,0.0,1.0
-0.6511263387543964,-0.8516155788521075,-1.2166323485449262,0.010018711822792317,1.0,0.0,0.0,0.0,1.0,0.0,0.0,1.0,0.0,1.0,1.0,0.0,0.0
-0.3833934692007795,-1.5284121788055314,0.9858649275111567,0.010018711822792317,0.0,0.0,1.0,0.0,1.0,0.0,0.0,1.0,0.0,1.0,0.0,1.0,0.0
-0.45032668658918373,-0.36818943602823323,-1.6873542921828992,2.8222886971679855,1.0,0.0,0.0,0.0,1.0,0.0,1.0,0.0,0.0,1.0,0.0,0.0,1.0
1.3568701828977303,-0.07813375033390871,-0.2898985220076671,0.010018711822792317,0.0,0.0,1.0,1.0,0.0,0.0,0.0,1.0,0.0,1.0,0.0,0.0,1.0
0.955270878567305,0.9854037638786145,1.1145110950622164,-0.6930487845135059,1.0,0.0,0.0,0.0,0.0,1.0,1.0,0.0,0.0,1.0,0.0,0.0,1.0
1.223003748120922,-0.5132172788753955,1.3116259089606177,-0.6930487845135059,0.0,1.0,0.0,1.0,0.0,0.0,1.0,0.0,0.0,1.0,0.0,0.0,1.0
-1.1865920778616301,0.5986628496195152,-0.91788438772469,0.7130862081590905,0.0,0.0,1.0,1.0,0.0,0.0,1.0,0.0,0.0,1.0,0.0,0.0,1.0
-1.1865920778616301,0.5503202353371277,-0.07165471177551612,0.010018711822792317,1.0,0.0,0.0,0.0,1.0,0.0,0.0,1.0,0.0,1.0,1.0,0.0,0.0
0.4198051394600712,0.7920333067490648,0.58762346496744,0.7130862081590905,0.0,0.0,1.0,0.0,1.0,0.0,0.0,1.0,1.0,0.0,0.0,0.0,1.0
-1.722057816968864,1.033746378161002,-0.3415174624179677,0.010018711822792317,0.0,0.0,1.0,0.0,1.0,0.0,0.0,1.0,1.0,0.0,0.0,0.0,1.0
0.15207226990645428,-0.4648746645930081,1.2177489758828177,-0.6930487845135059,0.0,1.0,0.0,0.0,1.0,0.0,0.0,1.0,1.0,0.0,0.0,0.0,1.0
-1.454324947415247,-1.2383564931112068,1.3001253160194626,-0.6930487845135059,0.0,0.0,1.0,1.0,0.0,0.0,1.0,0.0,0.0,1.0,0.0,0.0,1.0
1.6246030524513473,-1.0449860359816572,-0.789773131473219,0.7130862081590905,1.0,0.0,0.0,0.0,0.0,1.0,1.0,0.0,0.0,1.0,1.0,0.0,0.0
-0.18259381703556682,-0.5132172788753955,-1.6552596142075828,-1.3961162808498042,0.0,1.0,0.0,0.0,1.0,0.0,0.0,1.0,1.0,0.0,0.0,1.0,0.0
1.3568701828977303,0.9854037638786145,-0.6194038825542483,0.7130862081590905,0.0,0.0,1.0,0.0,1.0,0.0,1.0,0.0,1.0,0.0,0.0,0.0,1.0
0.6206047916252838,0.35694977820757806,-1.0425187205288353,0.010018711822792317,1.0,0.0,0.0,0.0,1.0,0.0,0.0,1.0,0.0,1.0,0.0,1.0,0.0
0.6206047916252838,0.35694977820757806,0.9377229105481824,0.010018711822792317,0.0,0.0,1.0,0.0,0.0,1.0,0.0,1.0,0.0,1.0,0.0,1.0,0.0
-0.9857924256964175,0.30860716392519066,-1.2661116437568722,0.010018711822792317,0.0,1.0,0.0,0.0,1.0,0.0,1.0,0.0,1.0,0.0,0.0,0.0,1.0
1.1560705307325176,0.8887185353138397,0.7986459726551448,-0.6930487845135059,1.0,0.0,0.0,1.0,0.0,0.0,0.0,1.0,1.0,0.0,0.0,1.0,0.0
1.0222040959557093,0.5503202353371277,-0.7218393964254661,0.7130862081590905,1.0,0.0,0.0,0.0,1.0,0.0,1.0,0.0,1.0,0.0,1.0,0.0,0.0
1.557669835062943,-1.721782635935081,-1.146558968298819,2.119221200831687,0.0,0.0,1.0,0.0,0.0,1.0,1.0,0.0,0.0,1.0,0.0,0.0,1.0
-0.8519259909196091,-0.5615598931577829,1.1471406843371215,0.010018711822792317,1.0,0.0,0.0,1.0,0.0,0.0,1.0,0.0,0.0,1.0,1.0,0.0,0.0
-1.3204585126384387,-0.9966434216992697,0.7242933020123287,1.4161537044953887,0.0,1.0,0.0,0.0,1.0,0.0,1.0,0.0,0.0,1.0,0.0,0.0,1.0
-1.5212581648036514,-0.4165320503106206,1.3134980985091775,0.010018711822792317,0.0,0.0,1.0,0.0,1.0,0.0,1.0,0.0,1.0,0.0,0.0,0.0,1.0
1.4907366176745387,1.6138577495496509,-0.459197948327461,-0.6930487845135059,1.0,0.0,0.0,0.0,1.0,0.0,0.0,1.0,1.0,0.0,0.0,0.0,1.0
1.4907366176745387,1.517172520984876,-0.23212810165209777,-0.6930487845135059,1.0,0.0,0.0,0.0,1.0,0.0,1.0,0.0,0.0,1.0,1.0,0.0,0.0
0.7544712264020923,-1.141671264546432,1.1222673089062514,-1.3961162808498042,0.0,1.0,0.0,1.0,0.0,0.0,0.0,1.0,0.0,1.0,1.0,0.0,0.0
1.557669835062943,-1.6734400216526937,-0.33402870422372716,2.119221200831687,1.0,0.0,0.0,0.0,1.0,0.0,1.0,0.0,0.0,1.0,0.0,0.0,1.0
-0.9857924256964175,0.7920333067490648,0.7534459678399077,-0.6930487845135059,1.0,0.0,0.0,1.0,0.0,0.0,0.0,1.0,1.0,0.0,0.0,1.0,0.0
-1.454324947415247,0.5503202353371277,-0.5314109737719225,-0.6930487845135059,0.0,0.0,1.0,0.0,1.0,0.0,1.0,0.0,1.0,0.0,1.0,0.0,0.0
-0.7849927735312048,0.8403759210314523,1.6002105550886703,-0.6930487845135059,0.0,1.0,0.0,0.0,1.0,0.0,0.0,1.0,1.0,0.0,0.0,1.0,0.0
1.6246030524513473,-0.4648746645930081,0.18269561117886557,2.119221200831687,1.0,0.0,0.0,0.0,0.0,1.0,0.0,1.0,1.0,0.0,0.0,1.0,0.0
0.018205835129645846,0.01855147823086613,-1.2618323533601634,0.010018711822792317,0.0,0.0,1.0,1.0,0.0,0.0,0.0,1.0,1.0,0.0,1.0,0.0,0.0
0.4198051394600712,-0.6099025074401704,-1.14415186745067,-0.6930487845135059,0.0,1.0,0.0,0.0,1.0,0.0,0.0,1.0,1.0,0.0,1.0,0.0,0.0
-0.1156605996471626,0.9370611495962271,1.449633024254478,-0.6930487845135059,0.0,1.0,0.0,1.0,0.0,0.0,1.0,0.0,1.0,0.0,0.0,0.0,1.0
1.557669835062943,-1.5284121788055314,1.7221703313948722,0.010018711822792317,1.0,0.0,0.0,0.0,1.0,0.0,0.0,1.0,1.0,0.0,0.0,1.0,0.0
-0.24952703442397103,1.275459449572939,-0.07272453437469349,0.7130862081590905,1.0,0.0,0.0,0.0,0.0,1.0,1.0,0.0,0.0,1.0,1.0,0.0,0.0
1.4907366176745387,0.1635793210780284,-0.7983317122666368,0.7130862081590905,1.0,0.0,0.0,0.0,1.0,0.0,0.0,1.0,1.0,0.0,0.0,1.0,0.0
0.6875380090136881,-1.2383564931112068,1.293438924774605,0.010018711822792317,1.0,0.0,0.0,0.0,0.0,1.0,1.0,0.0,0.0,1.0,1.0,0.0,0.0
1.3568701828977303,1.6138577495496509,0.10700566228707793,0.010018711822792317,1.0,0.0,0.0,0.0,1.0,0.0,1.0,0.0,1.0,0.0,0.0,0.0,1.0
-1.5212581648036514,-0.9483008074168823,-1.5707436288725831,-0.6930487845135059,1.0,0.0,0.0,0.0,1.0,0.0,1.0,0.0,0.0,1.0,0.0,0.0,1.0
-0.7849927735312048,1.1787742210081642,0.1572873244484071,0.7130862081590905,1.0,0.0,0.0,0.0,1.0,0.0,0.0,1.0,1.0,0.0,1.0,0.0,0.0
-0.9188592083080133,1.5655151352672636,0.015535830057426342,-1.3961162808498042,1.0,0.0,0.0,1.0,0.0,0.0,1.0,0.0,1.0,0.0,1.0,0.0,0.0
0.2859387046832627,-1.3350417216759816,-0.560831095249296,-0.6930487845135059,1.0,0.0,0.0,1.0,0.0,0.0,0.0,1.0,1.0,0.0,0.0,1.0,0.0
-0.8519259909196091,1.033746378161002,-0.18211389514056342,-1.3961162808498042,0.0,1.0,0.0,0.0,0.0,1.0,1.0,0.0,1.0,0.0,0.0,1.0,0.0
-1.3204585126384387,1.275459449572939,-0.919489121623456,-0.6930487845135059,1.0,0.0,0.0,0.0,1.0,0.0,1.0,0.0,0.0,1.0,0.0,0.0,1.0
-0.45032668658918373,-0.22316159318107098,0.21746484565212523,-1.3961162808498042,0.0,0.0,1.0,0.0,1.0,0.0,1.0,0.0,0.0,1.0,1.0,0.0,0.0
-0.5172599039775879,1.033746378161002,-0.9499790657000065,-0.6930487845135059,1.0,0.0,0.0,0.0,0.0,1.0,1.0,0.0,1.0,0.0,0.0,1.0,0.0
-1.3873917300268428,0.35694977820757806,-0.9799340984769683,-0.6930487845135059,1.0,0.0,0.0,1.0,0.0,0.0,1.0,0.0,1.0,0.0,0.0,0.0,1.0
-0.048727382258758375,1.275459449572939,-0.9900974131691519,-0.6930487845135059,1.0,0.0,0.0,0.0,1.0,0.0,1.0,0.0,1.0,0.0,1.0,0.0,0.0
1.4238034002861346,-0.2715042074634584,-1.5940122704046875,-1.3961162808498042,0.0,1.0,0.0,0.0,0.0,1.0,0.0,1.0,0.0,1.0,1.0,0.0,0.0
-0.24952703442397103,-1.0933286502640445,1.3274057922984817,0.010018711822792317,1.0,0.0,0.0,0.0,1.0,0.0,1.0,0.0,1.0,0.0,1.0,0.0,0.0
-0.7849927735312048,-1.6250974073703062,0.7435501087975184,0.010018711822792317,0.0,1.0,0.0,0.0,0.0,1.0,1.0,0.0,1.0,0.0,0.0,0.0,1.0
1.3568701828977303,-0.7065877360049452,-0.5035955861933152,0.010018711822792317,0.0,1.0,0.0,0.0,1.0,0.0,1.0,0.0,0.0,1.0,0.0,0.0,1.0
-0.24952703442397103,1.5655151352672636,-0.06416595358127561,0.010018711822792317,1.0,0.0,0.0,0.0,1.0,0.0,0.0,1.0,0.0,1.0,0.0,0.0,1.0
1.223003748120922,0.35694977820757806,-0.9515837995987724,0.010018711822792317,0.0,0.0,1.0,0.0,0.0,1.0,0.0,1.0,1.0,0.0,0.0,1.0,0.0
0.6875380090136881,-1.5284121788055314,-1.6769235218409213,1.4161537044953887,0.0,0.0,1.0,0.0,0.0,1.0,1.0,0.0,0.0,1.0,0.0,1.0,0.0
-1.5881913821920555,-1.1900138788288195,0.5055145804805892,0.010018711822792317,1.0,0.0,0.0,0.0,0.0,1.0,0.0,1.0,0.0,1.0,0.0,0.0,1.0
1.6915362698397514,1.2271168352905517,-1.3910134322108116,0.010018711822792317,1.0,0.0,0.0,0.0,1.0,0.0,1.0,0.0,1.0,0.0,0.0,1.0,0.0
-0.9857924256964175,-1.0449860359816572,-0.7213044851258776,-0.6930487845135059,1.0,0.0,0.0,1.0,0.0,0.0,0.0,1.0,0.0,1.0,0.0,1.0,0.0
-0.9857924256964175,-1.2866991073935943,-1.0147033329502277,-1.3961162808498042,1.0,0.0,0.0,1.0,0.0,0.0,1.0,0.0,0.0,1.0,1.0,0.0,0.0
0.8883376611789008,1.4204872924201013,1.4555170485499525,2.119221200831687,1.0,0.0,0.0,0.0,1.0,0.0,1.0,0.0,1.0,0.0,0.0,0.0,1.0
1.3568701828977303,-1.3350417216759816,1.3167075663067094,-0.6930487845135059,1.0,0.0,0.0,1.0,0.0,0.0,1.0,0.0,0.0,1.0,0.0,0.0,1.0
-1.3873917300268428,0.9370611495962271,1.0040519116971696,-0.6930487845135059,1.0,0.0,0.0,0.0,1.0,0.0,1.0,0.0,1.0,0.0,0.0,1.0,0.0
-1.119658860473226,1.6622003638320384,0.8989418413280084,-1.3961162808498042,1.0,0.0,0.0,0.0,0.0,1.0,0.0,1.0,1.0,0.0,0.0,0.0,1.0
-1.119658860473226,0.5986628496195152,-1.3861992305145143,-0.6930487845135059,0.0,1.0,0.0,0.0,0.0,1.0,0.0,1.0,0.0,1.0,0.0,1.0,0.0
-0.5172599039775879,-1.5767547930879187,1.5041939768125154,-0.6930487845135059,1.0,0.0,0.0,0.0,0.0,1.0,0.0,1.0,0.0,1.0,0.0,1.0,0.0
-0.5172599039775879,0.5986628496195152,-0.8745565724580131,-1.3961162808498042,1.0,0.0,0.0,1.0,0.0,0.0,1.0,0.0,1.0,0.0,0.0,1.0,0.0
0.018205835129645846,-1.721782635935081,-0.4629423274245813,-0.6930487845135059,1.0,0.0,0.0,0.0,1.0,0.0,1.0,0.0,0.0,1.0,0.0,1.0,0.0
1.3568701828977303,0.8403759210314523,-1.019250078996731,-0.6930487845135059,0.0,0.0,1.0,0.0,0.0,1.0,1.0,0.0,1.0,0.0,1.0,0.0,0.0
0.6875380090136881,1.033746378161002,0.8149607672925973,0.010018711822792317,0.0,1.0,0.0,0.0,1.0,0.0,1.0,0.0,1.0,0.0,0.0,0.0,1.0
-0.048727382258758375,0.2602645496428032,0.15193821145252098,0.010018711822792317,1.0,0.0,0.0,0.0,1.0,0.0,1.0,0.0,0.0,1.0,0.0,0.0,1.0
-0.7180595561428006,-1.3350417216759816,0.6293465463353513,-1.3961162808498042,0.0,0.0,1.0,0.0,1.0,0.0,1.0,0.0,1.0,0.0,0.0,1.0,0.0
-0.24952703442397103,1.710542978114426,0.717339455117677,0.7130862081590905,1.0,0.0,0.0,0.0,1.0,0.0,1.0,0.0,0.0,1.0,0.0,0.0,1.0
0.8883376611789008,0.8403759210314523,1.6448756486043192,0.7130862081590905,1.0,0.0,0.0,0.0,0.0,1.0,0.0,1.0,0.0,1.0,0.0,0.0,1.0
-1.5881913821920555,-1.0449860359816572,1.5929892525442244,1.4161537044953887,0.0,1.0,0.0,0.0,1.0,0.0,0.0,1.0,1.0,0.0,0.0,1.0,0.0
1.4238034002861346,-0.31984682174584583,0.8144258559930088,-0.6930487845135059,1.0,0.0,0.0,0.0,1.0,0.0,0.0,1.0,0.0,1.0,0.0,1.0,0.0
1.557669835062943,1.6138577495496509,-1.0716713863564142,0.010018711822792317,1.0,0.0,0.0,0.0,1.0,0.0,1.0,0.0,1.0,0.0,0.0,0.0,1.0
-0.24952703442397103,-0.36818943602823323,1.2228306332289094,0.010018711822792317,1.0,0.0,0.0,1.0,0.0,0.0,1.0,0.0,1.0,0.0,1.0,0.0,0.0
-0.5841931213659922,1.6622003638320384,0.06180565747184082,0.010018711822792317,0.0,0.0,1.0,0.0,1.0,0.0,1.0,0.0,0.0,1.0,0.0,0.0,1.0
1.3568701828977303,-0.6582451217225578,0.5180849960209214,0.010018711822792317,1.0,0.0,0.0,1.0,0.0,0.0,1.0,0.0,0.0,1.0,1.0,0.0,0.0
-0.1156605996471626,1.275459449572939,-0.05587482843765216,0.010018711822792317,0.0,1.0,0.0,1.0,0.0,0.0,1.0,0.0,1.0,0.0,1.0,0.0,0.0
-0.5841931213659922,1.1304316067257767,1.2664259041453807,1.4161537044953887,0.0,0.0,1.0,0.0,0.0,1.0,0.0,1.0,1.0,0.0,0.0,1.0,0.0
1.557669835062943,-1.383384335958369,0.672406905952234,-0.6930487845135059,0.0,0.0,1.0,0.0,1.0,0.0,1.0,0.0,0.0,1.0,1.0,0.0,0.0
-1.119658860473226,0.5503202353371277,1.6373868904100786,0.7130862081590905,0.0,0.0,1.0,1.0,0.0,0.0,0.0,1.0,1.0,0.0,0.0,1.0,0.0
0.08513905251805007,1.0820889924433894,-0.6571151291752448,0.7130862081590905,0.0,1.0,0.0,0.0,1.0,0.0,1.0,0.0,1.0,0.0,0.0,1.0,0.0
0.2859387046832627,0.6470054639019026,-1.2358891553301161,0.010018711822792317,1.0,0.0,0.0,0.0,1.0,0.0,1.0,0.0,1.0,0.0,0.0,0.0,1.0
-0.9857924256964175,1.1787742210081642,-0.7726559698863836,0.7130862081590905,0.0,0.0,1.0,1.0,0.0,0.0,0.0,1.0,1.0,0.0,0.0,0.0,1.0
-1.3873917300268428,0.8403759210314523,-1.2869731844408279,0.7130862081590905,0.0,0.0,1.0,1.0,0.0,0.0,0.0,1.0,1.0,0.0,1.0,0.0,0.0
1.223003748120922,-0.6582451217225578,1.5183691262516135,-0.6930487845135059,0.0,1.0,0.0,0.0,1.0,0.0,0.0,1.0,1.0,0.0,0.0,1.0,0.0
1.6915362698397514,-0.7549303502873326,-1.2514015830181857,2.119221200831687,1.0,0.0,0.0,0.0,1.0,0.0,0.0,1.0,1.0,0.0,0.0,1.0,0.0
-0.9857924256964175,0.7436906924666774,1.509275634158607,0.010018711822792317,0.0,1.0,0.0,0.0,1.0,0.0,1.0,0.0,1.0,0.0,0.0,1.0,0.0
0.15207226990645428,1.6138577495496509,1.6151880714771512,0.010018711822792317,0.0,0.0,1.0,1.0,0.0,0.0,0.0,1.0,1.0,0.0,1.0,0.0,0.0
0.7544712264020923,-0.6582451217225578,1.0340069444741316,0.010018711822792317,0.0,1.0,0.0,1.0,0.0,0.0,0.0,1.0,0.0,1.0,0.0,1.0,0.0
-0.5172599039775879,0.69534807818429,-1.34180159264866,0.010018711822792317,0.0,0.0,1.0,0.0,0.0,1.0,1.0,0.0,0.0,1.0,0.0,0.0,1.0
-1.1865920778616301,-0.36818943602823323,-0.5541447040044385,1.4161537044953887,0.0,1.0,0.0,1.0,0.0,0.0,0.0,1.0,1.0,0.0,0.0,0.0,1.0
0.35287192207166695,-1.0449860359816572,0.5293181333122822,-1.3961162808498042,0.0,0.0,1.0,0.0,0.0,1.0,0.0,1.0,0.0,1.0,0.0,1.0,0.0
1.1560705307325176,-0.6582451217225578,-1.6964477842759054,-0.6930487845135059,0.0,1.0,0.0,0.0,1.0,0.0,0.0,1.0,1.0,0.0,0.0,1.0,0.0
0.4867383568484754,-0.8999581931344949,-1.0588335151662878,-0.6930487845135059,0.0,1.0,0.0,0.0,1.0,0.0,1.0,0.0,0.0,1.0,1.0,0.0,0.0
1.4907366176745387,0.2602645496428032,-1.6833424574359848,-1.3961162808498042,1.0,0.0,0.0,0.0,0.0,1.0,1.0,0.0,1.0,0.0,0.0,0.0,1.0
-0.9857924256964175,-0.4165320503106206,-0.6635340647703082,0.010018711822792317,1.0,0.0,0.0,0.0,1.0,0.0,1.0,0.0,0.0,1.0,0.0,1.0,0.0
-0.7849927735312048,0.5019776210547403,0.6349631149810319,0.7130862081590905,0.0,0.0,1.0,0.0,1.0,0.0,0.0,1.0,1.0,0.0,1.0,0.0,0.0
-0.7849927735312048,0.7920333067490648,-0.24122159374510416,1.4161537044953887,1.0,0.0,0.0,0.0,1.0,0.0,1.0,0.0,0.0,1.0,0.0,0.0,1.0
1.223003748120922,-0.17481897889868356,-1.662480916752029,0.010018711822792317,1.0,0.0,0.0,0.0,0.0,1.0,0.0,1.0,1.0,0.0,1.0,0.0,0.0
0.955270878567305,-1.2866991073935943,0.14846128800519479,0.010018711822792317,0.0,0.0,1.0,1.0,0.0,0.0,1.0,0.0,0.0,1.0,0.0,0.0,1.0
-0.9857924256964175,-1.6250974073703062,-1.4562726107606216,-0.6930487845135059,1.0,0.0,0.0,1.0,0.0,0.0,1.0,0.0,0.0,1.0,0.0,0.0,1.0
1.0891373133441133,-0.8516155788521075,-0.11284288184383891,0.010018711822792317,0.0,1.0,0.0,0.0,1.0,0.0,1.0,0.0,1.0,0.0,0.0,0.0,1.0
-1.0527256430848217,0.8403759210314523,0.040409205488296684,0.010018711822792317,0.0,1.0,0.0,1.0,0.0,0.0,1.0,0.0,1.0,0.0,1.0,0.0,0.0
-0.7180595561428006,1.1787742210081642,-1.2976714104326,0.010018711822792317,1.0,0.0,0.0,0.0,0.0,1.0,1.0,0.0,1.0,0.0,1.0,0.0,0.0
-1.5212581648036514,-0.5615598931577829,-0.21447602876567387,-1.3961162808498042,0.0,0.0,1.0,0.0,1.0,0.0,0.0,1.0,0.0,1.0,0.0,0.0,1.0
-0.18259381703556682,-0.5615598931577829,-0.7560737195991369,0.010018711822792317,1.0,0.0,0.0,1.0,0.0,0.0,1.0,0.0,0.0,1.0,0.0,1.0,0.0
1.4907366176745387,1.2271168352905517,-0.7453754936073649,-0.6930487845135059,1.0,0.0,0.0,1.0,0.0,0.0,0.0,1.0,0.0,1.0,0.0,1.0,0.0
-1.3873917300268428,-1.2866991073935943,0.757190346937028,1.4161537044953887,1.0,0.0,0.0,0.0,1.0,0.0,1.0,0.0,1.0,0.0,1.0,0.0,0.0
-1.722057816968864,0.35694977820757806,-0.23105827905292076,0.7130862081590905,0.0,0.0,1.0,0.0,1.0,0.0,1.0,0.0,1.0,0.0,0.0,1.0,0.0
-0.3833934692007795,-0.9966434216992697,0.1639737156932647,-0.6930487845135059,0.0,1.0,0.0,0.0,1.0,0.0,1.0,0.0,1.0,0.0,0.0,0.0,1.0
-1.0527256430848217,-0.36818943602823323,-1.4092004163968244,-0.6930487845135059,0.0,1.0,0.0,0.0,1.0,0.0,0.0,1.0,1.0,0.0,0.0,0.0,1.0
0.5536715742368796,0.2602645496428032,0.3766009572797351,0.7130862081590905,1.0,0.0,0.0,0.0,1.0,0.0,0.0,1.0,1.0,0.0,1.0,0.0,0.0
1.0222040959557093,1.3721446781377138,-0.24657070674099027,-0.6930487845135059,1.0,0.0,0.0,0.0,1.0,0.0,1.0,0.0,1.0,0.0,0.0,0.0,1.0
-0.18259381703556682,-1.0449860359816572,-1.4974607808289442,0.010018711822792317,0.0,0.0,1.0,0.0,1.0,0.0,1.0,0.0,0.0,1.0,0.0,0.0,1.0
0.5536715742368796,-1.0933286502640445,-1.6852146469845446,-0.6930487845135059,1.0,0.0,0.0,1.0,0.0,0.0,0.0,1.0,1.0,0.0,1.0,0.0,0.0
1.0222040959557093,0.5986628496195152,-0.925640601568725,0.010018711822792317,1.0,0.0,0.0,0.0,1.0,0.0,1.0,0.0,1.0,0.0,0.0,1.0,0.0
-1.0527256430848217,-0.6582451217225578,-0.8726843829094529,0.010018711822792317,0.0,1.0,0.0,0.0,1.0,0.0,1.0,0.0,1.0,0.0,1.0,0.0,0.0
-0.048727382258758375,-1.4317269502407566,-0.7766678046332983,-1.3961162808498042,1.0,0.0,0.0,0.0,1.0,0.0,1.0,0.0,0.0,1.0,0.0,0.0,1.0
-1.722057816968864,-0.7549303502873326,-1.2361566109799105,0.010018711822792317,1.0,0.0,0.0,0.0,1.0,0.0,1.0,0.0,0.0,1.0,0.0,0.0,1.0
1.4238034002861346,-1.0449860359816572,-0.09438844200803208,1.4161537044953887,0.0,1.0,0.0,0.0,1.0,0.0,1.0,0.0,1.0,0.0,1.0,0.0,0.0
-0.1156605996471626,-0.9483008074168823,1.1230696758556344,-0.6930487845135059,1.0,0.0,0.0,0.0,1.0,0.0,1.0,0.0,1.0,0.0,0.0,1.0,0.0
0.6206047916252838,0.06689409251325355,1.118522929809131,-0.6930487845135059,1.0,0.0,0.0,0.0,1.0,0.0,0.0,1.0,0.0,1.0,0.0,1.0,0.0
-1.722057816968864,1.710542978114426,0.7817962667181039,0.7130862081590905,0.0,0.0,1.0,0.0,1.0,0.0,1.0,0.0,0.0,1.0,0.0,0.0,1.0
0.6206047916252838,0.30860716392519066,0.2784447338052263,-1.3961162808498042,0.0,1.0,0.0,0.0,0.0,1.0,1.0,0.0,1.0,0.0,1.0,0.0,0.0
-0.18259381703556682,-0.02979113605152129,1.647282749452468,1.4161537044953887,1.0,0.0,0.0,1.0,0.0,0.0,1.0,0.0,0.0,1.0,0.0,0.0,1.0
-0.24952703442397103,0.7920333067490648,1.5796164700545094,-0.6930487845135059,0.0,1.0,0.0,1.0,0.0,0.0,1.0,0.0,0.0,1.0,1.0,0.0,0.0
1.1560705307325176,0.35694977820757806,-1.5854536896112699,0.010018711822792317,0.0,0.0,1.0,0.0,1.0,0.0,1.0,0.0,0.0,1.0,0.0,1.0,0.0
-1.5212581648036514,-0.7065877360049452,0.3482506584015393,0.010018711822792317,1.0,0.0,0.0,1.0,0.0,0.0,1.0,0.0,1.0,0.0,0.0,1.0,0.0
-0.8519259909196091,0.9370611495962271,1.3613726598223577,-1.3961162808498042,1.0,0.0,0.0,0.0,1.0,0.0,1.0,0.0,1.0,0.0,0.0,1.0,0.0
-0.3833934692007795,-0.6099025074401704,0.7946341379082306,-1.3961162808498042,0.0,1.0,0.0,0.0,1.0,0.0,0.0,1.0,1.0,0.0,0.0,1.0,0.0
1.289936965509326,0.7436906924666774,-0.635986132841495,-0.6930487845135059,0.0,0.0,1.0,0.0,1.0,0.0,0.0,1.0,0.0,1.0,0.0,0.0,1.0
0.15207226990645428,-0.31984682174584583,0.6924660796868066,1.4161537044953887,0.0,0.0,1.0,1.0,0.0,0.0,1.0,0.0,0.0,1.0,1.0,0.0,0.0
-0.9857924256964175,1.0820889924433894,0.8596258608082459,-0.6930487845135059,1.0,0.0,0.0,0.0,1.0,0.0,1.0,0.0,0.0,1.0,1.0,0.0,0.0
-1.3204585126384387,-1.4800695645231439,1.3027998725174055,-0.6930487845135059,1.0,0.0,0.0,0.0,1.0,0.0,0.0,1.0,0.0,1.0,0.0,1.0,0.0
-0.1156605996471626,-0.4165320503106206,-0.48139676726038816,0.7130862081590905,0.0,1.0,0.0,0.0,1.0,0.0,1.0,0.0,1.0,0.0,0.0,1.0,0.0
-1.0527256430848217,-0.4165320503106206,0.7237583907127402,-0.6930487845135059,0.0,0.0,1.0,0.0,1.0,0.0,0.0,1.0,1.0,0.0,1.0,0.0,0.0
1.0222040959557093,-0.8999581931344949,1.480657879630617,0.7130862081590905,1.0,0.0,0.0,1.0,0.0,0.0,0.0,1.0,0.0,1.0,0.0,1.0,0.0
-1.2535252952500344,1.033746378161002,-0.871079649010687,-0.6930487845135059,1.0,0.0,0.0,0.0,1.0,0.0,1.0,0.0,0.0,1.0,0.0,1.0,0.0
0.955270878567305,-1.2383564931112068,1.7315312791376727,-0.6930487845135059,0.0,0.0,1.0,0.0,0.0,1.0,1.0,0.0,0.0,1.0,0.0,0.0,1.0
-1.5212581648036514,1.517172520984876,1.1265465993029602,0.010018711822792317,0.0,0.0,1.0,1.0,0.0,0.0,1.0,0.0,0.0,1.0,0.0,1.0,0.0
1.0891373133441133,-0.9483008074168823,-0.34873876496241374,-0.6930487845135059,0.0,1.0,0.0,1.0,0.0,0.0,0.0,1.0,1.0,0.0,0.0,1.0,0.0
-1.454324947415247,-0.22316159318107098,0.5095264152275035,0.010018711822792317,1.0,0.0,0.0,1.0,0.0,0.0,1.0,0.0,0.0,1.0,0.0,1.0,0.0
1.4907366176745387,1.710542978114426,-1.617548367586586,0.010018711822792317,0.0,0.0,1.0,0.0,0.0,1.0,1.0,0.0,1.0,0.0,1.0,0.0,0.0
1.557669835062943,0.4536350067723529,-0.5771458898867484,0.010018711822792317,1.0,0.0,0.0,1.0,0.0,0.0,0.0,1.0,0.0,1.0,0.0,1.0,0.0
1.6246030524513473,-0.12647636461629613,1.633642511312958,0.7130862081590905,0.0,0.0,1.0,0.0,1.0,0.0,0.0,1.0,1.0,0.0,0.0,0.0,1.0
-1.454324947415247,-0.7549303502873326,-1.2460524700222997,-0.6930487845135059,1.0,0.0,0.0,0.0,1.0,0.0,0.0,1.0,0.0,1.0,0.0,0.0,1.0
1.223003748120922,-0.80327296456972,0.05832873402451501,-1.3961162808498042,1.0,0.0,0.0,0.0,1.0,0.0,1.0,0.0,1.0,0.0,1.0,0.0,0.0
1.0222040959557093,1.275459449572939,-1.6817377235372188,-1.3961162808498042,1.0,0.0,0.0,1.0,0.0,0.0,1.0,0.0,1.0,0.0,0.0,0.0,1.0
0.8883376611789008,-0.9483008074168823,-0.5453186675612265,0.7130862081590905,1.0,0.0,0.0,0.0,1.0,0.0,1.0,0.0,1.0,0.0,1.0,0.0,0.0
0.15207226990645428,-0.31984682174584583,-0.40463699576942314,-1.3961162808498042,0.0,0.0,1.0,1.0,0.0,0.0,0.0,1.0,1.0,0.0,0.0,0.0,1.0
-0.45032668658918373,-1.0449860359816572,0.4998980118349086,-1.3961162808498042,1.0,0.0,0.0,0.0,1.0,0.0,1.0,0.0,1.0,0.0,0.0,0.0,1.0
0.08513905251805007,0.5019776210547403,1.0904400865807293,0.010018711822792317,0.0,0.0,1.0,1.0,0.0,0.0,1.0,0.0,0.0,1.0,0.0,0.0,1.0
-0.18259381703556682,-1.6250974073703062,0.20382460751261566,1.4161537044953887,1.0,0.0,0.0,0.0,1.0,0.0,1.0,0.0,0.0,1.0,0.0,1.0,0.0
-1.3204585126384387,0.6470054639019026,-1.1909566061646732,-1.3961162808498042,0.0,1.0,0.0,1.0,0.0,0.0,1.0,0.0,1.0,0.0,1.0,0.0,0.0
1.223003748120922,1.3721446781377138,-1.3934205330589604,1.4161537044953887,0.0,1.0,0.0,1.0,0.0,0.0,1.0,0.0,1.0,0.0,0.0,1.0,0.0
1.1560705307325176,0.5986628496195152,0.703431761328373,0.7130862081590905,0.0,0.0,1.0,0.0,1.0,0.0,1.0,0.0,1.0,0.0,1.0,0.0,0.0
-1.5212581648036514,-0.80327296456972,0.4044163448583427,0.7130862081590905,0.0,0.0,1.0,0.0,1.0,0.0,0.0,1.0,0.0,1.0,0.0,1.0,0.0
-1.1865920778616301,0.9370611495962271,0.6178459533941965,2.8222886971679855,1.0,0.0,0.0,0.0,0.0,1.0,1.0,0.0,0.0,1.0,0.0,1.0,0.0
-0.9857924256964175,-1.5767547930879187,0.835822307976553,-1.3961162808498042,0.0,0.0,1.0,0.0,0.0,1.0,1.0,0.0,1.0,0.0,0.0,1.0,0.0
0.955270878567305,1.0820889924433894,1.6930176655672933,0.010018711822792317,1.0,0.0,0.0,0.0,1.0,0.0,1.0,0.0,1.0,0.0,0.0,0.0,1.0
0.8214044437904965,0.30860716392519066,-0.028594352158633384,0.010018711822792317,1.0,0.0,0.0,0.0,1.0,0.0,1.0,0.0,0.0,1.0,0.0,1.0,0.0
-0.24952703442397103,-1.2866991073935943,-0.11150560359486747,1.4161537044953887,0.0,1.0,0.0,0.0,1.0,0.0,0.0,1.0,0.0,1.0,0.0,1.0,0.0
1.4907366176745387,-1.0449860359816572,-0.3642511926504833,0.7130862081590905,1.0,0.0,0.0,0.0,1.0,0.0,1.0,0.0,0.0,1.0,0.0,1.0,0.0
-0.5172599039775879,-1.2866991073935943,1.5373584773870093,0.010018711822792317,1.0,0.0,0.0,0.0,0.0,1.0,1.0,0.0,0.0,1.0,0.0,1.0,0.0
-1.722057816968864,0.5503202353371277,-1.079427600200449,0.7130862081590905,0.0,1.0,0.0,0.0,1.0,0.0,1.0,0.0,0.0,1.0,0.0,1.0,0.0
-0.3833934692007795,0.8403759210314523,-1.554696289884925,-0.6930487845135059,0.0,1.0,0.0,1.0,0.0,0.0,1.0,0.0,0.0,1.0,0.0,0.0,1.0
1.3568701828977303,-0.5615598931577829,0.42795244204024124,0.7130862081590905,0.0,1.0,0.0,0.0,0.0,1.0,0.0,1.0,1.0,0.0,0.0,1.0,0.0
0.8883376611789008,0.5503202353371277,-1.6611436385030576,2.119221200831687,1.0,0.0,0.0,0.0,1.0,0.0,0.0,1.0,1.0,0.0,0.0,1.0,0.0
-1.3204585126384387,-0.17481897889868356,-0.4570583031291063,1.4161537044953887,0.0,0.0,1.0,0.0,0.0,1.0,1.0,0.0,1.0,0.0,1.0,0.0,0.0
0.8214044437904965,1.3721446781377138,-1.2840311722930906,-1.3961162808498042,0.0,1.0,0.0,0.0,1.0,0.0,0.0,1.0,0.0,1.0,0.0,0.0,1.0
1.6915362698397514,0.30860716392519066,-1.0518796682716358,1.4161537044953887,0.0,0.0,1.0,0.0,1.0,0.0,1.0,0.0,1.0,0.0,1.0,0.0,0.0
-0.45032668658918373,1.275459449572939,-0.5038630418431093,0.7130862081590905,1.0,0.0,0.0,0.0,1.0,0.0,1.0,0.0,0.0,1.0,1.0,0.0,0.0
-0.7849927735312048,-1.3350417216759816,-0.5324807963710999,-0.6930487845135059,0.0,0.0,1.0,0.0,1.0,0.0,1.0,0.0,0.0,1.0,0.0,0.0,1.0
-0.8519259909196091,-1.721782635935081,0.8320779288794327,1.4161537044953887,1.0,0.0,0.0,0.0,1.0,0.0,0.0,1.0,1.0,0.0,1.0,0.0,0.0
-0.7180595561428006,-0.22316159318107098,-0.9489092431008292,-0.6930487845135059,1.0,0.0,0.0,0.0,1.0,0.0,0.0,1.0,1.0,0.0,0.0,0.0,1.0
-0.45032668658918373,-0.9483008074168823,-0.9050465165345636,0.7130862081590905,0.0,1.0,0.0,1.0,0.0,0.0,1.0,0.0,1.0,0.0,0.0,0.0,1.0
-0.45032668658918373,0.69534807818429,0.1297393925195939,0.010018711822792317,0.0,0.0,1.0,0.0,1.0,0.0,1.0,0.0,0.0,1.0,0.0,1.0,0.0
0.8883376611789008,1.3238020638553265,0.6371027601793862,0.010018711822792317,0.0,1.0,0.0,1.0,0.0,0.0,1.0,0.0,1.0,0.0,1.0,0.0,0.0
0.018205835129645846,-0.9966434216992697,1.4191430801779277,-1.3961162808498042,0.0,1.0,0.0,0.0,1.0,0.0,1.0,0.0,1.0,0.0,0.0,0.0,1.0
-1.454324947415247,-0.9483008074168823,1.2739146623396211,0.010018711822792317,1.0,0.0,0.0,0.0,0.0,1.0,1.0,0.0,0.0,1.0,0.0,0.0,1.0
-1.1865920778616301,0.6470054639019026,-0.5923908619250238,0.010018711822792317,1.0,0.0,0.0,0.0,1.0,0.0,0.0,1.0,0.0,1.0,1.0,0.0,0.0
-1.5881913821920555,1.3238020638553265,1.3643146719700954,0.010018711822792317,0.0,1.0,0.0,1.0,0.0,0.0,1.0,0.0,0.0,1.0,0.0,0.0,1.0
-0.31646025181237525,1.710542978114426,-1.4338063361779003,0.010018711822792317,1.0,0.0,0.0,0.0,1.0,0.0,0.0,1.0,0.0,1.0,0.0,0.0,1.0
-0.45032668658918373,0.1635793210780284,-0.4658843395723186,0.7130862081590905,1.0,0.0,0.0,0.0,1.0,0.0,1.0,0.0,1.0,0.0,0.0,1.0,0.0
-0.8519259909196091,1.6138577495496509,0.10138909364139774,-1.3961162808498042,0.0,1.0,0.0,0.0,1.0,0.0,1.0,0.0,1.0,0.0,0.0,0.0,1.0
1.6246030524513473,0.7436906924666774,-0.08529494991502569,3.5253561935042836,1.0,0.0,0.0,0.0,1.0,0.0,1.0,0.0,0.0,1.0,0.0,0.0,1.0
-0.9857924256964175,-0.5132172788753955,-0.4733730977665591,-1.3961162808498042,1.0,0.0,0.0,0.0,1.0,0.0,1.0,0.0,0.0,1.0,0.0,1.0,0.0
-0.7849927735312048,-0.12647636461629613,-0.35462278925788837,-1.3961162808498042,0.0,0.0,1.0,0.0,1.0,0.0,1.0,0.0,1.0,0.0,1.0,0.0,0.0
0.6875380090136881,0.30860716392519066,1.6721561248833376,-0.6930487845135059,0.0,0.0,1.0,0.0,0.0,1.0,1.0,0.0,0.0,1.0,0.0,1.0,0.0
1.3568701828977303,-0.31984682174584583,0.4357086558842762,0.010018711822792317,0.0,1.0,0.0,0.0,1.0,0.0,1.0,0.0,1.0,0.0,1.0,0.0,0.0
1.6246030524513473,-1.141671264546432,0.32845894031676065,0.010018711822792317,0.0,0.0,1.0,0.0,1.0,0.0,1.0,0.0,1.0,0.0,0.0,0.0,1.0
-1.3204585126384387,1.517172520984876,1.2402152504655384,-1.3961162808498042,0.0,1.0,0.0,1.0,0.0,0.0,1.0,0.0,0.0,1.0,1.0,0.0,0.0
0.08513905251805007,-1.6250974073703062,1.505263799411693,0.010018711822792317,1.0,0.0,0.0,0.0,0.0,1.0,0.0,1.0,1.0,0.0,0.0,1.0,0.0
0.018205835129645846,1.3721446781377138,1.4084448541861554,-0.6930487845135059,0.0,1.0,0.0,0.0,1.0,0.0,0.0,1.0,0.0,1.0,0.0,1.0,0.0
-1.5881913821920555,-0.6582451217225578,1.168002225021077,0.010018711822792317,0.0,0.0,1.0,0.0,1.0,0.0,0.0,1.0,0.0,1.0,0.0,1.0,0.0
-0.31646025181237525,0.5986628496195152,-0.9133376416781871,-0.6930487845135059,0.0,1.0,0.0,0.0,1.0,0.0,1.0,0.0,1.0,0.0,0.0,0.0,1.0
1.4238034002861346,-1.3350417216759816,0.11583169873028988,0.010018711822792317,0.0,1.0,0.0,1.0,0.0,0.0,0.0,1.0,0.0,1.0,1.0,0.0,0.0
-0.18259381703556682,0.9854037638786145,-1.0064122078066042,1.4161537044953887,0.0,1.0,0.0,1.0,0.0,0.0,1.0,0.0,1.0,0.0,1.0,0.0,0.0
-0.9188592083080133,-1.721782635935081,-1.4629590020054792,0.7130862081590905,0.0,0.0,1.0,0.0,1.0,0.0,1.0,0.0,0.0,1.0,0.0,1.0,0.0
0.6875380090136881,0.7920333067490648,1.3739430753626898,0.010018711822792317,0.0,0.0,1.0,1.0,0.0,0.0,1.0,0.0,0.0,1.0,1.0,0.0,0.0
-1.2535252952500344,1.1787742210081642,1.2113300402877543,0.010018711822792317,1.0,0.0,0.0,0.0,0.0,1.0,1.0,0.0,1.0,0.0,1.0,0.0,0.0
-1.6551245995804598,1.4688299067024888,1.160780922476631,-0.6930487845135059,0.0,1.0,0.0,0.0,1.0,0.0,0.0,1.0,0.0,1.0,0.0,0.0,1.0
-0.5841931213659922,-0.22316159318107098,-1.5632548706783427,-0.6930487845135059,0.0,1.0,0.0,0.0,0.0,1.0,0.0,1.0,0.0,1.0,0.0,0.0,1.0
0.35287192207166695,-0.6582451217225578,0.042548850686651055,0.010018711822792317,1.0,0.0,0.0,1.0,0.0,0.0,1.0,0.0,1.0,0.0,0.0,1.0,0.0
-1.2535252952500344,0.69534807818429,-0.9120003634292154,0.7130862081590905,1.0,0.0,0.0,0.0,1.0,0.0,1.0,0.0,1.0,0.0,0.0,0.0,1.0
-0.9188592083080133,0.6470054639019026,1.2177489758828177,2.119221200831687,1.0,0.0,0.0,0.0,1.0,0.0,1.0,0.0,0.0,1.0,0.0,0.0,1.0
-1.3204585126384387,0.35694977820757806,0.11048258573440413,0.010018711822792317,0.0,1.0,0.0,1.0,0.0,0.0,1.0,0.0,1.0,0.0,0.0,1.0,0.0
-0.31646025181237525,1.3238020638553265,-1.317195672867584,1.4161537044953887,1.0,0.0,0.0,0.0,1.0,0.0,1.0,0.0,1.0,0.0,0.0,0.0,1.0
-0.9188592083080133,-0.7065877360049452,-0.1631245440051677,1.4161537044953887,0.0,0.0,1.0,0.0,1.0,0.0,1.0,0.0,1.0,0.0,0.0,0.0,1.0
-1.3204585126384387,1.4204872924201013,1.3110909976610288,0.010018711822792317,0.0,0.0,1.0,0.0,1.0,0.0,0.0,1.0,1.0,0.0,0.0,1.0,0.0
-1.119658860473226,-1.5284121788055314,-0.8288216563431873,-0.6930487845135059,1.0,0.0,0.0,0.0,1.0,0.0,1.0,0.0,1.0,0.0,1.0,0.0,0.0
-1.2535252952500344,1.2271168352905517,1.7170886740487805,0.010018711822792317,0.0,1.0,0.0,1.0,0.0,0.0,0.0,1.0,0.0,1.0,0.0,0.0,1.0
1.289936965509326,-0.36818943602823323,-0.6129849469591849,-0.6930487845135059,1.0,0.0,0.0,0.0,1.0,0.0,1.0,0.0,1.0,0.0,0.0,1.0,0.0
1.4907366176745387,-0.31984682174584583,-0.6900121740999442,0.010018711822792317,0.0,1.0,0.0,0.0,1.0,0.0,1.0,0.0,1.0,0.0,1.0,0.0,0.0
-0.6511263387543964,-1.3350417216759816,0.06501512526937259,0.7130862081590905,1.0,0.0,0.0,0.0,0.0,1.0,1.0,0.0,0.0,1.0,0.0,0.0,1.0
0.7544712264020923,1.6622003638320384,-0.5415742884641063,-0.6930487845135059,0.0,0.0,1.0,0.0,1.0,0.0,1.0,0.0,1.0,0.0,0.0,0.0,1.0
-1.5212581648036514,1.3721446781377138,0.725363124611506,-1.3961162808498042,1.0,0.0,0.0,0.0,1.0,0.0,1.0,0.0,0.0,1.0,0.0,0.0,1.0
1.1560705307325176,0.8403759210314523,1.2985205821206967,-0.6930487845135059,0.0,1.0,0.0,0.0,1.0,0.0,1.0,0.0,0.0,1.0,1.0,0.0,0.0
0.4867383568484754,-0.7549303502873326,0.03987429418870818,0.010018711822792317,0.0,1.0,0.0,1.0,0.0,0.0,1.0,0.0,0.0,1.0,0.0,0.0,1.0
-1.3873917300268428,-0.02979113605152129,-0.6111127574106248,-0.6930487845135059,1.0,0.0,0.0,0.0,1.0,0.0,1.0,0.0,0.0,1.0,0.0,0.0,1.0
0.4867383568484754,0.2602645496428032,1.3191146671548581,0.010018711822792317,0.0,0.0,1.0,0.0,1.0,0.0,1.0,0.0,1.0,0.0,1.0,0.0,0.0
-1.2535252952500344,1.1787742210081642,-0.5613660065488845,-0.6930487845135059,0.0,1.0,0.0,0.0,0.0,1.0,0.0,1.0,1.0,0.0,0.0,1.0,0.0
1.6246030524513473,-0.36818943602823323,1.4392022539125005,0.010018711822792317,1.0,0.0,0.0,1.0,0.0,0.0,1.0,0.0,1.0,0.0,1.0,0.0,0.0
1.289936965509326,-0.07813375033390871,-1.1286394397626007,-1.3961162808498042,0.0,0.0,1.0,0.0,1.0,0.0,1.0,0.0,0.0,1.0,0.0,1.0,0.0
0.6875380090136881,-1.141671264546432,-1.0024003730596898,0.010018711822792317,1.0,0.0,0.0,0.0,1.0,0.0,0.0,1.0,1.0,0.0,0.0,0.0,1.0
-1.119658860473226,-0.4648746645930081,-1.0208548128954966,2.8222886971679855,1.0,0.0,0.0,1.0,0.0,0.0,1.0,0.0,1.0,0.0,0.0,1.0,0.0
0.6206047916252838,-0.07813375033390871,1.4258294714227853,-0.6930487845135059,1.0,0.0,0.0,0.0,0.0,1.0,0.0,1.0,1.0,0.0,0.0,1.0,0.0
-0.31646025181237525,-1.6250974073703062,-1.7181116919092438,0.010018711822792317,0.0,0.0,1.0,1.0,0.0,0.0,1.0,0.0,0.0,1.0,1.0,0.0,0.0
-0.1156605996471626,-1.1900138788288195,-0.7670394012407032,-1.3961162808498042,1.0,0.0,0.0,0.0,0.0,1.0,1.0,0.0,1.0,0.0,0.0,0.0,1.0
0.8883376611789008,-0.2715042074634584,-1.478738885343343,-0.6930487845135059,0.0,1.0,0.0,0.0,0.0,1.0,1.0,0.0,0.0,1.0,1.0,0.0,0.0
-0.9188592083080133,0.5503202353371277,-1.70045961902282,1.4161537044953887,0.0,0.0,1.0,0.0,0.0,1.0,0.0,1.0,0.0,1.0,0.0,0.0,1.0
-1.2535252952500344,-1.5767547930879187,1.3343596391931334,1.4161537044953887,1.0,0.0,0.0,1.0,0.0,0.0,0.0,1.0,1.0,0.0,1.0,0.0,0.0
-0.24952703442397103,0.01855147823086613,-0.1831837177397404,0.010018711822792317,1.0,0.0,0.0,1.0,0.0,0.0,1.0,0.0,1.0,0.0,0.0,1.0,0.0
-0.7849927735312048,1.3238020638553265,-0.6485565483818272,2.119221200831687,0.0,1.0,0.0,1.0,0.0,0.0,0.0,1.0,1.0,0.0,0.0,1.0,0.0
1.4238034002861346,0.69534807818429,-1.5950820930038647,0.7130862081590905,0.0,0.0,1.0,0.0,1.0,0.0,1.0,0.0,1.0,0.0,0.0,1.0,0.0
0.7544712264020923,-0.6099025074401704,1.0706483684959507,0.010018711822792317,1.0,0.0,0.0,0.0,1.0,0.0,1.0,0.0,1.0,0.0,0.0,1.0,0.0
0.6875380090136881,-0.5132172788753955,-0.452244101432809,-0.6930487845135059,1.0,0.0,0.0,0.0,1.0,0.0,0.0,1.0,1.0,0.0,0.0,1.0,0.0
-0.5841931213659922,-0.5132172788753955,-1.6365377187219816,0.010018711822792317,1.0,0.0,0.0,0.0,0.0,1.0,0.0,1.0,0.0,1.0,0.0,1.0,0.0
0.08513905251805007,0.9370611495962271,-1.0090867643045474,0.010018711822792317,0.0,1.0,0.0,0.0,1.0,0.0,0.0,1.0,0.0,1.0,0.0,1.0,0.0
1.4238034002861346,1.4688299067024888,-1.4939838573816184,-1.3961162808498042,0.0,0.0,1.0,0.0,1.0,0.0,0.0,1.0,1.0,0.0,0.0,0.0,1.0
0.7544712264020923,1.6622003638320384,0.02168731000269541,0.7130862081590905,0.0,0.0,1.0,0.0,1.0,0.0,1.0,0.0,1.0,0.0,0.0,1.0,0.0
-0.1156605996471626,0.06689409251325355,1.5456496025306325,0.7130862081590905,0.0,1.0,0.0,1.0,0.0,0.0,0.0,1.0,1.0,0.0,0.0,1.0,0.0
-0.9857924256964175,0.1635793210780284,-1.5603128585306054,0.7130862081590905,1.0,0.0,0.0,0.0,1.0,0.0,1.0,0.0,1.0,0.0,1.0,0.0,0.0
-0.7180595561428006,0.7436906924666774,0.37205421123323223,-0.6930487845135059,0.0,1.0,0.0,1.0,0.0,0.0,1.0,0.0,1.0,0.0,0.0,0.0,1.0
0.018205835129645846,-0.7549303502873326,-1.0762181324029174,0.7130862081590905,1.0,0.0,0.0,0.0,0.0,1.0,1.0,0.0,0.0,1.0,1.0,0.0,0.0
-1.0527256430848217,1.033746378161002,0.07865536340888178,0.010018711822792317,0.0,1.0,0.0,0.0,1.0,0.0,1.0,0.0,1.0,0.0,0.0,1.0,0.0
0.8883376611789008,0.4536350067723529,-0.011477190571797993,1.4161537044953887,0.0,1.0,0.0,0.0,1.0,0.0,1.0,0.0,1.0,0.0,0.0,0.0,1.0
0.35287192207166695,-1.0449860359816572,1.6809821613265499,0.7130862081590905,1.0,0.0,0.0,0.0,1.0,0.0,1.0,0.0,0.0,1.0,0.0,0.0,1.0
0.35287192207166695,-0.8516155788521075,1.3752803536116616,-0.6930487845135059,1.0,0.0,0.0,1.0,0.0,0.0,0.0,1.0,1.0,0.0,0.0,0.0,1.0
-1.119658860473226,-0.7549303502873326,-0.45572102488013483,2.119221200831687,0.0,0.0,1.0,1.0,0.0,0.0,1.0,0.0,1.0,0.0,1.0,0.0,0.0
0.6206047916252838,0.5503202353371277,1.588442506497721,0.010018711822792317,0.0,0.0,1.0,0.0,1.0,0.0,1.0,0.0,1.0,0.0,0.0,1.0,0.0
-1.5881913821920555,0.35694977820757806,0.5167477177719499,0.010018711822792317,1.0,0.0,0.0,0.0,1.0,0.0,1.0,0.0,1.0,0.0,0.0,1.0,0.0
1.1560705307325176,1.033746378161002,-1.1679554202823632,0.010018711822792317,1.0,0.0,0.0,0.0,1.0,0.0,0.0,1.0,1.0,0.0,0.0,0.0,1.0
0.018205835129645846,1.3721446781377138,1.3118933646104118,1.4161537044953887,1.0,0.0,0.0,0.0,1.0,0.0,1.0,0.0,0.0,1.0,0.0,1.0,0.0
1.0222040959557093,-0.8516155788521075,0.9556424390844007,-0.6930487845135059,0.0,1.0,0.0,0.0,0.0,1.0,1.0,0.0,1.0,0.0,0.0,0.0,1.0
0.4198051394600712,-0.9483008074168823,0.8794175788930245,0.010018711822792317,0.0,1.0,0.0,1.0,0.0,0.0,0.0,1.0,0.0,1.0,0.0,0.0,1.0
0.5536715742368796,-0.12647636461629613,1.3677915954174211,1.4161537044953887,0.0,0.0,1.0,0.0,1.0,0.0,1.0,0.0,1.0,0.0,0.0,1.0,0.0
1.6915362698397514,0.8887185353138397,0.04682814108335981,0.010018711822792317,0.0,1.0,0.0,0.0,1.0,0.0,0.0,1.0,1.0,0.0,1.0,0.0,0.0
0.018205835129645846,-0.17481897889868356,1.7435667833784168,0.010018711822792317,1.0,0.0,0.0,0.0,0.0,1.0,0.0,1.0,0.0,1.0,1.0,0.0,0.0
0.2859387046832627,0.4536350067723529,1.5606271189191137,0.7130862081590905,1.0,0.0,0.0,1.0,0.0,0.0,1.0,0.0,1.0,0.0,1.0,0.0,0.0
1.4907366176745387,-1.6734400216526937,-0.7237115859740263,0.010018711822792317,0.0,1.0,0.0,0.0,0.0,1.0,0.0,1.0,1.0,0.0,0.0,1.0,0.0
-1.5881913821920555,0.2602645496428032,-1.5402536847960326,-0.6930487845135059,1.0,0.0,0.0,1.0,0.0,0.0,1.0,0.0,1.0,0.0,1.0,0.0,0.0
-0.6511263387543964,1.033746378161002,0.6363003932300032,0.010018711822792317,1.0,0.0,0.0,0.0,0.0,1.0,1.0,0.0,0.0,1.0,1.0,0.0,0.0
1.1560705307325176,-1.5767547930879187,-1.1286394397626007,0.010018711822792317,0.0,0.0,1.0,0.0,1.0,0.0,1.0,0.0,1.0,0.0,0.0,1.0,0.0
-0.5172599039775879,-1.6734400216526937,-0.37227486214431266,0.010018711822792317,1.0,0.0,0.0,1.0,0.0,0.0,0.0,1.0,1.0,0.0,1.0,0.0,0.0
0.35287192207166695,0.21192193536041581,-1.4116075172449731,0.010018711822792317,0.0,1.0,0.0,0.0,1.0,0.0,1.0,0.0,1.0,0.0,0.0,1.0,0.0
-1.119658860473226,0.7436906924666774,-1.1053707982304963,-1.3961162808498042,0.0,0.0,1.0,0.0,1.0,0.0,1.0,0.0,0.0,1.0,1.0,0.0,0.0
-1.722057816968864,1.4204872924201013,0.7325844271559521,0.010018711822792317,1.0,0.0,0.0,0.0,1.0,0.0,1.0,0.0,1.0,0.0,1.0,0.0,0.0
-1.0527256430848217,0.06689409251325355,-0.5787506237855141,1.4161537044953887,1.0,0.0,0.0,1.0,0.0,0.0,0.0,1.0,1.0,0.0,0.0,0.0,1.0
-1.3204585126384387,1.710542978114426,0.8205773359382779,0.7130862081590905,0.0,1.0,0.0,0.0,1.0,0.0,1.0,0.0,1.0,0.0,0.0,1.0,0.0
1.4907366176745387,-1.3350417216759816,-1.0612406160144363,0.010018711822792317,1.0,0.0,0.0,0.0,0.0,1.0,1.0,0.0,0.0,1.0,1.0,0.0,0.0
-0.7849927735312048,1.2271168352905517,-1.5672667054252571,-0.6930487845135059,0.0,0.0,1.0,1.0,0.0,0.0,1.0,0.0,1.0,0.0,1.0,0.0,0.0
-1.5881913821920555,-0.2715042074634584,-0.22276715390929733,0.010018711822792317,1.0,0.0,0.0,0.0,1.0,0.0,1.0,0.0,1.0,0.0,0.0,0.0,1.0
-1.5212581648036514,1.1787742210081642,1.5293348078931799,0.7130862081590905,1.0,0.0,0.0,1.0,0.0,0.0,0.0,1.0,1.0,0.0,0.0,0.0,1.0
-0.45032668658918373,1.0820889924433894,-0.9261755128683135,0.010018711822792317,1.0,0.0,0.0,0.0,1.0,0.0,1.0,0.0,1.0,0.0,0.0,0.0,1.0
-1.0527256430848217,-0.7549303502873326,0.04495595153479987,0.010018711822792317,0.0,0.0,1.0,0.0,1.0,0.0,1.0,0.0,0.0,1.0,0.0,0.0,1.0
1.4238034002861346,-1.2383564931112068,1.068241267647802,0.010018711822792317,0.0,1.0,0.0,1.0,0.0,0.0,0.0,1.0,0.0,1.0,1.0,0.0,0.0
-0.24952703442397103,-0.8516155788521075,-0.5964026966719382,0.7130862081590905,0.0,1.0,0.0,0.0,1.0,0.0,1.0,0.0,1.0,0.0,0.0,1.0,0.0
-1.0527256430848217,-0.80327296456972,-1.2530063169169514,0.7130862081590905,1.0,0.0,0.0,0.0,0.0,1.0,1.0,0.0,0.0,1.0,1.0,0.0,0.0
1.557669835062943,0.21192193536041581,0.3642979973891973,-0.6930487845135059,1.0,0.0,0.0,0.0,1.0,0.0,0.0,1.0,0.0,1.0,0.0,1.0,0.0
0.7544712264020923,0.8403759210314523,-1.1222205041675373,0.010018711822792317,1.0,0.0,0.0,1.0,0.0,0.0,1.0,0.0,1.0,0.0,0.0,0.0,1.0
-0.31646025181237525,-0.2715042074634584,-0.1952192219804841,0.010018711822792317,0.0,0.0,1.0,0.0,1.0,0.0,0.0,1.0,1.0,0.0,0.0,1.0,0.0
-0.1156605996471626,0.9370611495962271,-1.547742442990273,0.7130862081590905,0.0,1.0,0.0,0.0,1.0,0.0,0.0,1.0,1.0,0.0,0.0,1.0,0.0
0.955270878567305,1.5655151352672636,-0.6945589201464474,1.4161537044953887,1.0,0.0,0.0,0.0,0.0,1.0,1.0,0.0,0.0,1.0,0.0,0.0,1.0
0.4867383568484754,-0.6099025074401704,0.006442337964420337,-0.6930487845135059,1.0,0.0,0.0,1.0,0.0,0.0,0.0,1.0,0.0,1.0,0.0,0.0,1.0
-1.3873917300268428,0.8403759210314523,-1.5883957017590074,-1.3961162808498042,0.0,1.0,0.0,1.0,0.0,0.0,0.0,1.0,1.0,0.0,0.0,1.0,0.0
0.5536715742368796,-1.1900138788288195,-1.6186181901857633,0.010018711822792317,1.0,0.0,0.0,0.0,1.0,0.0,1.0,0.0,1.0,0.0,1.0,0.0,0.0
-0.45032668658918373,1.1787742210081642,0.6908613457880408,2.8222886971679855,1.0,0.0,0.0,0.0,0.0,1.0,0.0,1.0,0.0,1.0,1.0,0.0,0.0
-0.048727382258758375,0.06689409251325355,-0.5750062446883939,0.010018711822792317,1.0,0.0,0.0,1.0,0.0,0.0,0.0,1.0,0.0,1.0,1.0,0.0,0.0
-1.6551245995804598,-1.2383564931112068,-0.43298729464761926,-0.6930487845135059,1.0,0.0,0.0,1.0,0.0,0.0,1.0,0.0,1.0,0.0,0.0,1.0,0.0
1.223003748120922,1.3238020638553265,0.291550060645147,0.7130862081590905,0.0,0.0,1.0,0.0,1.0,0.0,0.0,1.0,1.0,0.0,0.0,1.0,0.0
1.6915362698397514,-1.4317269502407566,0.9684803102745273,2.119221200831687,0.0,1.0,0.0,0.0,1.0,0.0,1.0,0.0,1.0,0.0,0.0,1.0,0.0
0.8214044437904965,-0.80327296456972,-1.6432241099668392,1.4161537044953887,0.0,1.0,0.0,1.0,0.0,0.0,0.0,1.0,1.0,0.0,1.0,0.0,0.0
1.6246030524513473,-0.9483008074168823,-0.3840429107352619,-0.6930487845135059,0.0,1.0,0.0,0.0,1.0,0.0,1.0,0.0,0.0,1.0,1.0,0.0,0.0
1.289936965509326,1.1787742210081642,-0.020303227015009938,0.7130862081590905,0.0,0.0,1.0,0.0,0.0,1.0,0.0,1.0,0.0,1.0,0.0,0.0,1.0
0.955270878567305,0.4052923924899655,-0.21982514176156,-0.6930487845135059,1.0,0.0,0.0,1.0,0.0,0.0,1.0,0.0,0.0,1.0,0.0,1.0,0.0
1.0891373133441133,-0.2715042074634584,-0.03822275555122827,-0.6930487845135059,1.0,0.0,0.0,1.0,0.0,0.0,0.0,1.0,0.0,1.0,0.0,0.0,1.0
-1.3873917300268428,0.21192193536041581,0.591902755364149,0.7130862081590905,1.0,0.0,0.0,0.0,1.0,0.0,1.0,0.0,1.0,0.0,0.0,1.0,0.0
-0.24952703442397103,-0.8999581931344949,1.2771241301371528,0.010018711822792317,1.0,0.0,0.0,0.0,1.0,0.0,0.0,1.0,1.0,0.0,1.0,0.0,0.0
1.3568701828977303,-0.80327296456972,-0.7533991631011939,-1.3961162808498042,0.0,1.0,0.0,0.0,0.0,1.0,1.0,0.0,0.0,1.0,0.0,1.0,0.0
-1.0527256430848217,-0.12647636461629613,1.0896377196313465,0.010018711822792317,1.0,0.0,0.0,1.0,0.0,0.0,0.0,1.0,1.0,0.0,1.0,0.0,0.0
1.4907366176745387,-1.1900138788288195,1.3290105261972476,-0.6930487845135059,0.0,1.0,0.0,0.0,1.0,0.0,0.0,1.0,0.0,1.0,0.0,1.0,0.0
-0.45032668658918373,-0.6582451217225578,0.8334152071284046,0.7130862081590905,0.0,0.0,1.0,0.0,1.0,0.0,1.0,0.0,0.0,1.0,0.0,1.0,0.0
-0.6511263387543964,-1.6250974073703062,-0.2968523689023191,-0.6930487845135059,1.0,0.0,0.0,0.0,0.0,1.0,1.0,0.0,0.0,1.0,0.0,1.0,0.0
-0.9188592083080133,0.7436906924666774,0.895732373530477,-0.6930487845135059,0.0,1.0,0.0,0.0,1.0,0.0,1.0,0.0,0.0,1.0,0.0,1.0,0.0
0.018205835129645846,1.710542978114426,1.246901641710396,0.7130862081590905,1.0,0.0,0.0,0.0,1.0,0.0,0.0,1.0,0.0,1.0,1.0,0.0,0.0
1.223003748120922,-1.6250974073703062,-0.34125000676817324,0.010018711822792317,1.0,0.0,0.0,1.0,0.0,0.0,0.0,1.0,0.0,1.0,0.0,0.0,1.0
-1.2535252952500344,0.69534807818429,-0.06844524397798474,-0.6930487845135059,0.0,0.0,1.0,0.0,0.0,1.0,1.0,0.0,1.0,0.0,1.0,0.0,0.0
1.6915362698397514,-0.22316159318107098,-0.7694465020888521,0.7130862081590905,0.0,1.0,0.0,0.0,1.0,0.0,0.0,1.0,1.0,0.0,0.0,1.0,0.0
-1.3873917300268428,0.01855147823086613,-0.8681376368629498,0.7130862081590905,0.0,0.0,1.0,1.0,0.0,0.0,0.0,1.0,1.0,0.0,1.0,0.0,0.0
0.5536715742368796,-1.3350417216759816,-0.5557494379032042,0.010018711822792317,0.0,0.0,1.0,0.0,1.0,0.0,1.0,0.0,0.0,1.0,1.0,0.0,0.0
1.289936965509326,-0.8999581931344949,-1.1446867787502588,0.010018711822792317,0.0,0.0,1.0,0.0,0.0,1.0,0.0,1.0,0.0,1.0,0.0,1.0,0.0
-0.048727382258758375,-0.5615598931577829,0.12759974732123952,-0.6930487845135059,1.0,0.0,0.0,0.0,1.0,0.0,0.0,1.0,0.0,1.0,0.0,0.0,1.0
-1.5881913821920555,0.9370611495962271,-1.1147317459732968,0.010018711822792317,1.0,0.0,0.0,0.0,0.0,1.0,0.0,1.0,1.0,0.0,0.0,1.0,0.0
0.4867383568484754,1.3721446781377138,-0.8446015396810512,-0.6930487845135059,0.0,0.0,1.0,1.0,0.0,0.0,0.0,1.0,0.0,1.0,1.0,0.0,0.0
1.557669835062943,0.9370611495962271,1.0452400817654919,-1.3961162808498042,0.0,0.0,1.0,0.0,1.0,0.0,1.0,0.0,1.0,0.0,1.0,0.0,0.0
0.6206047916252838,1.3721446781377138,-0.041699678998554465,-0.6930487845135059,1.0,0.0,0.0,0.0,0.0,1.0,1.0,0.0,1.0,0.0,0.0,1.0,0.0
0.4198051394600712,-1.2383564931112068,-1.3016832451795146,-1.3961162808498042,0.0,1.0,0.0,0.0,1.0,0.0,1.0,0.0,1.0,0.0,0.0,0.0,1.0
-1.722057816968864,0.7436906924666774,1.3038696951165831,0.010018711822792317,1.0,0.0,0.0,1.0,0.0,0.0,1.0,0.0,1.0,0.0,1.0,0.0,0.0
-0.24952703442397103,1.2271168352905517,0.5833441745707312,0.010018711822792317,1.0,0.0,0.0,1.0,0.0,0.0,1.0,0.0,0.0,1.0,0.0,1.0,0.0
-0.6511263387543964,1.6138577495496509,-0.8098323052077917,-1.3961162808498042,1.0,0.0,0.0,0.0,1.0,0.0,0.0,1.0,1.0,0.0,0.0,0.0,1.0
1.223003748120922,1.1304316067257767,-1.2417731796255906,0.010018711822792317,0.0,0.0,1.0,0.0,0.0,1.0,1.0,0.0,1.0,0.0,1.0,0.0,0.0
1.0891373133441133,0.5503202353371277,0.7521086895909364,2.119221200831687,0.0,1.0,0.0,0.0,0.0,1.0,1.0,0.0,1.0,0.0,1.0,0.0,0.0
0.4867383568484754,0.35694977820757806,-0.1179245391899306,-0.6930487845135059,1.0,0.0,0.0,0.0,1.0,0.0,1.0,0.0,0.0,1.0,1.0,0.0,0.0
1.3568701828977303,0.30860716392519066,-1.235086788380733,2.119221200831687,0.0,0.0,1.0,1.0,0.0,0.0,1.0,0.0,0.0,1.0,1.0,0.0,0.0
-0.5172599039775879,0.5503202353371277,0.4536281844204945,-0.6930487845135059,1.0,0.0,0.0,0.0,1.0,0.0,0.0,1.0,1.0,0.0,1.0,0.0,0.0
-1.454324947415247,1.1304316067257767,0.8026578074020595,-0.6930487845135059,1.0,0.0,0.0,0.0,0.0,1.0,1.0,0.0,1.0,0.0,0.0,0.0,1.0
-0.31646025181237525,1.033746378161002,-1.2562157847144833,0.010018711822792317,1.0,0.0,0.0,1.0,0.0,0.0,1.0,0.0,0.0,1.0,0.0,0.0,1.0
0.7544712264020923,-0.5615598931577829,0.7087808743242592,-1.3961162808498042,1.0,0.0,0.0,0.0,1.0,0.0,1.0,0.0,1.0,0.0,0.0,1.0,0.0
1.3568701828977303,0.8403759210314523,-0.7678417681900862,-0.6930487845135059,0.0,1.0,0.0,0.0,1.0,0.0,0.0,1.0,1.0,0.0,0.0,1.0,0.0
0.5536715742368796,-1.0449860359816572,1.6908780203689393,-1.3961162808498042,1.0,0.0,0.0,1.0,0.0,0.0,1.0,0.0,1.0,0.0,1.0,0.0,0.0
-1.722057816968864,0.11523670679564098,-0.9224311337711932,0.010018711822792317,1.0,0.0,0.0,0.0,0.0,1.0,0.0,1.0,0.0,1.0,1.0,0.0,0.0
-1.3204585126384387,1.4204872924201013,-0.4755127429649135,2.119221200831687,1.0,0.0,0.0,0.0,1.0,0.0,1.0,0.0,1.0,0.0,0.0,1.0,0.0
1.223003748120922,-0.9483008074168823,1.3006602273190513,-1.3961162808498042,0.0,1.0,0.0,0.0,1.0,0.0,0.0,1.0,0.0,1.0,1.0,0.0,0.0
-0.24952703442397103,1.4204872924201013,-0.7729234255361781,1.4161537044953887,1.0,0.0,0.0,1.0,0.0,0.0,0.0,1.0,0.0,1.0,1.0,0.0,0.0
-1.1865920778616301,1.710542978114426,-0.6081707452628875,1.4161537044953887,1.0,0.0,0.0,0.0,1.0,0.0,1.0,0.0,1.0,0.0,1.0,0.0,0.0
1.289936965509326,-1.6734400216526937,-1.1476287908979963,-1.3961162808498042,0.0,1.0,0.0,1.0,0.0,0.0,1.0,0.0,1.0,0.0,0.0,0.0,1.0
0.4867383568484754,0.8887185353138397,-0.5680523977937421,1.4161537044953887,0.0,1.0,0.0,1.0,0.0,0.0,0.0,1.0,1.0,0.0,0.0,1.0,0.0
1.557669835062943,-1.4800695645231439,-0.03929257815040565,0.010018711822792317,1.0,0.0,0.0,0.0,1.0,0.0,1.0,0.0,0.0,1.0,0.0,1.0,0.0
0.2859387046832627,0.9370611495962271,0.16932282868915044,-0.6930487845135059,1.0,0.0,0.0,1.0,0.0,0.0,0.0,1.0,1.0,0.0,0.0,1.0,0.0
0.35287192207166695,-0.8999581931344949,0.43116190983777297,0.010018711822792317,1.0,0.0,0.0,0.0,1.0,0.0,1.0,0.0,1.0,0.0,1.0,0.0,0.0
0.6875380090136881,1.4688299067024888,1.0652992555000647,0.7130862081590905,1.0,0.0,0.0,0.0,0.0,1.0,0.0,1.0,1.0,0.0,0.0,0.0,1.0
1.1560705307325176,-1.721782635935081,1.15141997473383,-0.6930487845135059,1.0,0.0,0.0,0.0,1.0,0.0,0.0,1.0,1.0,0.0,0.0,0.0,1.0
-0.9857924256964175,-1.6250974073703062,0.46272167651350055,-0.6930487845135059,1.0,0.0,0.0,1.0,0.0,0.0,1.0,0.0,1.0,0.0,1.0,0.0,0.0
0.6206047916252838,1.3721446781377138,0.042013939387062556,0.7130862081590905,1.0,0.0,0.0,0.0,1.0,0.0,0.0,1.0,1.0,0.0,0.0,1.0,0.0
-0.048727382258758375,-1.2383564931112068,-0.05400263888909222,0.7130862081590905,0.0,0.0,1.0,0.0,1.0,0.0,0.0,1.0,1.0,0.0,0.0,1.0,0.0
-0.048727382258758375,-1.2383564931112068,0.2418033097834067,1.4161537044953887,0.0,0.0,1.0,0.0,1.0,0.0,1.0,0.0,1.0,0.0,0.0,0.0,1.0
-0.24952703442397103,1.5655151352672636,0.7809938997687209,-1.3961162808498042,1.0,0.0,0.0,0.0,1.0,0.0,1.0,0.0,0.0,1.0,0.0,0.0,1.0
-1.2535252952500344,0.8887185353138397,0.08079500860723654,0.010018711822792317,0.0,1.0,0.0,1.0,0.0,0.0,0.0,1.0,1.0,0.0,1.0,0.0,0.0
-0.31646025181237525,0.7436906924666774,1.6593182536932114,0.010018711822792317,1.0,0.0,0.0,0.0,1.0,0.0,0.0,1.0,1.0,0.0,0.0,0.0,1.0
-1.3873917300268428,-0.22316159318107098,-0.1139127044430159,0.010018711822792317,1.0,0.0,0.0,0.0,1.0,0.0,1.0,0.0,1.0,0.0,1.0,0.0,0.0
1.6246030524513473,0.30860716392519066,0.13642578376445147,-0.6930487845135059,1.0,0.0,0.0,0.0,0.0,1.0,0.0,1.0,0.0,1.0,0.0,1.0,0.0
-0.9857924256964175,0.11523670679564098,1.5354862878384492,0.7130862081590905,0.0,1.0,0.0,1.0,0.0,0.0,0.0,1.0,1.0,0.0,0.0,1.0,0.0
-0.1156605996471626,1.275459449572939,1.1540945312317734,-0.6930487845135059,1.0,0.0,0.0,0.0,0.0,1.0,1.0,0.0,0.0,1.0,1.0,0.0,0.0
-0.3833934692007795,0.21192193536041581,-0.3519482327599455,0.010018711822792317,0.0,0.0,1.0,0.0,1.0,0.0,0.0,1.0,1.0,0.0,0.0,1.0,0.0
0.2859387046832627,-0.6582451217225578,0.8181702350901291,0.7130862081590905,0.0,1.0,0.0,0.0,1.0,0.0,0.0,1.0,1.0,0.0,1.0,0.0,0.0
0.35287192207166695,-1.2866991073935943,-0.8585092334703549,-0.6930487845135059,1.0,0.0,0.0,0.0,0.0,1.0,1.0,0.0,0.0,1.0,1.0,0.0,0.0
-0.5841931213659922,-0.80327296456972,-1.72533299445369,-0.6930487845135059,0.0,0.0,1.0,0.0,1.0,0.0,1.0,0.0,1.0,0.0,0.0,0.0,1.0
1.4238034002861346,0.8403759210314523,0.7499690443925819,0.7130862081590905,1.0,0.0,0.0,0.0,1.0,0.0,1.0,0.0,0.0,1.0,0.0,1.0,0.0
-0.3833934692007795,1.517172520984876,1.5659762319149995,-1.3961162808498042,1.0,0.0,0.0,0.0,1.0,0.0,1.0,0.0,0.0,1.0,1.0,0.0,0.0
1.557669835062943,-0.5615598931577829,-1.6373400856713647,2.119221200831687,1.0,0.0,0.0,0.0,1.0,0.0,0.0,1.0,1.0,0.0,0.0,1.0,0.0
1.289936965509326,1.1787742210081642,1.5440448686318666,0.7130862081590905,1.0,0.0,0.0,0.0,1.0,0.0,0.0,1.0,1.0,0.0,0.0,1.0,0.0
-0.048727382258758375,-1.3350417216759816,1.0334720331745426,-0.6930487845135059,1.0,0.0,0.0,0.0,1.0,0.0,1.0,0.0,0.0,1.0,0.0,0.0,1.0
0.018205835129645846,1.1787742210081642,-0.516700913033236,-0.6930487845135059,0.0,0.0,1.0,0.0,1.0,0.0,1.0,0.0,0.0,1.0,0.0,0.0,1.0
-1.119658860473226,-0.6582451217225578,-0.3789612533891702,-1.3961162808498042,1.0,0.0,0.0,0.0,1.0,0.0,1.0,0.0,1.0,0.0,1.0,0.0,0.0
0.8883376611789008,-1.141671264546432,1.5341490095894774,0.010018711822792317,0.0,1.0,0.0,0.0,1.0,0.0,1.0,0.0,0.0,1.0,0.0,0.0,1.0
-0.31646025181237525,-0.22316159318107098,-1.4648311915540393,-0.6930487845135059,1.0,0.0,0.0,0.0,1.0,0.0,0.0,1.0,1.0,0.0,0.0,0.0,1.0
1.6246030524513473,0.7436906924666774,-0.07325944567428198,-0.6930487845135059,0.0,0.0,1.0,1.0,0.0,0.0,1.0,0.0,1.0,0.0,0.0,0.0,1.0
0.6875380090136881,0.9854037638786145,-0.28347958641260396,0.7130862081590905,1.0,0.0,0.0,0.0,0.0,1.0,1.0,0.0,1.0,0.0,0.0,0.0,1.0
-0.45032668658918373,1.517172520984876,-0.8587766891201493,0.010018711822792317,1.0,0.0,0.0,0.0,1.0,0.0,0.0,1.0,1.0,0.0,0.0,1.0,0.0
0.8883376611789008,1.4688299067024888,1.4988448638166296,0.010018711822792317,0.0,1.0,0.0,1.0,0.0,0.0,0.0,1.0,1.0,0.0,1.0,0.0,0.0
0.15207226990645428,1.6622003638320384,0.6427193288250663,-0.6930487845135059,1.0,0.0,0.0,0.0,0.0,1.0,0.0,1.0,1.0,0.0,0.0,1.0,0.0
-0.9188592083080133,0.30860716392519066,-0.8756263950571903,0.7130862081590905,0.0,0.0,1.0,0.0,0.0,1.0,1.0,0.0,0.0,1.0,1.0,0.0,0.0
0.8214044437904965,-0.36818943602823323,0.6371027601793862,-0.6930487845135059,1.0,0.0,0.0,0.0,0.0,1.0,1.0,0.0,0.0,1.0,0.0,1.0,0.0
-0.18259381703556682,-0.2715042074634584,-0.21768549656320563,0.7130862081590905,1.0,0.0,0.0,0.0,1.0,0.0,0.0,1.0,0.0,1.0,0.0,1.0,0.0
1.223003748120922,-0.12647636461629613,-1.3495578064926947,2.119221200831687,0.0,1.0,0.0,0.0,1.0,0.0,0.0,1.0,1.0,0.0,1.0,0.0,0.0
1.557669835062943,0.6470054639019026,0.6250672559386425,0.010018711822792317,1.0,0.0,0.0,1.0,0.0,0.0,0.0,1.0,1.0,0.0,1.0,0.0,0.0
-0.7849927735312048,1.6622003638320384,-1.1454891456996419,-0.6930487845135059,0.0,1.0,0.0,1.0,0.0,0.0,1.0,0.0,1.0,0.0,0.0,0.0,1.0
-0.3833934692007795,-1.0933286502640445,-0.2802701186150722,-1.3961162808498042,0.0,0.0,1.0,1.0,0.0,0.0,1.0,0.0,1.0,0.0,0.0,1.0,0.0
-0.3833934692007795,0.5503202353371277,0.21372046655500498,-0.6930487845135059,1.0,0.0,0.0,1.0,0.0,0.0,1.0,0.0,1.0,0.0,1.0,0.0,0.0
0.4867383568484754,0.9370611495962271,-1.358651298585701,1.4161537044953887,0.0,1.0,0.0,0.0,0.0,1.0,1.0,0.0,1.0,0.0,0.0,1.0,0.0
-0.8519259909196091,1.1304316067257767,-0.029396719108016323,2.119221200831687,1.0,0.0,0.0,0.0,1.0,0.0,1.0,0.0,0.0,1.0,0.0,0.0,1.0
0.35287192207166695,-0.80327296456972,0.307597399632805,-0.6930487845135059,1.0,0.0,0.0,1.0,0.0,0.0,1.0,0.0,0.0,1.0,0.0,1.0,0.0
0.4867383568484754,-0.9966434216992697,-0.15911270925825338,0.010018711822792317,0.0,0.0,1.0,0.0,1.0,0.0,1.0,0.0,1.0,0.0,0.0,0.0,1.0
0.4867383568484754,-1.2383564931112068,-1.5942797260544819,1.4161537044953887,0.0,0.0,1.0,0.0,0.0,1.0,0.0,1.0,0.0,1.0,1.0,0.0,0.0
-0.7849927735312048,1.3721446781377138,-1.4739246836470457,-1.3961162808498042,1.0,0.0,0.0,1.0,0.0,0.0,0.0,1.0,1.0,0.0,1.0,0.0,0.0
-1.3204585126384387,-1.6734400216526937,-0.6247529955501344,0.010018711822792317,0.0,0.0,1.0,0.0,1.0,0.0,1.0,0.0,0.0,1.0,1.0,0.0,0.0
0.5536715742368796,-0.7549303502873326,-1.2548785064655115,0.010018711822792317,0.0,1.0,0.0,0.0,1.0,0.0,1.0,0.0,1.0,0.0,0.0,1.0,0.0
-0.9857924256964175,0.7436906924666774,1.5293348078931799,-1.3961162808498042,0.0,0.0,1.0,0.0,1.0,0.0,0.0,1.0,1.0,0.0,1.0,0.0,0.0
-1.5212581648036514,-1.2383564931112068,0.5071193143793551,-0.6930487845135059,0.0,1.0,0.0,0.0,1.0,0.0,1.0,0.0,1.0,0.0,0.0,0.0,1.0
1.4907366176745387,-1.5767547930879187,-0.9804690097765569,0.7130862081590905,0.0,0.0,1.0,1.0,0.0,0.0,1.0,0.0,1.0,0.0,1.0,0.0,0.0
1.6246030524513473,-0.5132172788753955,-0.829356567642776,-0.6930487845135059,0.0,1.0,0.0,0.0,1.0,0.0,1.0,0.0,1.0,0.0,0.0,0.0,1.0
1.6246030524513473,-0.9966434216992697,1.3458602321342885,0.010018711822792317,1.0,0.0,0.0,1.0,0.0,0.0,0.0,1.0,0.0,1.0,0.0,1.0,0.0
0.08513905251805007,1.710542978114426,0.01633819700680928,2.119221200831687,1.0,0.0,0.0,1.0,0.0,0.0,0.0,1.0,1.0,0.0,0.0,1.0,0.0
-1.454324947415247,0.6470054639019026,1.1281513332017261,-1.3961162808498042,1.0,0.0,0.0,0.0,0.0,1.0,1.0,0.0,0.0,1.0,0.0,0.0,1.0
-0.1156605996471626,-0.80327296456972,-0.596135241022144,-0.6930487845135059,1.0,0.0,0.0,1.0,0.0,0.0,0.0,1.0,1.0,0.0,1.0,0.0,0.0
1.289936965509326,0.9370611495962271,0.07357370606279008,-0.6930487845135059,1.0,0.0,0.0,0.0,1.0,0.0,0.0,1.0,0.0,1.0,1.0,0.0,0.0
0.955270878567305,-0.2715042074634584,0.23993112023484636,0.010018711822792317,1.0,0.0,0.0,0.0,1.0,0.0,1.0,0.0,0.0,1.0,0.0,1.0,0.0
0.6206047916252838,-0.4648746645930081,-0.4139979435122236,-0.6930487845135059,0.0,0.0,1.0,0.0,0.0,1.0,0.0,1.0,1.0,0.0,0.0,0.0,1.0
-1.5881913821920555,-0.4165320503106206,-0.28000266296527815,1.4161537044953887,0.0,1.0,0.0,0.0,0.0,1.0,1.0,0.0,0.0,1.0,0.0,0.0,1.0
0.6875380090136881,1.6622003638320384,-0.27679319516774636,0.7130862081590905,0.0,1.0,0.0,0.0,1.0,0.0,0.0,1.0,0.0,1.0,0.0,1.0,0.0
-1.6551245995804598,1.710542978114426,-0.843531717081874,0.7130862081590905,0.0,0.0,1.0,1.0,0.0,0.0,1.0,0.0,0.0,1.0,0.0,0.0,1.0
-0.1156605996471626,0.7436906924666774,-0.19281212113233528,-0.6930487845135059,1.0,0.0,0.0,0.0,1.0,0.0,0.0,1.0,1.0,0.0,0.0,0.0,1.0
0.35287192207166695,0.5986628496195152,-0.9312571702144051,-0.6930487845135059,1.0,0.0,0.0,0.0,0.0,1.0,1.0,0.0,1.0,0.0,0.0,0.0,1.0
-1.0527256430848217,-0.17481897889868356,0.7181418220670599,0.010018711822792317,1.0,0.0,0.0,0.0,1.0,0.0,0.0,1.0,1.0,0.0,0.0,0.0,1.0
-0.3833934692007795,-0.9966434216992697,1.2749844849387981,0.010018711822792317,1.0,0.0,0.0,1.0,0.0,0.0,0.0,1.0,0.0,1.0,0.0,1.0,0.0
1.0891373133441133,-0.4165320503106206,-0.29043343330725596,-0.6930487845135059,1.0,0.0,0.0,1.0,0.0,0.0,0.0,1.0,1.0,0.0,0.0,1.0,0.0
0.2859387046832627,-0.9966434216992697,-1.16340867423586,0.7130862081590905,0.0,0.0,1.0,0.0,0.0,1.0,1.0,0.0,1.0,0.0,0.0,0.0,1.0
-0.6511263387543964,1.4688299067024888,-0.9440950414045318,0.010018711822792317,1.0,0.0,0.0,1.0,0.0,0.0,1.0,0.0,0.0,1.0,0.0,1.0,0.0
0.21900548729485853,-1.721782635935081,-1.6737140540433897,3.5253561935042836,1.0,0.0,0.0,0.0,1.0,0.0,1.0,0.0,0.0,1.0,0.0,0.0,1.0
1.6246030524513473,-0.17481897889868356,0.08881867810106554,2.119221200831687,0.0,0.0,1.0,0.0,1.0,0.0,0.0,1.0,1.0,0.0,0.0,0.0,1.0
0.7544712264020923,0.4052923924899655,1.5796164700545094,-1.3961162808498042,0.0,0.0,1.0,0.0,0.0,1.0,1.0,0.0,0.0,1.0,0.0,0.0,1.0
1.0222040959557093,-1.721782635935081,-1.6541897916084056,-1.3961162808498042,0.0,1.0,0.0,0.0,1.0,0.0,0.0,1.0,0.0,1.0,0.0,0.0,1.0
-0.9857924256964175,-1.2866991073935943,0.37820569117850095,0.010018711822792317,0.0,1.0,0.0,1.0,0.0,0.0,0.0,1.0,0.0,1.0,0.0,0.0,1.0
-0.7849927735312048,1.3238020638553265,-1.5020075268754474,2.119221200831687,1.0,0.0,0.0,0.0,1.0,0.0,1.0,0.0,1.0,0.0,0.0,0.0,1.0
0.5536715742368796,-1.2866991073935943,-1.193363707012822,0.010018711822792317,1.0,0.0,0.0,0.0,1.0,0.0,1.0,0.0,0.0,1.0,1.0,0.0,0.0
0.5536715742368796,-1.2383564931112068,-1.65632943680676,2.119221200831687,1.0,0.0,0.0,0.0,1.0,0.0,0.0,1.0,1.0,0.0,1.0,0.0,0.0
-1.1865920778616301,-0.4648746645930081,0.687384422340715,1.4161537044953887,0.0,1.0,0.0,0.0,1.0,0.0,1.0,0.0,1.0,0.0,0.0,0.0,1.0
0.21900548729485853,-0.2715042074634584,1.0390886018202232,-0.6930487845135059,0.0,1.0,0.0,0.0,1.0,0.0,1.0,0.0,1.0,0.0,1.0,0.0,0.0
1.289936965509326,0.4052923924899655,-0.6319742980945805,0.7130862081590905,0.0,0.0,1.0,1.0,0.0,0.0,1.0,0.0,0.0,1.0,0.0,0.0,1.0
1.4907366176745387,0.2602645496428032,0.8058672751995913,0.7130862081590905,1.0,0.0,0.0,0.0,0.0,1.0,0.0,1.0,0.0,1.0,0.0,1.0,0.0
0.21900548729485853,0.5503202353371277,-0.0938535307084432,0.010018711822792317,0.0,1.0,0.0,0.0,1.0,0.0,0.0,1.0,1.0,0.0,1.0,0.0,0.0
1.0891373133441133,0.6470054639019026,-0.4217541573562585,-0.6930487845135059,0.0,1.0,0.0,0.0,1.0,0.0,1.0,0.0,0.0,1.0,0.0,0.0,1.0
0.6206047916252838,-1.141671264546432,1.4811927909302058,-0.6930487845135059,0.0,1.0,0.0,0.0,1.0,0.0,0.0,1.0,0.0,1.0,1.0,0.0,0.0
-0.3833934692007795,-0.4165320503106206,-0.9004997704880604,-0.6930487845135059,0.0,0.0,1.0,0.0,1.0,0.0,1.0,0.0,1.0,0.0,1.0,0.0,0.0
-0.9857924256964175,0.4052923924899655,0.8042625413008254,0.010018711822792317,1.0,0.0,0.0,1.0,0.0,0.0,1.0,0.0,1.0,0.0,0.0,0.0,1.0
0.4198051394600712,-0.7549303502873326,1.2613442467992888,0.7130862081590905,0.0,0.0,1.0,0.0,1.0,0.0,1.0,0.0,1.0,0.0,1.0,0.0,0.0
0.8214044437904965,0.5503202353371277,-0.10936595839651271,1.4161537044953887,0.0,1.0,0.0,0.0,1.0,0.0,1.0,0.0,0.0,1.0,0.0,1.0,0.0
0.8214044437904965,1.517172520984876,1.5603596632693195,0.7130862081590905,1.0,0.0,0.0,0.0,0.0,1.0,1.0,0.0,1.0,0.0,0.0,0.0,1.0
1.557669835062943,0.5503202353371277,0.2637346730665393,-0.6930487845135059,0.0,1.0,0.0,0.0,1.0,0.0,0.0,1.0,1.0,0.0,0.0,1.0,0.0
-1.1865920778616301,-0.6582451217225578,0.7186767333666485,0.7130862081590905,0.0,0.0,1.0,0.0,1.0,0.0,1.0,0.0,0.0,1.0,0.0,1.0,0.0
1.6246030524513473,-0.5615598931577829,0.8211122472378664,-1.3961162808498042,1.0,0.0,0.0,0.0,0.0,1.0,0.0,1.0,1.0,0.0,1.0,0.0,0.0
0.018205835129645846,1.6622003638320384,0.11395950918172994,-0.6930487845135059,1.0,0.0,0.0,0.0,1.0,0.0,0.0,1.0,0.0,1.0,1.0,0.0,0.0
1.4238034002861346,-0.36818943602823323,1.1345702687967891,-0.6930487845135059,1.0,0.0,0.0,0.0,1.0,0.0,1.0,0.0,0.0,1.0,0.0,0.0,1.0
-0.6511263387543964,-1.5767547930879187,-0.1904050202841865,1.4161537044953887,1.0,0.0,0.0,1.0,0.0,0.0,1.0,0.0,0.0,1.0,0.0,0.0,1.0
-0.048727382258758375,-0.12647636461629613,0.9486885921897487,-0.6930487845135059,0.0,1.0,0.0,0.0,1.0,0.0,1.0,0.0,1.0,0.0,1.0,0.0,0.0
1.1560705307325176,0.9370611495962271,-1.5437306082433586,0.010018711822792317,0.0,1.0,0.0,1.0,0.0,0.0,1.0,0.0,1.0,0.0,0.0,1.0,0.0
-0.45032668658918373,1.710542978114426,1.7240425209434322,-0.6930487845135059,1.0,0.0,0.0,0.0,1.0,0.0,1.0,0.0,1.0,0.0,1.0,0.0,0.0
1.289936965509326,-0.36818943602823323,0.5983216909592122,0.010018711822792317,1.0,0.0,0.0,0.0,0.0,1.0,0.0,1.0,0.0,1.0,0.0,0.0,1.0
1.1560705307325176,-1.2383564931112068,1.3958744386458233,3.5253561935042836,0.0,0.0,1.0,0.0,0.0,1.0,0.0,1.0,0.0,1.0,0.0,1.0,0.0
-0.3833934692007795,1.0820889924433894,0.04843287498212569,0.7130862081590905,1.0,0.0,0.0,0.0,0.0,1.0,1.0,0.0,0.0,1.0,0.0,1.0,0.0
-0.9188592083080133,0.11523670679564098,1.0666365337490364,-1.3961162808498042,1.0,0.0,0.0,0.0,1.0,0.0,1.0,0.0,1.0,0.0,0.0,0.0,1.0
-1.0527256430848217,1.1304316067257767,-0.5814251802834572,-0.6930487845135059,1.0,0.0,0.0,0.0,1.0,0.0,0.0,1.0,1.0,0.0,0.0,1.0,0.0
-0.45032668658918373,0.4052923924899655,0.32524947251922925,1.4161537044953887,0.0,0.0,1.0,0.0,1.0,0.0,1.0,0.0,1.0,0.0,0.0,0.0,1.0
-1.1865920778616301,-0.5132172788753955,-0.5343529859196599,-0.6930487845135059,1.0,0.0,0.0,0.0,0.0,1.0,0.0,1.0,1.0,0.0,1.0,0.0,0.0
-0.5172599039775879,-1.0933286502640445,0.5726459485789593,1.4161537044953887,1.0,0.0,0.0,1.0,0.0,0.0,1.0,0.0,1.0,0.0,1.0,0.0,0.0
0.4867383568484754,-1.141671264546432,-1.3680122463285018,1.4161537044953887,1.0,0.0,0.0,0.0,0.0,1.0,0.0,1.0,1.0,0.0,0.0,0.0,1.0
1.0891373133441133,0.7436906924666774,0.618380864693785,0.7130862081590905,0.0,0.0,1.0,0.0,0.0,1.0,1.0,0.0,0.0,1.0,0.0,1.0,0.0
0.955270878567305,0.5986628496195152,0.8438459774703819,0.7130862081590905,0.0,0.0,1.0,1.0,0.0,0.0,1.0,0.0,0.0,1.0,0.0,0.0,1.0
0.21900548729485853,-0.2715042074634584,-0.8296240232925702,-1.3961162808498042,0.0,0.0,1.0,0.0,1.0,0.0,0.0,1.0,1.0,0.0,0.0,0.0,1.0
-0.3833934692007795,-0.17481897889868356,-0.5402370102151348,-0.6930487845135059,1.0,0.0,0.0,1.0,0.0,0.0,1.0,0.0,0.0,1.0,0.0,1.0,0.0
-0.7849927735312048,-0.5615598931577829,-1.1644784968350372,0.7130862081590905,0.0,1.0,0.0,0.0,1.0,0.0,1.0,0.0,1.0,0.0,0.0,1.0,0.0
1.4238034002861346,1.4688299067024888,1.1885963100552386,0.010018711822792317,0.0,1.0,0.0,0.0,0.0,1.0,1.0,0.0,1.0,0.0,0.0,1.0,0.0
1.4238034002861346,-1.3350417216759816,0.7676211172790058,-1.3961162808498042,0.0,1.0,0.0,1.0,0.0,0.0,1.0,0.0,1.0,0.0,1.0,0.0,0.0
0.6206047916252838,0.1635793210780284,1.7366129364837644,0.010018711822792317,1.0,0.0,0.0,1.0,0.0,0.0,0.0,1.0,0.0,1.0,1.0,0.0,0.0
-0.9857924256964175,0.8887185353138397,1.434922963515791,-1.3961162808498042,1.0,0.0,0.0,0.0,1.0,0.0,1.0,0.0,1.0,0.0,0.0,0.0,1.0
1.4238034002861346,-0.5615598931577829,0.2797820120541977,0.010018711822792317,1.0,0.0,0.0,0.0,1.0,0.0,0.0,1.0,1.0,0.0,1.0,0.0,0.0
1.1560705307325176,0.06689409251325355,0.18028851033071713,-0.6930487845135059,0.0,0.0,1.0,0.0,0.0,1.0,0.0,1.0,1.0,0.0,0.0,0.0,1.0
1.557669835062943,-0.12647636461629613,-0.4594654039772551,0.010018711822792317,0.0,1.0,0.0,0.0,0.0,1.0,1.0,0.0,0.0,1.0,0.0,1.0,0.0
0.35287192207166695,1.4204872924201013,1.0850909735848433,0.010018711822792317,0.0,0.0,1.0,1.0,0.0,0.0,1.0,0.0,1.0,0.0,0.0,1.0,0.0
-1.722057816968864,-1.141671264546432,-1.109382632977411,-0.6930487845135059,0.0,1.0,0.0,0.0,1.0,0.0,1.0,0.0,0.0,1.0,1.0,0.0,0.0
-0.7180595561428006,-0.9966434216992697,0.7218862011641802,-0.6930487845135059,1.0,0.0,0.0,0.0,1.0,0.0,0.0,1.0,1.0,0.0,0.0,1.0,0.0
1.6246030524513473,-1.5284121788055314,1.7192283192471354,0.010018711822792317,1.0,0.0,0.0,1.0,0.0,0.0,1.0,0.0,1.0,0.0,0.0,1.0,0.0
1.223003748120922,-0.7065877360049452,0.4365110228336591,0.7130862081590905,1.0,0.0,0.0,0.0,1.0,0.0,0.0,1.0,1.0,0.0,0.0,0.0,1.0
1.4907366176745387,-0.8516155788521075,1.5630342197672624,0.7130862081590905,0.0,1.0,0.0,0.0,1.0,0.0,1.0,0.0,0.0,1.0,1.0,0.0,0.0
0.5536715742368796,1.2271168352905517,-1.6782608000898929,0.7130862081590905,1.0,0.0,0.0,0.0,0.0,1.0,1.0,0.0,1.0,0.0,0.0,1.0,0.0
0.4198051394600712,-1.4800695645231439,-0.3062133166451199,0.7130862081590905,0.0,1.0,0.0,1.0,0.0,0.0,1.0,0.0,1.0,0.0,0.0,1.0,0.0
-0.3833934692007795,-0.6099025074401704,1.0299951097272169,0.010018711822792317,0.0,1.0,0.0,1.0,0.0,0.0,0.0,1.0,1.0,0.0,0.0,1.0,0.0
1.289936965509326,-0.17481897889868356,1.4924259282215662,0.010018711822792317,0.0,0.0,1.0,0.0,1.0,0.0,1.0,0.0,0.0,1.0,0.0,0.0,1.0
0.6875380090136881,0.8403759210314523,1.245831819111219,-0.6930487845135059,0.0,1.0,0.0,1.0,0.0,0.0,0.0,1.0,1.0,0.0,1.0,0.0,0.0
0.6206047916252838,1.710542978114426,-0.47230327516738174,-0.6930487845135059,1.0,0.0,0.0,0.0,0.0,1.0,0.0,1.0,0.0,1.0,0.0,0.0,1.0
1.4907366176745387,0.8887185353138397,-1.485692732237995,0.010018711822792317,1.0,0.0,0.0,1.0,0.0,0.0,0.0,1.0,1.0,0.0,0.0,1.0,0.0
0.7544712264020923,1.4688299067024888,0.2805843790035807,1.4161537044953887,0.0,0.0,1.0,1.0,0.0,0.0,0.0,1.0,1.0,0.0,1.0,0.0,0.0
0.018205835129645846,0.30860716392519066,1.6606555319421832,1.4161537044953887,0.0,0.0,1.0,0.0,1.0,0.0,1.0,0.0,1.0,0.0,1.0,0.0,0.0
1.3568701828977303,1.6138577495496509,0.14525182020766342,1.4161537044953887,1.0,0.0,0.0,0.0,1.0,0.0,0.0,1.0,1.0,0.0,0.0,1.0,0.0
-0.45032668658918373,-0.4648746645930081,1.432248407017848,1.4161537044953887,0.0,0.0,1.0,0.0,1.0,0.0,1.0,0.0,0.0,1.0,0.0,1.0,0.0
-1.0527256430848217,1.4204872924201013,-1.1944335296119992,1.4161537044953887,0.0,1.0,0.0,0.0,0.0,1.0,1.0,0.0,0.0,1.0,0.0,0.0,1.0
0.018205835129645846,0.35694977820757806,-0.4113233870142807,1.4161537044953887,1.0,0.0,0.0,0.0,1.0,0.0,1.0,0.0,1.0,0.0,0.0,0.0,1.0
1.1560705307325176,1.6138577495496509,1.4017584629412978,0.7130862081590905,1.0,0.0,0.0,1.0,0.0,0.0,1.0,0.0,1.0,0.0,0.0,0.0,1.0
0.15207226990645428,0.11523670679564098,0.11663406567967281,0.010018711822792317,1.0,0.0,0.0,0.0,0.0,1.0,1.0,0.0,1.0,0.0,0.0,0.0,1.0
1.4907366176745387,0.2602645496428032,-0.8381826040859879,1.4161537044953887,0.0,0.0,1.0,0.0,0.0,1.0,1.0,0.0,1.0,0.0,0.0,1.0,0.0
-1.2535252952500344,-0.07813375033390871,0.3584139730937227,0.010018711822792317,1.0,0.0,0.0,0.0,1.0,0.0,1.0,0.0,0.0,1.0,0.0,1.0,0.0
0.08513905251805007,1.2271168352905517,0.18135833292989412,-0.6930487845135059,1.0,0.0,0.0,0.0,0.0,1.0,0.0,1.0,1.0,0.0,0.0,1.0,0.0
0.35287192207166695,0.5503202353371277,-1.6525850577096397,-0.6930487845135059,1.0,0.0,0.0,0.0,0.0,1.0,0.0,1.0,1.0,0.0,1.0,0.0,0.0
1.6246030524513473,0.8887185353138397,-0.12915767648129137,0.010018711822792317,1.0,0.0,0.0,0.0,1.0,0.0,0.0,1.0,0.0,1.0,0.0,1.0,0.0
-0.5841931213659922,0.30860716392519066,-0.21982514176156,-1.3961162808498042,1.0,0.0,0.0,0.0,0.0,1.0,1.0,0.0,1.0,0.0,1.0,0.0,0.0
0.21900548729485853,-1.6734400216526937,1.10541760296921,-0.6930487845135059,0.0,1.0,0.0,0.0,1.0,0.0,1.0,0.0,0.0,1.0,0.0,0.0,1.0
0.8214044437904965,-0.6582451217225578,-0.6683482664666056,-1.3961162808498042,0.0,0.0,1.0,0.0,1.0,0.0,0.0,1.0,0.0,1.0,1.0,0.0,0.0
0.4198051394600712,0.7920333067490648,-0.009605001023238056,0.010018711822792317,0.0,1.0,0.0,0.0,1.0,0.0,1.0,0.0,1.0,0.0,0.0,0.0,1.0
-1.5212581648036514,1.4688299067024888,-0.5760760672875713,0.010018711822792317,0.0,1.0,0.0,0.0,1.0,0.0,0.0,1.0,1.0,0.0,0.0,1.0,0.0
0.955270878567305,1.710542978114426,0.12840211427062206,-0.6930487845135059,0.0,1.0,0.0,0.0,1.0,0.0,1.0,0.0,1.0,0.0,0.0,0.0,1.0
1.4907366176745387,1.1304316067257767,-0.04785115894382315,0.010018711822792317,1.0,0.0,0.0,1.0,0.0,0.0,1.0,0.0,0.0,1.0,0.0,1.0,0.0
-0.9857924256964175,-0.7549303502873326,-0.09920264370432932,0.7130862081590905,0.0,1.0,0.0,0.0,1.0,0.0,1.0,0.0,1.0,0.0,0.0,1.0,0.0
0.7544712264020923,-1.3350417216759816,-0.5990772531698813,1.4161537044953887,0.0,0.0,1.0,0.0,1.0,0.0,1.0,0.0,0.0,1.0,0.0,1.0,0.0
-0.8519259909196091,0.7436906924666774,-0.35221568840973994,0.010018711822792317,1.0,0.0,0.0,0.0,1.0,0.0,0.0,1.0,1.0,0.0,0.0,0.0,1.0
-0.7849927735312048,0.11523670679564098,0.0045701484158600205,0.010018711822792317,1.0,0.0,0.0,0.0,1.0,0.0,1.0,0.0,1.0,0.0,0.0,0.0,1.0
-0.18259381703556682,1.710542978114426,-1.09440511658893,0.010018711822792317,0.0,0.0,1.0,1.0,0.0,0.0,1.0,0.0,0.0,1.0,0.0,0.0,1.0
-0.24952703442397103,1.6622003638320384,0.894930006581094,0.010018711822792317,0.0,1.0,0.0,0.0,1.0,0.0,0.0,1.0,1.0,0.0,0.0,0.0,1.0
0.7544712264020923,1.2271168352905517,-0.23426774685045215,0.010018711822792317,0.0,1.0,0.0,0.0,1.0,0.0,1.0,0.0,0.0,1.0,0.0,1.0,0.0
-0.5841931213659922,-0.7065877360049452,1.2680306380441464,0.7130862081590905,0.0,1.0,0.0,1.0,0.0,0.0,1.0,0.0,1.0,0.0,0.0,1.0,0.0
0.8214044437904965,0.9370611495962271,0.37526367903076363,-0.6930487845135059,1.0,0.0,0.0,0.0,1.0,0.0,1.0,0.0,1.0,0.0,0.0,1.0,0.0
0.6206047916252838,-0.7065877360049452,0.057526367075132076,0.010018711822792317,1.0,0.0,0.0,1.0,0.0,0.0,0.0,1.0,0.0,1.0,0.0,1.0,0.0
0.15207226990645428,1.4204872924201013,0.9757016128189734,-0.6930487845135059,1.0,0.0,0.0,0.0,1.0,0.0,1.0,0.0,0.0,1.0,1.0,0.0,0.0
0.8883376611789008,-1.2866991073935943,1.7058555367574202,0.010018711822792317,0.0,1.0,0.0,0.0,1.0,0.0,1.0,0.0,1.0,0.0,0.0,0.0,1.0
1.4907366176745387,0.21192193536041581,0.639509861027535,0.010018711822792317,1.0,0.0,0.0,0.0,1.0,0.0,1.0,0.0,0.0,1.0,0.0,0.0,1.0
-0.3833934692007795,1.275459449572939,1.3808969222573422,1.4161537044953887,1.0,0.0,0.0,0.0,0.0,1.0,0.0,1.0,1.0,0.0,0.0,0.0,1.0
-0.8519259909196091,-0.4648746645930081,-1.271995668052347,2.119221200831687,1.0,0.0,0.0,1.0,0.0,0.0,1.0,0.0,1.0,0.0,0.0,0.0,1.0
0.6206047916252838,-0.7549303502873326,0.008849438812568774,-0.6930487845135059,1.0,0.0,0.0,1.0,0.0,0.0,0.0,1.0,1.0,0.0,0.0,1.0,0.0
-0.7849927735312048,-0.2715042074634584,-1.6734465983935953,0.010018711822792317,1.0,0.0,0.0,0.0,1.0,0.0,1.0,0.0,1.0,0.0,1.0,0.0,0.0
0.15207226990645428,-0.8516155788521075,0.4431974140785167,0.7130862081590905,1.0,0.0,0.0,1.0,0.0,0.0,1.0,0.0,0.0,1.0,0.0,1.0,0.0
0.6875380090136881,1.710542978114426,1.5237182392475,-0.6930487845135059,1.0,0.0,0.0,0.0,0.0,1.0,1.0,0.0,0.0,1.0,0.0,0.0,1.0
1.6915362698397514,1.4688299067024888,0.6218577881411107,0.010018711822792317,1.0,0.0,0.0,1.0,0.0,0.0,1.0,0.0,1.0,0.0,0.0,1.0,0.0
1.3568701828977303,0.5986628496195152,-0.8745565724580131,-0.6930487845135059,0.0,1.0,0.0,0.0,1.0,0.0,1.0,0.0,1.0,0.0,0.0,0.0,1.0
-1.0527256430848217,1.517172520984876,-1.6900288486808421,0.010018711822792317,0.0,1.0,0.0,0.0,1.0,0.0,1.0,0.0,1.0,0.0,0.0,0.0,1.0
0.7544712264020923,0.69534807818429,-0.0029186097783804868,-1.3961162808498042,0.0,1.0,0.0,1.0,0.0,0.0,1.0,0.0,1.0,0.0,0.0,0.0,1.0
1.223003748120922,0.4052923924899655,-0.16740383440187645,1.4161537044953887,0.0,0.0,1.0,0.0,1.0,0.0,1.0,0.0,1.0,0.0,0.0,0.0,1.0
-1.6551245995804598,1.710542978114426,-1.1355932866572525,-1.3961162808498042,1.0,0.0,0.0,0.0,0.0,1.0,1.0,0.0,1.0,0.0,1.0,0.0,0.0
-0.9857924256964175,0.1635793210780284,1.3568259137758547,0.010018711822792317,0.0,1.0,0.0,1.0,0.0,0.0,0.0,1.0,1.0,0.0,0.0,1.0,0.0
0.35287192207166695,-0.6582451217225578,-0.4172074113097553,-1.3961162808498042,1.0,0.0,0.0,0.0,1.0,0.0,1.0,0.0,1.0,0.0,1.0,0.0,0.0
0.15207226990645428,-0.36818943602823323,-1.34180159264866,-0.6930487845135059,1.0,0.0,0.0,0.0,1.0,0.0,1.0,0.0,1.0,0.0,0.0,0.0,1.0
0.08513905251805007,0.5986628496195152,1.291299279576251,-0.6930487845135059,1.0,0.0,0.0,0.0,0.0,1.0,1.0,0.0,0.0,1.0,0.0,0.0,1.0
0.6875380090136881,-0.7549303502873326,1.4544472259507755,0.7130862081590905,1.0,0.0,0.0,0.0,0.0,1.0,1.0,0.0,1.0,0.0,0.0,1.0,0.0
-0.1156605996471626,-0.80327296456972,-1.694308139077551,0.010018711822792317,1.0,0.0,0.0,1.0,0.0,0.0,0.0,1.0,1.0,0.0,0.0,0.0,1.0
-0.6511263387543964,-1.2866991073935943,-1.6207578353841177,0.010018711822792317,0.0,1.0,0.0,1.0,0.0,0.0,0.0,1.0,0.0,1.0,0.0,0.0,1.0
-1.3204585126384387,0.06689409251325355,0.7317820602065691,2.119221200831687,1.0,0.0,0.0,0.0,1.0,0.0,1.0,0.0,0.0,1.0,0.0,1.0,0.0
-1.3873917300268428,0.69534807818429,0.15595004619943528,0.010018711822792317,1.0,0.0,0.0,0.0,1.0,0.0,0.0,1.0,1.0,0.0,0.0,1.0,0.0
1.6246030524513473,-0.4165320503106206,-0.3431221963167336,0.7130862081590905,0.0,1.0,0.0,0.0,1.0,0.0,1.0,0.0,0.0,1.0,0.0,0.0,1.0
0.5536715742368796,-0.9483008074168823,1.618397539274683,-1.3961162808498042,0.0,1.0,0.0,0.0,1.0,0.0,1.0,0.0,1.0,0.0,1.0,0.0,0.0
-1.5881913821920555,1.1787742210081642,-1.0508098456724586,0.010018711822792317,1.0,0.0,0.0,0.0,1.0,0.0,1.0,0.0,0.0,1.0,1.0,0.0,0.0
1.289936965509326,-1.6734400216526937,-1.673981509693184,-1.3961162808498042,0.0,1.0,0.0,0.0,1.0,0.0,0.0,1.0,0.0,1.0,0.0,1.0,0.0
-0.6511263387543964,1.3721446781377138,-0.4447553432385685,0.010018711822792317,1.0,0.0,0.0,0.0,0.0,1.0,1.0,0.0,0.0,1.0,0.0,1.0,0.0
0.955270878567305,-0.02979113605152129,-1.6338631622240387,-0.6930487845135059,0.0,1.0,0.0,0.0,1.0,0.0,1.0,0.0,1.0,0.0,0.0,1.0,0.0
-0.8519259909196091,1.1787742210081642,1.3677915954174211,0.010018711822792317,1.0,0.0,0.0,0.0,1.0,0.0,1.0,0.0,1.0,0.0,0.0,0.0,1.0
-0.9188592083080133,-1.3350417216759816,1.0166223272375017,0.010018711822792317,0.0,1.0,0.0,0.0,0.0,1.0,0.0,1.0,1.0,0.0,0.0,0.0,1.0
0.35287192207166695,-1.1900138788288195,-0.7328050780670327,2.8222886971679855,1.0,0.0,0.0,0.0,1.0,0.0,1.0,0.0,1.0,0.0,0.0,1.0,0.0
1.3568701828977303,0.69534807818429,0.9149891803156668,-0.6930487845135059,1.0,0.0,0.0,1.0,0.0,0.0,0.0,1.0,0.0,1.0,1.0,0.0,0.0
0.7544712264020923,1.033746378161002,0.27550272165748857,0.010018711822792317,0.0,1.0,0.0,0.0,1.0,0.0,1.0,0.0,1.0,0.0,0.0,0.0,1.0
1.4238034002861346,1.1787742210081642,0.3656352756381687,2.119221200831687,0.0,1.0,0.0,0.0,0.0,1.0,1.0,0.0,1.0,0.0,0.0,1.0,0.0
-1.5881913821920555,1.2271168352905517,1.6601206206425942,-0.6930487845135059,1.0,0.0,0.0,1.0,0.0,0.0,1.0,0.0,1.0,0.0,1.0,0.0,0.0
-0.31646025181237525,-1.0449860359816572,-0.3399127285192018,0.010018711822792317,0.0,0.0,1.0,0.0,1.0,0.0,0.0,1.0,0.0,1.0,0.0,0.0,1.0
-1.2535252952500344,-1.6734400216526937,0.44212759147933933,-0.6930487845135059,1.0,0.0,0.0,0.0,1.0,0.0,1.0,0.0,1.0,0.0,0.0,1.0,0.0
-0.8519259909196091,1.1787742210081642,-1.5509519107878047,1.4161537044953887,1.0,0.0,0.0,0.0,1.0,0.0,0.0,1.0,0.0,1.0,0.0,1.0,0.0
-1.5881913821920555,-0.36818943602823323,0.3934506632167764,-0.6930487845135059,0.0,1.0,0.0,1.0,0.0,0.0,0.0,1.0,1.0,0.0,1.0,0.0,0.0
-1.2535252952500344,-0.22316159318107098,-0.776400348983504,0.010018711822792317,1.0,0.0,0.0,0.0,1.0,0.0,1.0,0.0,1.0,0.0,0.0,1.0,0.0
0.6206047916252838,0.9370611495962271,-0.6017518096678242,0.010018711822792317,1.0,0.0,0.0,1.0,0.0,0.0,0.0,1.0,0.0,1.0,0.0,1.0,0.0
1.6246030524513473,-0.5132172788753955,-1.0620429829638192,0.7130862081590905,0.0,1.0,0.0,0.0,0.0,1.0,1.0,0.0,1.0,0.0,0.0,1.0,0.0
0.018205835129645846,-0.6582451217225578,0.20328969621302714,-0.6930487845135059,1.0,0.0,0.0,1.0,0.0,0.0,0.0,1.0,0.0,1.0,0.0,1.0,0.0
0.08513905251805007,1.3238020638553265,0.8759406554456983,-0.6930487845135059,0.0,0.0,1.0,0.0,0.0,1.0,0.0,1.0,0.0,1.0,1.0,0.0,0.0
1.0891373133441133,1.3721446781377138,0.5504471296460318,-1.3961162808498042,0.0,1.0,0.0,0.0,1.0,0.0,0.0,1.0,1.0,0.0,0.0,0.0,1.0
0.6206047916252838,0.7436906924666774,-0.0877020507631745,0.7130862081590905,1.0,0.0,0.0,1.0,0.0,0.0,1.0,0.0,0.0,1.0,0.0,1.0,0.0
-0.45032668658918373,0.30860716392519066,-0.13664643467553186,0.010018711822792317,1.0,0.0,0.0,0.0,1.0,0.0,1.0,0.0,0.0,1.0,0.0,0.0,1.0
0.35287192207166695,0.5019776210547403,0.005105059715448519,1.4161537044953887,0.0,0.0,1.0,0.0,0.0,1.0,1.0,0.0,0.0,1.0,0.0,0.0,1.0
-0.45032668658918373,-0.8516155788521075,0.5734483155283419,-1.3961162808498042,0.0,0.0,1.0,0.0,1.0,0.0,1.0,0.0,1.0,0.0,0.0,0.0,1.0
-1.5212581648036514,1.0820889924433894,-1.307299813825195,-0.6930487845135059,0.0,0.0,1.0,0.0,1.0,0.0,0.0,1.0,0.0,1.0,0.0,0.0,1.0
-0.048727382258758375,-1.5767547930879187,-0.8486133744279657,0.010018711822792317,1.0,0.0,0.0,0.0,1.0,0.0,1.0,0.0,0.0,1.0,1.0,0.0,0.0
0.4198051394600712,-0.5132172788753955,-1.1313139962605439,-0.6930487845135059,1.0,0.0,0.0,0.0,1.0,0.0,1.0,0.0,0.0,1.0,0.0,1.0,0.0
-0.3833934692007795,1.4688299067024888,-1.7055412763689117,-0.6930487845135059,0.0,1.0,0.0,0.0,0.0,1.0,0.0,1.0,1.0,0.0,0.0,1.0,0.0
-0.24952703442397103,-0.7065877360049452,-0.35489024490768284,-1.3961162808498042,1.0,0.0,0.0,1.0,0.0,0.0,1.0,0.0,1.0,0.0,1.0,0.0,0.0
1.0891373133441133,1.4688299067024888,-0.7854938410765103,-1.3961162808498042,1.0,0.0,0.0,0.0,1.0,0.0,0.0,1.0,0.0,1.0,0.0,0.0,1.0
-1.1865920778616301,0.5503202353371277,1.5675809658137652,0.010018711822792317,1.0,0.0,0.0,0.0,1.0,0.0,1.0,0.0,0.0,1.0,0.0,1.0,0.0
1.6915362698397514,1.3721446781377138,1.1565016320799222,-1.3961162808498042,1.0,0.0,0.0,1.0,0.0,0.0,1.0,0.0,1.0,0.0,0.0,1.0,0.0
0.018205835129645846,0.01855147823086613,-1.2457850143725053,-0.6930487845135059,0.0,0.0,1.0,0.0,0.0,1.0,0.0,1.0,1.0,0.0,0.0,0.0,1.0
-0.31646025181237525,0.69534807818429,-0.5276665946748023,-0.6930487845135059,1.0,0.0,0.0,0.0,1.0,0.0,1.0,0.0,1.0,0.0,1.0,0.0,0.0
-0.24952703442397103,1.1304316067257767,0.3014459196875363,-0.6930487845135059,1.0,0.0,0.0,0.0,0.0,1.0,1.0,0.0,0.0,1.0,0.0,1.0,0.0
0.35287192207166695,1.275459449572939,1.6012803776878473,-1.3961162808498042,1.0,0.0,0.0,1.0,0.0,0.0,0.0,1.0,0.0,1.0,0.0,0.0,1.0
-0.18259381703556682,0.2602645496428032,1.6422010921063754,-0.6930487845135059,0.0,1.0,0.0,0.0,1.0,0.0,1.0,0.0,0.0,1.0,1.0,0.0,0.0
-1.2535252952500344,-0.9966434216992697,0.6288116350357628,0.7130862081590905,0.0,1.0,0.0,0.0,0.0,1.0,1.0,0.0,1.0,0.0,0.0,1.0,0.0
0.955270878567305,-1.6250974073703062,0.32123763777231457,0.010018711822792317,0.0,1.0,0.0,0.0,1.0,0.0,0.0,1.0,1.0,0.0,0.0,0.0,1.0
-0.9188592083080133,-0.6582451217225578,-0.36264645875171775,0.7130862081590905,0.0,0.0,1.0,1.0,0.0,0.0,0.0,1.0,1.0,0.0,1.0,0.0,0.0
1.4907366176745387,-0.6582451217225578,-1.4656335585034221,0.010018711822792317,1.0,0.0,0.0,0.0,1.0,0.0,1.0,0.0,0.0,1.0,0.0,0.0,1.0
-0.8519259909196091,-0.4648746645930081,-0.0762014578220193,0.010018711822792317,1.0,0.0,0.0,0.0,0.0,1.0,1.0,0.0,1.0,0.0,1.0,0.0,0.0
1.557669835062943,-0.2715042074634584,0.40923054655464,0.010018711822792317,0.0,0.0,1.0,0.0,0.0,1.0,1.0,0.0,1.0,0.0,1.0,0.0,0.0
0.018205835129645846,1.1304316067257767,0.5651571903847188,-0.6930487845135059,1.0,0.0,0.0,0.0,1.0,0.0,1.0,0.0,1.0,0.0,0.0,0.0,1.0
-0.6511263387543964,-0.7549303502873326,1.1920732335025643,0.010018711822792317,0.0,0.0,1.0,0.0,1.0,0.0,1.0,0.0,1.0,0.0,0.0,0.0,1.0
1.223003748120922,0.8403759210314523,-1.1922938844136448,1.4161537044953887,1.0,0.0,0.0,0.0,1.0,0.0,0.0,1.0,0.0,1.0,0.0,0.0,1.0
1.289936965509326,0.9854037638786145,0.7761796980724237,0.010018711822792317,0.0,1.0,0.0,0.0,1.0,0.0,1.0,0.0,1.0,0.0,1.0,0.0,0.0
-1.3873917300268428,0.8403759210314523,1.4878791821750632,-0.6930487845135059,0.0,0.0,1.0,0.0,1.0,0.0,1.0,0.0,1.0,0.0,0.0,1.0,0.0
0.6875380090136881,-0.8999581931344949,-0.15884525360845894,-0.6930487845135059,1.0,0.0,0.0,0.0,1.0,0.0,0.0,1.0,0.0,1.0,0.0,1.0,0.0
-0.048727382258758375,-1.721782635935081,-0.9296524363156395,0.010018711822792317,0.0,1.0,0.0,0.0,0.0,1.0,1.0,0.0,1.0,0.0,0.0,0.0,1.0
-1.6551245995804598,0.06689409251325355,0.12439027952370776,0.010018711822792317,0.0,0.0,1.0,1.0,0.0,0.0,0.0,1.0,1.0,0.0,1.0,0.0,0.0
1.4907366176745387,0.5019776210547403,-0.8480784631283771,0.010018711822792317,1.0,0.0,0.0,0.0,1.0,0.0,0.0,1.0,0.0,1.0,0.0,1.0,0.0
0.2859387046832627,1.0820889924433894,-1.3621282220330269,-0.6930487845135059,0.0,1.0,0.0,0.0,0.0,1.0,0.0,1.0,1.0,0.0,1.0,0.0,0.0
-1.722057816968864,-1.2383564931112068,0.6084850056513956,-0.6930487845135059,1.0,0.0,0.0,0.0,1.0,0.0,1.0,0.0,1.0,0.0,0.0,0.0,1.0
0.2859387046832627,1.517172520984876,-0.8828476976016365,-0.6930487845135059,1.0,0.0,0.0,1.0,0.0,0.0,1.0,0.0,0.0,1.0,0.0,1.0,0.0
1.6246030524513473,1.4688299067024888,-0.6782441255089949,0.010018711822792317,1.0,0.0,0.0,0.0,1.0,0.0,1.0,0.0,0.0,1.0,0.0,1.0,0.0
0.6875380090136881,0.5986628496195152,-0.9871554010214145,-0.6930487845135059,0.0,1.0,0.0,0.0,1.0,0.0,0.0,1.0,1.0,0.0,0.0,0.0,1.0
0.6875380090136881,-1.4800695645231439,-0.2794677516656896,0.7130862081590905,0.0,1.0,0.0,1.0,0.0,0.0,1.0,0.0,1.0,0.0,1.0,0.0,0.0
0.5536715742368796,0.9854037638786145,-0.5512026918567011,0.7130862081590905,0.0,1.0,0.0,1.0,0.0,0.0,0.0,1.0,0.0,1.0,0.0,1.0,0.0
0.955270878567305,-1.0449860359816572,1.183514652709147,0.010018711822792317,1.0,0.0,0.0,0.0,1.0,0.0,1.0,0.0,1.0,0.0,0.0,0.0,1.0
-1.722057816968864,-1.141671264546432,0.5809370737225824,0.7130862081590905,1.0,0.0,0.0,0.0,1.0,0.0,1.0,0.0,1.0,0.0,0.0,0.0,1.0
1.289936965509326,1.2271168352905517,0.04736305238294869,-0.6930487845135059,0.0,0.0,1.0,0.0,1.0,0.0,1.0,0.0,1.0,0.0,0.0,0.0,1.0
-0.24952703442397103,0.4536350067723529,1.4456211895075632,-0.6930487845135059,0.0,1.0,0.0,1.0,0.0,0.0,0.0,1.0,1.0,0.0,0.0,1.0,0.0
-0.6511263387543964,-0.9966434216992697,0.492944164940257,0.010018711822792317,1.0,0.0,0.0,0.0,0.0,1.0,1.0,0.0,0.0,1.0,0.0,0.0,1.0
0.6875380090136881,0.01855147823086613,0.2626648504673623,-0.6930487845135059,0.0,0.0,1.0,0.0,1.0,0.0,1.0,0.0,1.0,0.0,0.0,0.0,1.0
1.1560705307325176,0.69534807818429,-0.01308192447056387,0.010018711822792317,0.0,1.0,0.0,0.0,0.0,1.0,1.0,0.0,0.0,1.0,0.0,0.0,1.0
1.6246030524513473,-0.4648746645930081,-1.277344781048233,0.010018711822792317,1.0,0.0,0.0,0.0,0.0,1.0,0.0,1.0,1.0,0.0,0.0,0.0,1.0
0.6875380090136881,0.9370611495962271,-1.2104808685996573,-1.3961162808498042,1.0,0.0,0.0,0.0,0.0,1.0,1.0,0.0,1.0,0.0,0.0,1.0,0.0
1.6246030524513473,-1.2866991073935943,-0.7464453162065421,-0.6930487845135059,1.0,0.0,0.0,0.0,1.0,0.0,1.0,0.0,0.0,1.0,0.0,1.0,0.0
1.223003748120922,-1.4800695645231439,-0.883382608901225,-0.6930487845135059,1.0,0.0,0.0,0.0,0.0,1.0,1.0,0.0,0.0,1.0,1.0,0.0,0.0
-0.8519259909196091,-1.6250974073703062,0.6352305706308259,-0.6930487845135059,1.0,0.0,0.0,1.0,0.0,0.0,1.0,0.0,1.0,0.0,0.0,1.0,0.0
0.35287192207166695,-0.8999581931344949,-1.5445329751927417,0.7130862081590905,0.0,1.0,0.0,0.0,1.0,0.0,1.0,0.0,1.0,0.0,0.0,0.0,1.0
-0.45032668658918373,0.8887185353138397,0.4431974140785167,0.7130862081590905,1.0,0.0,0.0,0.0,1.0,0.0,1.0,0.0,1.0,0.0,0.0,0.0,1.0
0.35287192207166695,1.517172520984876,1.1934105117515355,1.4161537044953887,0.0,0.0,1.0,1.0,0.0,0.0,1.0,0.0,1.0,0.0,0.0,1.0,0.0
1.0222040959557093,0.5986628496195152,0.02409441085084423,0.010018711822792317,0.0,0.0,1.0,0.0,1.0,0.0,0.0,1.0,0.0,1.0,0.0,1.0,0.0
1.1560705307325176,1.1787742210081642,0.6665228816567593,-0.6930487845135059,0.0,0.0,1.0,1.0,0.0,0.0,1.0,0.0,0.0,1.0,0.0,1.0,0.0
-1.3204585126384387,-1.3350417216759816,-0.8443340840312568,-0.6930487845135059,0.0,1.0,0.0,0.0,1.0,0.0,1.0,0.0,0.0,1.0,0.0,1.0,0.0
-0.7849927735312048,0.9370611495962271,-0.14975176151545255,-1.3961162808498042,1.0,0.0,0.0,0.0,0.0,1.0,0.0,1.0,1.0,0.0,1.0,0.0,0.0
-0.8519259909196091,1.0820889924433894,0.6132992073476933,0.010018711822792317,1.0,0.0,0.0,0.0,0.0,1.0,1.0,0.0,0.0,1.0,0.0,1.0,0.0
-0.45032668658918373,0.9854037638786145,0.020350031753723973,2.119221200831687,1.0,0.0,0.0,0.0,0.0,1.0,1.0,0.0,1.0,0.0,0.0,0.0,1.0
0.955270878567305,-1.2383564931112068,-1.3554418307881693,2.119221200831687,1.0,0.0,0.0,1.0,0.0,0.0,0.0,1.0,0.0,1.0,0.0,0.0,1.0
-1.119658860473226,1.517172520984876,0.22120922474924548,-1.3961162808498042,1.0,0.0,0.0,0.0,1.0,0.0,0.0,1.0,1.0,0.0,0.0,1.0,0.0
0.6206047916252838,-1.0933286502640445,-0.11819199483972503,-1.3961162808498042,1.0,0.0,0.0,1.0,0.0,0.0,0.0,1.0,0.0,1.0,0.0,1.0,0.0
-0.24952703442397103,-0.4165320503106206,1.0000400769502549,0.010018711822792317,0.0,0.0,1.0,0.0,1.0,0.0,0.0,1.0,1.0,0.0,1.0,0.0,0.0
1.4907366176745387,0.4052923924899655,-0.14921685021586406,0.010018711822792317,1.0,0.0,0.0,1.0,0.0,0.0,1.0,0.0,0.0,1.0,0.0,0.0,1.0
0.8883376611789008,-0.80327296456972,-1.249261937819831,-1.3961162808498042,0.0,0.0,1.0,0.0,1.0,0.0,0.0,1.0,0.0,1.0,1.0,0.0,0.0
1.6246030524513473,-0.6099025074401704,1.1310933453494634,1.4161537044953887,1.0,0.0,0.0,0.0,1.0,0.0,1.0,0.0,0.0,1.0,1.0,0.0,0.0
0.6206047916252838,0.5986628496195152,-0.4626748717747869,-0.6930487845135059,0.0,1.0,0.0,0.0,0.0,1.0,1.0,0.0,1.0,0.0,0.0,1.0,0.0
-0.048727382258758375,-1.141671264546432,0.6609063130110792,1.4161537044953887,1.0,0.0,0.0,0.0,1.0,0.0,1.0,0.0,0.0,1.0,0.0,1.0,0.0
1.0222040959557093,1.4688299067024888,0.7903548475115214,0.010018711822792317,0.0,1.0,0.0,0.0,1.0,0.0,0.0,1.0,1.0,0.0,0.0,0.0,1.0
1.6915362698397514,-1.3350417216759816,0.6494057200699239,0.010018711822792317,1.0,0.0,0.0,0.0,0.0,1.0,1.0,0.0,0.0,1.0,0.0,1.0,0.0
-1.2535252952500344,-1.0449860359816572,1.1471406843371215,0.7130862081590905,1.0,0.0,0.0,1.0,0.0,0.0,0.0,1.0,0.0,1.0,0.0,1.0,0.0
0.35287192207166695,-0.80327296456972,-0.009872456673032116,-1.3961162808498042,0.0,1.0,0.0,1.0,0.0,0.0,0.0,1.0,0.0,1.0,1.0,0.0,0.0
1.4238034002861346,1.0820889924433894,-0.6440098023353241,0.7130862081590905,0.0,1.0,0.0,0.0,0.0,1.0,1.0,0.0,1.0,0.0,0.0,0.0,1.0
-0.24952703442397103,1.3238020638553265,-1.5217992449602256,0.010018711822792317,1.0,0.0,0.0,1.0,0.0,0.0,1.0,0.0,1.0,0.0,0.0,1.0,0.0
0.21900548729485853,1.3721446781377138,-0.15349614061257283,0.010018711822792317,1.0,0.0,0.0,0.0,0.0,1.0,1.0,0.0,1.0,0.0,0.0,1.0,0.0
-1.2535252952500344,-1.6734400216526937,1.4079099428865665,0.010018711822792317,1.0,0.0,0.0,1.0,0.0,0.0,1.0,0.0,0.0,1.0,0.0,1.0,0.0
-0.7180595561428006,-0.9966434216992697,-1.137732931855607,-1.3961162808498042,0.0,1.0,0.0,0.0,0.0,1.0,1.0,0.0,0.0,1.0,0.0,1.0,0.0
1.1560705307325176,0.01855147823086613,-0.6408003345377924,-0.6930487845135059,0.0,0.0,1.0,0.0,0.0,1.0,1.0,0.0,1.0,0.0,0.0,0.0,1.0
0.5536715742368796,-0.7549303502873326,0.786343012764607,-0.6930487845135059,0.0,1.0,0.0,0.0,1.0,0.0,0.0,1.0,1.0,0.0,0.0,1.0,0.0
-0.5172599039775879,-0.17481897889868356,-0.8654630803650069,0.7130862081590905,1.0,0.0,0.0,0.0,1.0,0.0,0.0,1.0,1.0,0.0,0.0,1.0,0.0
-0.048727382258758375,0.9370611495962271,1.216411697633846,-0.6930487845135059,1.0,0.0,0.0,0.0,1.0,0.0,0.0,1.0,0.0,1.0,1.0,0.0,0.0
0.15207226990645428,1.033746378161002,0.7759122424226292,-0.6930487845135059,1.0,0.0,0.0,1.0,0.0,0.0,1.0,0.0,0.0,1.0,0.0,1.0,0.0
-0.9857924256964175,1.4204872924201013,0.5758554163764907,-0.6930487845135059,1.0,0.0,0.0,0.0,1.0,0.0,1.0,0.0,0.0,1.0,0.0,0.0,1.0
-1.0527256430848217,0.06689409251325355,-0.10936595839651271,0.7130862081590905,0.0,1.0,0.0,0.0,1.0,0.0,1.0,0.0,1.0,0.0,0.0,0.0,1.0
-1.0527256430848217,1.4204872924201013,0.38221752592541564,-0.6930487845135059,1.0,0.0,0.0,1.0,0.0,0.0,0.0,1.0,1.0,0.0,0.0,0.0,1.0
-0.3833934692007795,1.4204872924201013,-0.4846062350579195,2.119221200831687,0.0,1.0,0.0,0.0,1.0,0.0,1.0,0.0,0.0,1.0,0.0,1.0,0.0
-0.8519259909196091,0.9854037638786145,-1.112859556424737,0.010018711822792317,0.0,0.0,1.0,0.0,1.0,0.0,1.0,0.0,1.0,0.0,0.0,1.0,0.0
-0.31646025181237525,-1.4800695645231439,-1.5795696653157951,-0.6930487845135059,0.0,1.0,0.0,0.0,1.0,0.0,1.0,0.0,0.0,1.0,0.0,1.0,0.0
0.35287192207166695,-1.0933286502640445,0.76414419383168,0.7130862081590905,1.0,0.0,0.0,0.0,1.0,0.0,0.0,1.0,1.0,0.0,1.0,0.0,0.0
0.5536715742368796,-0.7549303502873326,0.17066010693812225,-1.3961162808498042,0.0,0.0,1.0,0.0,0.0,1.0,1.0,0.0,1.0,0.0,0.0,1.0,0.0
0.35287192207166695,0.5019776210547403,0.9238152167588787,-0.6930487845135059,0.0,1.0,0.0,1.0,0.0,0.0,1.0,0.0,1.0,0.0,0.0,0.0,1.0
0.4867383568484754,-0.02979113605152129,-0.7044547791888365,0.010018711822792317,1.0,0.0,0.0,0.0,1.0,0.0,1.0,0.0,1.0,0.0,0.0,0.0,1.0
1.4907366176745387,-0.7065877360049452,-1.2709258454531698,0.010018711822792317,0.0,1.0,0.0,0.0,0.0,1.0,1.0,0.0,0.0,1.0,0.0,1.0,0.0
-1.5212581648036514,1.0820889924433894,1.2217608106297315,-0.6930487845135059,0.0,0.0,1.0,1.0,0.0,0.0,0.0,1.0,1.0,0.0,1.0,0.0,0.0
1.557669835062943,0.11523670679564098,-1.4177589971902418,1.4161537044953887,1.0,0.0,0.0,1.0,0.0,0.0,1.0,0.0,0.0,1.0,0.0,1.0,0.0
-0.24952703442397103,-0.8999581931344949,-1.6146063554388488,0.010018711822792317,0.0,1.0,0.0,1.0,0.0,0.0,1.0,0.0,1.0,0.0,0.0,1.0,0.0
-1.119658860473226,-1.0449860359816572,1.3811643779071363,-1.3961162808498042,0.0,1.0,0.0,0.0,0.0,1.0,1.0,0.0,1.0,0.0,0.0,0.0,1.0
1.6915362698397514,-1.0933286502640445,-0.00024405328043723134,1.4161537044953887,1.0,0.0,0.0,0.0,0.0,1.0,1.0,0.0,1.0,0.0,1.0,0.0,0.0
-1.3873917300268428,-1.0449860359816572,1.5758720909573887,-1.3961162808498042,1.0,0.0,0.0,1.0,0.0,0.0,1.0,0.0,0.0,1.0,0.0,1.0,0.0
-1.6551245995804598,-0.5132172788753955,-0.1882653750858321,-1.3961162808498042,0.0,0.0,1.0,0.0,1.0,0.0,0.0,1.0,1.0,0.0,0.0,1.0,0.0
0.15207226990645428,1.2271168352905517,0.3268542064179948,-0.6930487845135059,1.0,0.0,0.0,0.0,1.0,0.0,1.0,0.0,1.0,0.0,0.0,0.0,1.0
0.7544712264020923,-1.5767547930879187,1.679644883077578,0.010018711822792317,0.0,0.0,1.0,0.0,1.0,0.0,0.0,1.0,0.0,1.0,1.0,0.0,0.0
-0.5172599039775879,-0.36818943602823323,-0.09331861940885469,-0.6930487845135059,1.0,0.0,0.0,0.0,0.0,1.0,1.0,0.0,1.0,0.0,1.0,0.0,0.0
0.6206047916252838,-1.1900138788288195,-0.13450678947717748,-0.6930487845135059,0.0,1.0,0.0,0.0,0.0,1.0,0.0,1.0,0.0,1.0,0.0,0.0,1.0
0.21900548729485853,1.2271168352905517,1.197689802148245,0.010018711822792317,1.0,0.0,0.0,1.0,0.0,0.0,0.0,1.0,0.0,1.0,1.0,0.0,0.0
1.4907366176745387,1.0820889924433894,0.28620094764926085,-1.3961162808498042,1.0,0.0,0.0,0.0,1.0,0.0,1.0,0.0,1.0,0.0,0.0,0.0,1.0
0.08513905251805007,-0.22316159318107098,0.06153820182204638,0.010018711822792317,1.0,0.0,0.0,0.0,1.0,0.0,1.0,0.0,1.0,0.0,1.0,0.0,0.0
-0.7849927735312048,-1.5767547930879187,1.1367099139951435,-0.6930487845135059,1.0,0.0,0.0,1.0,0.0,0.0,1.0,0.0,0.0,1.0,0.0,0.0,1.0
0.08513905251805007,-0.7549303502873326,1.355221179877089,-0.6930487845135059,1.0,0.0,0.0,0.0,1.0,0.0,1.0,0.0,1.0,0.0,1.0,0.0,0.0
-1.0527256430848217,-0.07813375033390871,-0.9403506623074116,-1.3961162808498042,1.0,0.0,0.0,0.0,1.0,0.0,0.0,1.0,0.0,1.0,0.0,1.0,0.0
0.5536715742368796,0.9854037638786145,1.136175002695555,-0.6930487845135059,0.0,1.0,0.0,1.0,0.0,0.0,1.0,0.0,0.0,1.0,1.0,0.0,0.0
-0.18259381703556682,-0.5615598931577829,-1.3645353228811756,-0.6930487845135059,1.0,0.0,0.0,1.0,0.0,0.0,1.0,0.0,0.0,1.0,0.0,0.0,1.0
0.21900548729485853,1.4204872924201013,0.24394295498176105,0.010018711822792317,1.0,0.0,0.0,0.0,0.0,1.0,0.0,1.0,1.0,0.0,1.0,0.0,0.0
-1.6551245995804598,-1.5767547930879187,0.8098791099465056,0.010018711822792317,0.0,1.0,0.0,0.0,0.0,1.0,1.0,0.0,1.0,0.0,0.0,0.0,1.0
-1.1865920778616301,-0.80327296456972,-0.9687009611856077,1.4161537044953887,0.0,0.0,1.0,0.0,0.0,1.0,1.0,0.0,0.0,1.0,0.0,1.0,0.0
0.8214044437904965,-0.80327296456972,0.9216755715605244,-0.6930487845135059,0.0,1.0,0.0,1.0,0.0,0.0,0.0,1.0,1.0,0.0,0.0,0.0,1.0
-0.9188592083080133,0.6470054639019026,-1.4554702438112386,0.010018711822792317,0.0,0.0,1.0,0.0,1.0,0.0,1.0,0.0,1.0,0.0,0.0,1.0,0.0
0.6206047916252838,0.11523670679564098,-1.652852513359434,0.7130862081590905,0.0,1.0,0.0,1.0,0.0,0.0,1.0,0.0,0.0,1.0,0.0,1.0,0.0
0.8883376611789008,-0.8999581931344949,-1.4343412474774888,0.7130862081590905,1.0,0.0,0.0,0.0,1.0,0.0,0.0,1.0,0.0,1.0,0.0,1.0,0.0
-1.6551245995804598,-0.4648746645930081,-0.19120738723356942,0.7130862081590905,0.0,0.0,1.0,0.0,0.0,1.0,1.0,0.0,0.0,1.0,1.0,0.0,0.0
0.6875380090136881,-0.9483008074168823,-1.2618323533601634,0.7130862081590905,1.0,0.0,0.0,1.0,0.0,0.0,0.0,1.0,1.0,0.0,0.0,1.0,0.0
1.6915362698397514,0.7920333067490648,0.1730672077862707,2.119221200831687,0.0,0.0,1.0,1.0,0.0,0.0,1.0,0.0,1.0,0.0,1.0,0.0,0.0
0.4198051394600712,-1.383384335958369,-0.7245139529234093,0.7130862081590905,0.0,0.0,1.0,1.0,0.0,0.0,1.0,0.0,1.0,0.0,0.0,0.0,1.0
-1.454324947415247,-0.22316159318107098,-1.670504586245858,0.7130862081590905,1.0,0.0,0.0,1.0,0.0,0.0,1.0,0.0,0.0,1.0,0.0,0.0,1.0
0.955270878567305,1.6622003638320384,0.1709275625879163,0.010018711822792317,0.0,0.0,1.0,0.0,1.0,0.0,1.0,0.0,1.0,0.0,0.0,0.0,1.0
-0.3833934692007795,-1.2866991073935943,-0.03635056600266833,0.010018711822792317,1.0,0.0,0.0,0.0,0.0,1.0,1.0,0.0,1.0,0.0,1.0,0.0,0.0
-1.5881913821920555,0.35694977820757806,-0.8857897097493739,-0.6930487845135059,0.0,0.0,1.0,0.0,0.0,1.0,1.0,0.0,0.0,1.0,0.0,0.0,1.0
1.223003748120922,-1.721782635935081,1.090974997880318,-0.6930487845135059,0.0,1.0,0.0,0.0,0.0,1.0,1.0,0.0,1.0,0.0,0.0,0.0,1.0
-0.3833934692007795,1.033746378161002,1.4242247375240193,0.010018711822792317,1.0,0.0,0.0,0.0,0.0,1.0,0.0,1.0,1.0,0.0,0.0,1.0,0.0
-1.6551245995804598,-1.6250974073703062,-1.011493865152696,0.010018711822792317,1.0,0.0,0.0,0.0,1.0,0.0,1.0,0.0,1.0,0.0,0.0,0.0,1.0
-1.6551245995804598,-0.4165320503106206,-1.377105738421508,1.4161537044953887,1.0,0.0,0.0,0.0,1.0,0.0,1.0,0.0,1.0,0.0,0.0,1.0,0.0
-1.3204585126384387,1.0820889924433894,0.9569797173333722,-1.3961162808498042,1.0,0.0,0.0,0.0,0.0,1.0,1.0,0.0,0.0,1.0,0.0,0.0,1.0
-1.6551245995804598,-1.0449860359816572,-1.521264333660637,0.7130862081590905,1.0,0.0,0.0,1.0,0.0,0.0,1.0,0.0,0.0,1.0,1.0,0.0,0.0
-1.5212581648036514,-0.17481897889868356,-0.48968789240401156,0.010018711822792317,0.0,0.0,1.0,1.0,0.0,0.0,1.0,0.0,1.0,0.0,1.0,0.0,0.0
0.4198051394600712,-0.36818943602823323,1.555812917222816,-0.6930487845135059,0.0,1.0,0.0,1.0,0.0,0.0,0.0,1.0,0.0,1.0,0.0,1.0,0.0
0.15207226990645428,0.9370611495962271,-1.2193069050428693,-0.6930487845135059,1.0,0.0,0.0,0.0,1.0,0.0,1.0,0.0,0.0,1.0,0.0,0.0,1.0
-0.1156605996471626,0.8403759210314523,-1.0312855832374745,-1.3961162808498042,1.0,0.0,0.0,1.0,0.0,0.0,1.0,0.0,0.0,1.0,1.0,0.0,0.0
0.955270878567305,1.1304316067257767,0.524771387265779,-0.6930487845135059,1.0,0.0,0.0,0.0,1.0,0.0,1.0,0.0,0.0,1.0,0.0,1.0,0.0
-1.5212581648036514,0.2602645496428032,0.38569444937274144,-0.6930487845135059,1.0,0.0,0.0,0.0,1.0,0.0,1.0,0.0,0.0,1.0,0.0,1.0,0.0
0.5536715742368796,1.1787742210081642,-1.275740047149467,0.7130862081590905,1.0,0.0,0.0,0.0,1.0,0.0,1.0,0.0,0.0,1.0,0.0,0.0,1.0
0.6875380090136881,-0.5132172788753955,1.4191430801779277,1.4161537044953887,1.0,0.0,0.0,0.0,1.0,0.0,0.0,1.0,0.0,1.0,0.0,0.0,1.0
-0.7849927735312048,-1.1900138788288195,-1.2797518818963818,-0.6930487845135059,0.0,0.0,1.0,0.0,0.0,1.0,0.0,1.0,1.0,0.0,0.0,0.0,1.0
1.289936965509326,-1.721782635935081,1.67910997177799,2.119221200831687,0.0,1.0,0.0,0.0,1.0,0.0,1.0,0.0,1.0,0.0,1.0,0.0,0.0
-0.1156605996471626,0.9370611495962271,0.7036992169781674,1.4161537044953887,0.0,1.0,0.0,0.0,1.0,0.0,1.0,0.0,1.0,0.0,0.0,0.0,1.0
-0.24952703442397103,-1.6250974073703062,-1.2519364943177742,-0.6930487845135059,0.0,1.0,0.0,1.0,0.0,0.0,1.0,0.0,1.0,0.0,0.0,0.0,1.0
0.955270878567305,0.4052923924899655,-0.44422043193898003,0.7130862081590905,1.0,0.0,0.0,1.0,0.0,0.0,0.0,1.0,1.0,0.0,1.0,0.0,0.0
0.018205835129645846,-0.2715042074634584,-0.09064406291091182,0.010018711822792317,1.0,0.0,0.0,0.0,0.0,1.0,0.0,1.0,0.0,1.0,1.0,0.0,0.0
0.15207226990645428,0.01855147823086613,1.510612912407579,-0.6930487845135059,1.0,0.0,0.0,0.0,1.0,0.0,1.0,0.0,0.0,1.0,0.0,1.0,0.0
1.6246030524513473,0.9370611495962271,-1.6635507393512061,0.7130862081590905,0.0,1.0,0.0,0.0,0.0,1.0,1.0,0.0,1.0,0.0,0.0,1.0,0.0
-1.2535252952500344,0.7436906924666774,0.6304163689345286,-0.6930487845135059,1.0,0.0,0.0,0.0,1.0,0.0,0.0,1.0,0.0,1.0,0.0,0.0,1.0
0.6875380090136881,0.01855147823086613,0.6285441793859683,-1.3961162808498042,1.0,0.0,0.0,1.0,0.0,0.0,1.0,0.0,1.0,0.0,0.0,1.0,0.0
1.4238034002861346,0.7920333067490648,-1.208341223401303,-0.6930487845135059,1.0,0.0,0.0,1.0,0.0,0.0,0.0,1.0,1.0,0.0,0.0,0.0,1.0
0.7544712264020923,0.8403759210314523,-1.3244169754120303,0.7130862081590905,0.0,1.0,0.0,0.0,1.0,0.0,0.0,1.0,0.0,1.0,1.0,0.0,0.0
0.4867383568484754,0.5503202353371277,-0.08957424031173444,0.010018711822792317,0.0,0.0,1.0,0.0,0.0,1.0,1.0,0.0,1.0,0.0,0.0,1.0,0.0
1.1560705307325176,0.5503202353371277,-0.9197565772732502,-0.6930487845135059,0.0,1.0,0.0,0.0,1.0,0.0,0.0,1.0,0.0,1.0,1.0,0.0,0.0
1.0891373133441133,0.5019776210547403,0.7686909398781832,0.7130862081590905,1.0,0.0,0.0,0.0,1.0,0.0,1.0,0.0,0.0,1.0,0.0,0.0,1.0
0.4198051394600712,0.6470054639019026,0.15996188094634997,0.7130862081590905,0.0,0.0,1.0,0.0,0.0,1.0,1.0,0.0,0.0,1.0,0.0,0.0,1.0
1.3568701828977303,-0.8999581931344949,1.0711832797955392,0.7130862081590905,0.0,0.0,1.0,0.0,1.0,0.0,1.0,0.0,1.0,0.0,0.0,0.0,1.0
1.1560705307325176,1.033746378161002,-1.1789211019239296,-0.6930487845135059,0.0,0.0,1.0,0.0,0.0,1.0,0.0,1.0,0.0,1.0,0.0,1.0,0.0
-1.6551245995804598,-1.383384335958369,-1.6630158280516174,-1.3961162808498042,1.0,0.0,0.0,1.0,0.0,0.0,1.0,0.0,0.0,1.0,1.0,0.0,0.0
-0.6511263387543964,-1.3350417216759816,1.7026460689598883,0.7130862081590905,1.0,0.0,0.0,1.0,0.0,0.0,1.0,0.0,0.0,1.0,0.0,1.0,0.0
1.1560705307325176,0.2602645496428032,0.006442337964420337,-1.3961162808498042,0.0,1.0,0.0,0.0,1.0,0.0,1.0,0.0,1.0,0.0,1.0,0.0,0.0
-0.18259381703556682,0.6470054639019026,0.04495595153479987,-0.6930487845135059,1.0,0.0,0.0,0.0,1.0,0.0,1.0,0.0,1.0,0.0,0.0,1.0,0.0
-1.2535252952500344,-0.02979113605152129,0.6667903373065538,0.7130862081590905,0.0,1.0,0.0,1.0,0.0,0.0,1.0,0.0,1.0,0.0,0.0,0.0,1.0
-1.5212581648036514,-1.6734400216526937,-1.7060761876685002,2.119221200831687,1.0,0.0,0.0,0.0,0.0,1.0,0.0,1.0,1.0,0.0,0.0,1.0,0.0
-1.0527256430848217,1.4204872924201013,0.7317820602065691,-0.6930487845135059,1.0,0.0,0.0,1.0,0.0,0.0,1.0,0.0,1.0,0.0,0.0,0.0,1.0
-1.5881913821920555,1.6622003638320384,0.9369205435987994,-0.6930487845135059,1.0,0.0,0.0,0.0,0.0,1.0,0.0,1.0,0.0,1.0,0.0,1.0,0.0
-0.3833934692007795,-0.80327296456972,-0.23132573470271484,0.010018711822792317,1.0,0.0,0.0,1.0,0.0,0.0,1.0,0.0,0.0,1.0,0.0,0.0,1.0
0.08513905251805007,-0.80327296456972,-0.8264145554950386,0.010018711822792317,0.0,1.0,0.0,0.0,1.0,0.0,1.0,0.0,1.0,0.0,0.0,1.0,0.0
-1.5881913821920555,0.69534807818429,-0.3936713141278568,2.119221200831687,0.0,0.0,1.0,0.0,0.0,1.0,1.0,0.0,1.0,0.0,1.0,0.0,0.0
-0.8519259909196091,0.21192193536041581,0.6440566070740378,0.7130862081590905,0.0,1.0,0.0,0.0,0.0,1.0,1.0,0.0,0.0,1.0,0.0,0.0,1.0
0.4867383568484754,0.5503202353371277,-1.3129163824708754,-0.6930487845135059,0.0,0.0,1.0,1.0,0.0,0.0,0.0,1.0,1.0,0.0,0.0,1.0,0.0
-1.5212581648036514,0.01855147823086613,0.12546010212288475,0.010018711822792317,1.0,0.0,0.0,0.0,1.0,0.0,1.0,0.0,1.0,0.0,0.0,1.0,0.0
-1.5212581648036514,0.8403759210314523,0.3827524372250041,-0.6930487845135059,0.0,1.0,0.0,0.0,1.0,0.0,0.0,1.0,1.0,0.0,0.0,0.0,1.0
1.4238034002861346,1.275459449572939,0.13107667076856533,0.010018711822792317,0.0,0.0,1.0,1.0,0.0,0.0,1.0,0.0,1.0,0.0,0.0,0.0,1.0
-0.31646025181237525,0.06689409251325355,1.0104708472922326,-0.6930487845135059,1.0,0.0,0.0,0.0,0.0,1.0,1.0,0.0,0.0,1.0,1.0,0.0,0.0
0.8883376611789008,-0.5132172788753955,0.5472376618485004,0.7130862081590905,0.0,1.0,0.0,0.0,0.0,1.0,1.0,0.0,1.0,0.0,0.0,1.0,0.0
-1.119658860473226,1.710542978114426,-0.3399127285192018,0.010018711822792317,1.0,0.0,0.0,1.0,0.0,0.0,1.0,0.0,1.0,0.0,1.0,0.0,0.0
0.8214044437904965,-1.3350417216759816,1.3613726598223577,0.010018711822792317,1.0,0.0,0.0,1.0,0.0,0.0,1.0,0.0,1.0,0.0,0.0,1.0,0.0
1.4907366176745387,0.4052923924899655,-0.22009259741135406,-1.3961162808498042,0.0,0.0,1.0,1.0,0.0,0.0,0.0,1.0,1.0,0.0,1.0,0.0,0.0
1.6246030524513473,1.275459449572939,1.2969158482219307,0.010018711822792317,0.0,1.0,0.0,0.0,1.0,0.0,1.0,0.0,0.0,1.0,1.0,0.0,0.0
-1.119658860473226,-0.6099025074401704,0.14337963065910309,0.010018711822792317,1.0,0.0,0.0,0.0,1.0,0.0,1.0,0.0,0.0,1.0,0.0,1.0,0.0
1.223003748120922,-0.02979113605152129,-0.6533707500781246,0.010018711822792317,1.0,0.0,0.0,0.0,1.0,0.0,1.0,0.0,0.0,1.0,0.0,0.0,1.0
-0.45032668658918373,-1.721782635935081,0.47957138245054187,-0.6930487845135059,1.0,0.0,0.0,0.0,1.0,0.0,1.0,0.0,0.0,1.0,0.0,0.0,1.0
0.018205835129645846,-0.9966434216992697,-0.9243033233197534,0.7130862081590905,1.0,0.0,0.0,1.0,0.0,0.0,0.0,1.0,0.0,1.0,0.0,0.0,1.0
0.2859387046832627,-0.5615598931577829,1.0695785458967737,-0.6930487845135059,1.0,0.0,0.0,0.0,1.0,0.0,0.0,1.0,1.0,0.0,1.0,0.0,0.0
-0.18259381703556682,-0.36818943602823323,-0.7657021229917318,0.010018711822792317,1.0,0.0,0.0,1.0,0.0,0.0,0.0,1.0,1.0,0.0,1.0,0.0,0.0
-1.6551245995804598,0.9854037638786145,-0.2928405341554048,-0.6930487845135059,1.0,0.0,0.0,0.0,0.0,1.0,0.0,1.0,0.0,1.0,1.0,0.0,0.0
-0.048727382258758375,0.5019776210547403,0.04843287498212569,-1.3961162808498042,0.0,1.0,0.0,1.0,0.0,0.0,1.0,0.0,0.0,1.0,0.0,0.0,1.0
0.8214044437904965,-0.07813375033390871,-1.6600738159038801,0.7130862081590905,0.0,0.0,1.0,0.0,1.0,0.0,1.0,0.0,1.0,0.0,1.0,0.0,0.0
-1.5212581648036514,-0.5132172788753955,0.40976545785422885,0.010018711822792317,0.0,1.0,0.0,1.0,0.0,0.0,0.0,1.0,1.0,0.0,0.0,1.0,0.0
-0.7849927735312048,1.033746378161002,-1.423108110186128,-0.6930487845135059,0.0,0.0,1.0,0.0,1.0,0.0,1.0,0.0,1.0,0.0,0.0,0.0,1.0
-1.5212581648036514,0.1635793210780284,1.0872306187831977,0.010018711822792317,0.0,0.0,1.0,0.0,1.0,0.0,1.0,0.0,1.0,0.0,0.0,0.0,1.0
0.7544712264020923,-0.7549303502873326,0.19125419197228344,0.010018711822792317,1.0,0.0,0.0,0.0,1.0,0.0,1.0,0.0,1.0,0.0,0.0,0.0,1.0
-1.1865920778616301,0.7436906924666774,0.686582055391332,0.010018711822792317,0.0,0.0,1.0,1.0,0.0,0.0,1.0,0.0,1.0,0.0,0.0,1.0,0.0
1.4238034002861346,0.2602645496428032,0.6665228816567593,2.8222886971679855,0.0,1.0,0.0,0.0,0.0,1.0,0.0,1.0,0.0,1.0,1.0,0.0,0.0
-0.6511263387543964,-1.4800695645231439,1.666272100587863,1.4161537044953887,0.0,1.0,0.0,0.0,1.0,0.0,0.0,1.0,1.0,0.0,0.0,0.0,1.0
1.289936965509326,1.0820889924433894,-1.4482489412667923,0.7130862081590905,0.0,1.0,0.0,0.0,1.0,0.0,1.0,0.0,1.0,0.0,1.0,0.0,0.0
-0.6511263387543964,0.30860716392519066,0.07410861736237896,0.7130862081590905,0.0,1.0,0.0,0.0,1.0,0.0,1.0,0.0,1.0,0.0,0.0,0.0,1.0
0.7544712264020923,-1.6734400216526937,-0.9973187157135981,0.7130862081590905,1.0,0.0,0.0,1.0,0.0,0.0,1.0,0.0,1.0,0.0,0.0,0.0,1.0
-0.31646025181237525,1.4688299067024888,-0.015489025318712686,-1.3961162808498042,1.0,0.0,0.0,0.0,1.0,0.0,0.0,1.0,1.0,0.0,0.0,0.0,1.0
0.6206047916252838,1.5655151352672636,0.929431785404559,0.010018711822792317,1.0,0.0,0.0,0.0,1.0,0.0,0.0,1.0,1.0,0.0,0.0,0.0,1.0
-0.8519259909196091,1.710542978114426,1.1543619868815678,0.010018711822792317,1.0,0.0,0.0,0.0,0.0,1.0,1.0,0.0,0.0,1.0,1.0,0.0,0.0
1.6915362698397514,-0.9483008074168823,-1.1556524603918252,0.010018711822792317,0.0,1.0,0.0,1.0,0.0,0.0,0.0,1.0,1.0,0.0,0.0,1.0,0.0
-1.3204585126384387,0.11523670679564098,-0.4113233870142807,-0.6930487845135059,1.0,0.0,0.0,0.0,0.0,1.0,0.0,1.0,0.0,1.0,0.0,1.0,0.0
-0.18259381703556682,0.30860716392519066,1.3212543123532121,-1.3961162808498042,1.0,0.0,0.0,1.0,0.0,0.0,0.0,1.0,0.0,1.0,0.0,1.0,0.0
-0.5172599039775879,-0.36818943602823323,0.09791217019407193,-1.3961162808498042,1.0,0.0,0.0,0.0,0.0,1.0,0.0,1.0,0.0,1.0,0.0,1.0,0.0
-1.5212581648036514,-1.1900138788288195,1.6820519839257269,0.7130862081590905,0.0,1.0,0.0,0.0,1.0,0.0,1.0,0.0,0.0,1.0,1.0,0.0,0.0
0.5536715742368796,-0.5132172788753955,0.6341607480316489,-0.6930487845135059,1.0,0.0,0.0,1.0,0.0,0.0,0.0,1.0,1.0,0.0,0.0,1.0,0.0
-1.722057816968864,-1.2866991073935943,-0.8614512456180922,0.010018711822792317,1.0,0.0,0.0,0.0,1.0,0.0,1.0,0.0,0.0,1.0,0.0,1.0,0.0
-0.31646025181237525,0.1635793210780284,0.9075004221214262,0.010018711822792317,0.0,1.0,0.0,0.0,1.0,0.0,1.0,0.0,1.0,0.0,0.0,0.0,1.0
-1.454324947415247,-0.9483008074168823,1.3640472163203012,-0.6930487845135059,1.0,0.0,0.0,0.0,1.0,0.0,0.0,1.0,1.0,0.0,0.0,1.0,0.0
0.955270878567305,0.9854037638786145,-0.9226985894209875,0.7130862081590905,1.0,0.0,0.0,0.0,0.0,1.0,0.0,1.0,1.0,0.0,0.0,0.0,1.0
0.2859387046832627,0.7920333067490648,0.616776130795019,-0.6930487845135059,0.0,1.0,0.0,1.0,0.0,0.0,1.0,0.0,0.0,1.0,0.0,0.0,1.0
0.4198051394600712,0.4536350067723529,-0.71274590433246,-0.6930487845135059,1.0,0.0,0.0,0.0,0.0,1.0,1.0,0.0,1.0,0.0,0.0,1.0,0.0
1.1560705307325176,0.01855147823086613,-1.539718773496444,-0.6930487845135059,1.0,0.0,0.0,1.0,0.0,0.0,1.0,0.0,1.0,0.0,1.0,0.0,0.0
0.2859387046832627,-0.7065877360049452,0.5715761259797819,0.010018711822792317,1.0,0.0,0.0,0.0,1.0,0.0,0.0,1.0,1.0,0.0,1.0,0.0,0.0
-0.5841931213659922,-1.2383564931112068,1.67910997177799,0.7130862081590905,1.0,0.0,0.0,0.0,1.0,0.0,1.0,0.0,0.0,1.0,0.0,1.0,0.0
-0.18259381703556682,0.9854037638786145,1.1891312213548266,0.010018711822792317,0.0,1.0,0.0,0.0,0.0,1.0,1.0,0.0,1.0,0.0,0.0,1.0,0.0
-1.1865920778616301,-1.6734400216526937,-1.6614110941528517,0.7130862081590905,1.0,0.0,0.0,0.0,1.0,0.0,1.0,0.0,1.0,0.0,1.0,0.0,0.0
-0.45032668658918373,-0.7065877360049452,0.555796242641918,0.010018711822792317,0.0,1.0,0.0,1.0,0.0,0.0,1.0,0.0,0.0,1.0,1.0,0.0,0.0
0.21900548729485853,0.35694977820757806,-1.6873542921828992,-0.6930487845135059,1.0,0.0,0.0,0.0,1.0,0.0,1.0,0.0,1.0,0.0,1.0,0.0,0.0
-1.5212581648036514,0.01855147823086613,0.46352404346288345,0.7130862081590905,0.0,0.0,1.0,1.0,0.0,0.0,1.0,0.0,0.0,1.0,0.0,0.0,1.0
-0.8519259909196091,0.4052923924899655,-0.8125068617057348,0.7130862081590905,1.0,0.0,0.0,1.0,0.0,0.0,1.0,0.0,0.0,1.0,0.0,1.0,0.0
1.557669835062943,0.06689409251325355,1.3808969222573422,-1.3961162808498042,0.0,0.0,1.0,0.0,1.0,0.0,1.0,0.0,0.0,1.0,0.0,0.0,1.0
0.6206047916252838,-0.8999581931344949,0.6451264296732152,0.7130862081590905,1.0,0.0,0.0,0.0,1.0,0.0,0.0,1.0,0.0,1.0,0.0,1.0,0.0
-0.7849927735312048,-0.9966434216992697,0.344506279304419,0.010018711822792317,1.0,0.0,0.0,1.0,0.0,0.0,1.0,0.0,1.0,0.0,1.0,0.0,0.0
1.557669835062943,1.033746378161002,-1.5111010189684537,0.010018711822792317,1.0,0.0,0.0,0.0,1.0,0.0,1.0,0.0,0.0,1.0,0.0,0.0,1.0
0.08513905251805007,-0.8516155788521075,-1.6590039933047032,1.4161537044953887,1.0,0.0,0.0,1.0,0.0,0.0,1.0,0.0,0.0,1.0,0.0,0.0,1.0
0.4198051394600712,-0.9483008074168823,-0.321458288683395,-0.6930487845135059,0.0,0.0,1.0,1.0,0.0,0.0,1.0,0.0,1.0,0.0,0.0,1.0,0.0
-0.8519259909196091,1.033746378161002,-0.1826488064401519,0.7130862081590905,0.0,0.0,1.0,0.0,1.0,0.0,0.0,1.0,0.0,1.0,0.0,0.0,1.0
1.289936965509326,-1.5767547930879187,0.8652424294539265,-0.6930487845135059,1.0,0.0,0.0,0.0,0.0,1.0,1.0,0.0,0.0,1.0,1.0,0.0,0.0
-0.1156605996471626,0.8887185353138397,0.9411998339955082,1.4161537044953887,1.0,0.0,0.0,0.0,1.0,0.0,1.0,0.0,0.0,1.0,0.0,1.0,0.0
-1.5881913821920555,-1.6250974073703062,-0.11444761574260479,-0.6930487845135059,0.0,0.0,1.0,0.0,1.0,0.0,1.0,0.0,0.0,1.0,0.0,1.0,0.0
-1.5881913821920555,1.4204872924201013,1.0136803150897644,2.119221200831687,1.0,0.0,0.0,0.0,0.0,1.0,1.0,0.0,1.0,0.0,0.0,0.0,1.0
0.21900548729485853,0.11523670679564098,0.9882720283593056,-0.6930487845135059,0.0,1.0,0.0,0.0,0.0,1.0,0.0,1.0,1.0,0.0,0.0,0.0,1.0
-0.18259381703556682,-1.5767547930879187,0.5421560045024088,1.4161537044953887,0.0,0.0,1.0,0.0,1.0,0.0,0.0,1.0,0.0,1.0,0.0,0.0,1.0
1.1560705307325176,-1.3350417216759816,-0.15777543100928157,-0.6930487845135059,1.0,0.0,0.0,0.0,1.0,0.0,1.0,0.0,1.0,0.0,0.0,1.0,0.0
-0.45032668658918373,-0.7549303502873326,0.9561773503839892,-0.6930487845135059,1.0,0.0,0.0,0.0,0.0,1.0,1.0,0.0,1.0,0.0,0.0,0.0,1.0
0.35287192207166695,0.35694977820757806,1.334894550492722,-1.3961162808498042,0.0,0.0,1.0,1.0,0.0,0.0,1.0,0.0,1.0,0.0,0.0,1.0,0.0
0.018205835129645846,1.6622003638320384,1.4132590558824532,-0.6930487845135059,0.0,1.0,0.0,0.0,1.0,0.0,1.0,0.0,0.0,1.0,0.0,1.0,0.0
0.35287192207166695,1.4204872924201013,1.6569111528450624,-0.6930487845135059,0.0,1.0,0.0,0.0,1.0,0.0,1.0,0.0,0.0,1.0,0.0,1.0,0.0
1.223003748120922,-0.9483008074168823,-1.2885779183395936,0.7130862081590905,0.0,0.0,1.0,0.0,1.0,0.0,0.0,1.0,1.0,0.0,0.0,1.0,0.0
-0.8519259909196091,0.6470054639019026,-1.1949684409115877,-1.3961162808498042,0.0,0.0,1.0,0.0,1.0,0.0,1.0,0.0,0.0,1.0,0.0,1.0,0.0
1.1560705307325176,0.7436906924666774,0.553924053093358,1.4161537044953887,1.0,0.0,0.0,0.0,0.0,1.0,1.0,0.0,0.0,1.0,0.0,1.0,0.0
0.4198051394600712,-0.22316159318107098,-0.3746819629924611,0.010018711822792317,1.0,0.0,0.0,0.0,0.0,1.0,1.0,0.0,1.0,0.0,0.0,0.0,1.0
0.4198051394600712,-0.4165320503106206,0.6670577929563478,0.010018711822792317,1.0,0.0,0.0,1.0,0.0,0.0,1.0,0.0,0.0,1.0,0.0,0.0,1.0
0.6875380090136881,-1.2383564931112068,1.4739714883857593,0.010018711822792317,1.0,0.0,0.0,0.0,0.0,1.0,1.0,0.0,1.0,0.0,1.0,0.0,0.0
1.6246030524513473,0.7920333067490648,-0.3070156835945025,-1.3961162808498042,1.0,0.0,0.0,0.0,1.0,0.0,1.0,0.0,1.0,0.0,1.0,0.0,0.0
-1.6551245995804598,1.6138577495496509,1.6202697288232428,-0.6930487845135059,1.0,0.0,0.0,0.0,1.0,0.0,0.0,1.0,1.0,0.0,0.0,1.0,0.0
-1.2535252952500344,-1.6734400216526937,-0.5568192605023813,0.010018711822792317,0.0,1.0,0.0,0.0,1.0,0.0,1.0,0.0,1.0,0.0,1.0,0.0,0.0
0.6875380090136881,-1.0449860359816572,-1.0489376561238986,1.4161537044953887,0.0,1.0,0.0,0.0,1.0,0.0,1.0,0.0,0.0,1.0,0.0,0.0,1.0
-1.3873917300268428,0.01855147823086613,0.6066128161028357,0.010018711822792317,1.0,0.0,0.0,1.0,0.0,0.0,0.0,1.0,0.0,1.0,0.0,1.0,0.0
0.955270878567305,-1.0933286502640445,0.7004897491806357,0.7130862081590905,1.0,0.0,0.0,0.0,1.0,0.0,1.0,0.0,1.0,0.0,0.0,1.0,0.0
0.4198051394600712,-0.4165320503106206,0.7248282133119175,-0.6930487845135059,1.0,0.0,0.0,1.0,0.0,0.0,1.0,0.0,1.0,0.0,0.0,1.0,0.0
1.6246030524513473,0.1635793210780284,1.026785641929685,2.119221200831687,1.0,0.0,0.0,0.0,1.0,0.0,0.0,1.0,0.0,1.0,0.0,0.0,1.0
0.21900548729485853,0.06689409251325355,0.8336826627781986,-0.6930487845135059,1.0,0.0,0.0,0.0,1.0,0.0,0.0,1.0,1.0,0.0,1.0,0.0,0.0
-0.45032668658918373,1.2271168352905517,-1.323347152812853,-0.6930487845135059,1.0,0.0,0.0,0.0,1.0,0.0,0.0,1.0,0.0,1.0,0.0,1.0,0.0
0.35287192207166695,1.0820889924433894,-0.48968789240401156,0.7130862081590905,1.0,0.0,0.0,0.0,1.0,0.0,0.0,1.0,1.0,0.0,0.0,1.0,0.0
0.21900548729485853,-0.9483008074168823,-0.1601825318574304,0.010018711822792317,0.0,1.0,0.0,1.0,0.0,0.0,1.0,0.0,0.0,1.0,0.0,1.0,0.0
-0.7180595561428006,-1.5767547930879187,-1.663283283701412,0.010018711822792317,1.0,0.0,0.0,0.0,0.0,1.0,1.0,0.0,0.0,1.0,0.0,1.0,0.0
-1.5212581648036514,-0.17481897889868356,0.1428447193595146,0.7130862081590905,1.0,0.0,0.0,0.0,0.0,1.0,0.0,1.0,1.0,0.0,0.0,1.0,0.0
-0.9857924256964175,1.033746378161002,0.9018838534757457,-1.3961162808498042,0.0,1.0,0.0,0.0,1.0,0.0,1.0,0.0,1.0,0.0,0.0,1.0,0.0
-1.119658860473226,0.11523670679564098,1.5830933935018352,-0.6930487845135059,1.0,0.0,0.0,0.0,1.0,0.0,0.0,1.0,0.0,1.0,0.0,1.0,0.0
-0.5172599039775879,1.4688299067024888,0.040141749838502244,0.010018711822792317,1.0,0.0,0.0,1.0,0.0,0.0,1.0,0.0,0.0,1.0,0.0,0.0,1.0
-0.5172599039775879,-0.17481897889868356,-0.9007672261378546,0.010018711822792317,1.0,0.0,0.0,0.0,1.0,0.0,0.0,1.0,0.0,1.0,0.0,0.0,1.0
-0.3833934692007795,1.0820889924433894,-1.3615933107334384,0.010018711822792317,1.0,0.0,0.0,1.0,0.0,0.0,1.0,0.0,0.0,1.0,0.0,0.0,1.0
1.289936965509326,-1.141671264546432,-1.3725589923750048,0.010018711822792317,0.0,1.0,0.0,0.0,1.0,0.0,1.0,0.0,1.0,0.0,0.0,1.0,0.0
-1.6551245995804598,-0.7065877360049452,0.8925229057329452,2.119221200831687,1.0,0.0,0.0,0.0,0.0,1.0,0.0,1.0,0.0,1.0,0.0,0.0,1.0
1.557669835062943,-0.2715042074634584,-1.0334252284358287,-0.6930487845135059,1.0,0.0,0.0,0.0,0.0,1.0,1.0,0.0,0.0,1.0,0.0,1.0,0.0
-0.45032668658918373,0.7920333067490648,-0.5576216274517642,-0.6930487845135059,0.0,0.0,1.0,0.0,0.0,1.0,0.0,1.0,1.0,0.0,0.0,0.0,1.0
-1.722057816968864,-0.17481897889868356,0.2803169233537862,-0.6930487845135059,0.0,0.0,1.0,0.0,1.0,0.0,1.0,0.0,1.0,0.0,0.0,1.0,0.0
-0.8519259909196091,0.5986628496195152,0.6074151830522186,-0.6930487845135059,0.0,1.0,0.0,1.0,0.0,0.0,0.0,1.0,0.0,1.0,1.0,0.0,0.0
0.2859387046832627,-0.8999581931344949,1.5911170629956637,2.119221200831687,1.0,0.0,0.0,1.0,0.0,0.0,1.0,0.0,1.0,0.0,0.0,1.0,0.0
1.6915362698397514,-1.141671264546432,1.4175383462791618,1.4161537044953887,1.0,0.0,0.0,0.0,1.0,0.0,1.0,0.0,1.0,0.0,0.0,0.0,1.0
0.15207226990645428,0.8887185353138397,1.4803904239808228,0.010018711822792317,0.0,1.0,0.0,0.0,1.0,0.0,0.0,1.0,0.0,1.0,0.0,0.0,1.0
-0.24952703442397103,-0.7549303502873326,-0.4733730977665591,-1.3961162808498042,0.0,0.0,1.0,0.0,1.0,0.0,1.0,0.0,0.0,1.0,1.0,0.0,0.0
-0.9188592083080133,0.1635793210780284,-1.271193301102964,0.010018711822792317,0.0,0.0,1.0,0.0,1.0,0.0,1.0,0.0,0.0,1.0,0.0,0.0,1.0
1.6915362698397514,-1.2383564931112068,0.5672968355830732,0.7130862081590905,0.0,1.0,0.0,1.0,0.0,0.0,1.0,0.0,1.0,0.0,1.0,0.0,0.0
-0.3833934692007795,-0.9483008074168823,-0.8892666331966996,0.7130862081590905,0.0,1.0,0.0,0.0,1.0,0.0,1.0,0.0,1.0,0.0,1.0,0.0,0.0
0.15207226990645428,1.1304316067257767,1.2102602176885773,-1.3961162808498042,1.0,0.0,0.0,0.0,1.0,0.0,1.0,0.0,1.0,0.0,0.0,0.0,1.0
1.0891373133441133,0.1635793210780284,1.4819951578795887,0.010018711822792317,1.0,0.0,0.0,0.0,1.0,0.0,1.0,0.0,1.0,0.0,0.0,1.0,0.0
-0.9857924256964175,0.11523670679564098,1.368861418016598,-1.3961162808498042,0.0,1.0,0.0,0.0,1.0,0.0,1.0,0.0,1.0,0.0,0.0,1.0,0.0
0.018205835129645846,0.8887185353138397,0.601798614406538,3.5253561935042836,0.0,0.0,1.0,0.0,1.0,0.0,0.0,1.0,1.0,0.0,0.0,0.0,1.0
-1.454324947415247,1.5655151352672636,0.08266719815579647,-1.3961162808498042,0.0,0.0,1.0,1.0,0.0,0.0,1.0,0.0,0.0,1.0,0.0,1.0,0.0
-1.2535252952500344,0.4536350067723529,-1.6453637551651936,0.7130862081590905,0.0,1.0,0.0,1.0,0.0,0.0,0.0,1.0,0.0,1.0,0.0,0.0,1.0
0.21900548729485853,-1.5767547930879187,0.4603145756653521,-0.6930487845135059,1.0,0.0,0.0,0.0,1.0,0.0,1.0,0.0,1.0,0.0,0.0,0.0,1.0
1.4907366176745387,1.1787742210081642,-0.4313825607488534,0.7130862081590905,0.0,0.0,1.0,0.0,1.0,0.0,0.0,1.0,1.0,0.0,0.0,1.0,0.0
-0.3833934692007795,1.517172520984876,-0.7087340695855453,-1.3961162808498042,1.0,0.0,0.0,0.0,1.0,0.0,1.0,0.0,1.0,0.0,0.0,0.0,1.0
-0.3833934692007795,1.033746378161002,-1.3656051454803528,-0.6930487845135059,0.0,0.0,1.0,1.0,0.0,0.0,0.0,1.0,1.0,0.0,0.0,1.0,0.0
-0.5172599039775879,0.6470054639019026,0.20596425271097002,0.010018711822792317,1.0,0.0,0.0,1.0,0.0,0.0,0.0,1.0,0.0,1.0,0.0,0.0,1.0
1.3568701828977303,-1.4800695645231439,-0.6322417537443747,0.010018711822792317,1.0,0.0,0.0,1.0,0.0,0.0,1.0,0.0,1.0,0.0,0.0,0.0,1.0
0.8883376611789008,-0.9483008074168823,0.10031927104222037,0.010018711822792317,1.0,0.0,0.0,1.0,0.0,0.0,0.0,1.0,0.0,1.0,0.0,1.0,0.0
-1.5881913821920555,-0.5615598931577829,0.5860187310686744,0.010018711822792317,0.0,1.0,0.0,0.0,1.0,0.0,0.0,1.0,1.0,0.0,0.0,0.0,1.0
-0.9857924256964175,0.8403759210314523,1.3038696951165831,-0.6930487845135059,1.0,0.0,0.0,0.0,1.0,0.0,1.0,0.0,1.0,0.0,0.0,1.0,0.0
1.1560705307325176,1.033746378161002,-0.8750914837576017,-1.3961162808498042,1.0,0.0,0.0,1.0,0.0,0.0,0.0,1.0,1.0,0.0,1.0,0.0,0.0
0.6875380090136881,0.30860716392519066,0.7716329520259205,0.010018711822792317,1.0,0.0,0.0,1.0,0.0,0.0,1.0,0.0,1.0,0.0,0.0,0.0,1.0
-0.31646025181237525,-1.0933286502640445,0.9125820794675179,1.4161537044953887,0.0,1.0,0.0,0.0,1.0,0.0,1.0,0.0,1.0,0.0,1.0,0.0,0.0
-1.6551245995804598,0.6470054639019026,-1.6547247029079943,0.010018711822792317,1.0,0.0,0.0,0.0,0.0,1.0,0.0,1.0,1.0,0.0,1.0,0.0,0.0
0.15207226990645428,0.4052923924899655,1.6002105550886703,-1.3961162808498042,0.0,0.0,1.0,0.0,1.0,0.0,1.0,0.0,1.0,0.0,1.0,0.0,0.0
-0.18259381703556682,0.5986628496195152,1.0396235131198117,-0.6930487845135059,1.0,0.0,0.0,0.0,1.0,0.0,1.0,0.0,1.0,0.0,0.0,1.0,0.0
0.35287192207166695,0.5986628496195152,-1.20566666690336,0.7130862081590905,1.0,0.0,0.0,0.0,1.0,0.0,0.0,1.0,0.0,1.0,0.0,0.0,1.0
